https://www.utusan.com.my/akaun/	AKAUN:1 UTUSAN:5 MASUK:3 LANGGAN:3 TERKINI:4 NASIONAL:4 JENAYAH:4 KOMUNITI:4 MAHKAMAH:4 POLITIK:4 TRAGEDI:4 EKONOMI:4 HARTANAH:4 KEWANGAN:4 PRODUK:4 RINGGIT:4 LUAR:4 NEGARA:4 BARAT:4 TENGGARA:4 GAYA:4 AGAMA:4 FESYEN:4 GAJET:4 HIBURAN:4 KELUARGA:4 WANITA:4 KESIHATAN:4 PENDIDIKAN:4 SUKAN:12 BOLA:4 SEPAK:8 BADMINTON:4 LUMBA:12 BASIKAL:4 KERETA:4 TAKRAW:4 SEMUA:4 RENCANA:4 SURAT:4 PEMBACA:4 PILIHAN:4 PANCAINDERA:4 SERI:4 TERMA:1 DAN:1 POLISI:1 SENARAI:1 KEDAI:1 AKHBAR:1 KAMI:1 HAK:1 CIPTA:1 MULIA:1
https://www.utusan.com.my/langgan/	LANGGAN:12 UTUSAN:5 MASUK:3 TERKINI:5 NASIONAL:5 JENAYAH:4 KOMUNITI:4 MAHKAMAH:4 POLITIK:4 TRAGEDI:4 EKONOMI:5 HARTANAH:4 KEWANGAN:4 PRODUK:5 RINGGIT:4 LUAR:5 NEGARA:5 BARAT:4 TENGGARA:4 GAYA:4 AGAMA:4 FESYEN:5 GAJET:4 HIBURAN:6 KELUARGA:5 WANITA:5 KESIHATAN:4 PENDIDIKAN:5 SUKAN:13 BOLA:4 SEPAK:8 BADMINTON:4 LUMBA:12 BASIKAL:4 KERETA:4 TAKRAW:4 SEMUA:4 RENCANA:5 SURAT:4 PEMBACA:4 PILIHAN:4 PANCAINDERA:4 SERI:4 BULAN:6 DAHULU:2 HANYA:3 LEBIH:2 SETIAP:2 HARI:2 ARTIKEL:2 ARKIB:2 PERCUMA:4 INI:2 AKAN:2 TAMAT:2 SEHINGGA:2 TAHUN:2 SEN:1 HARGA:4 BIASA:1 TIADA:1 DISKAUN:4 PENUH:4 KANDUNGAN:6 ASAL:3 BERITA:3 YANG:2 KEPERLUAN:2 ANDA:2 UNTUK:1 PERTAMA:1 BARU:1 SAHAJA:1 DAFTAR:1 DARIPADA:1 ANALISIS:1 KEPADA:1 PERTANIAN:1 TEKNOLOGI:1 AUTOMOTIF:1 DAN:2 BANYAK:1 LAGI:2 TERMA:1 POLISI:1 SENARAI:1 KEDAI:1 AKHBAR:1 KAMI:1 HAK:1 CIPTA:1 MULIA:2 SATU:1
https://www.utusan.com.my/	UTUSAN:6 MASUK:3 LANGGAN:4 TERKINI:5 NASIONAL:5 JENAYAH:4 KOMUNITI:4 MAHKAMAH:4 POLITIK:6 TRAGEDI:4 EKONOMI:5 HARTANAH:4 KEWANGAN:4 PRODUK:4 RINGGIT:5 LUAR:5 NEGARA:8 BARAT:4 TENGGARA:4 GAYA:6 AGAMA:4 FESYEN:5 GAJET:5 HIBURAN:5 KELUARGA:4 WANITA:8 KESIHATAN:6 PENDIDIKAN:4 SUKAN:13 BOLA:4 SEPAK:8 BADMINTON:4 LUMBA:14 BASIKAL:4 KERETA:4 TAKRAW:4 SEMUA:4 RENCANA:5 SURAT:5 PEMBACA:5 PILIHAN:6 PANCAINDERA:4 SERI:4 BERITA:7 UTAMA:2 BATAL:2 KAMI:3 ADA:3 KEKAL:3 LETAK:1 JAWATAN:1 SEMULA:1 BENDERA:1 TIDAK:4 PARTI:1 LAIN:3 KRISIS:3 SEMBILAN:4 INI:3 LANGKAH:1 BIADAB:1 TAK:2 FAHAM:2 PUNCA:2 SELATAN:3 TAWAR:2 KERJASAMA:3 DENGAN:3 PEMANDU:2 LORI:4 BUANG:2 SISA:2 KIMIA:2 BERI:2 AMARAN:2 KEPADA:4 JANGAN:4 SENTUH:2 ISU:2 HAK:3 ASASI:2 POLIS:2 KESAN:2 MOTOSIKAL:2 LANGGAR:2 DUA:2 MURID:2 PEREMPUAN:2 SOSIAL:4 WAKTU:2 SOLAT:2 KUALA:1 LUMPUR:1 SUBUH:1 ZUHUR:1 MAGHRIB:1 ISYAK:1 HARI:3 MUKA:1 HADAPAN:1 BAKAL:1 RUMAH:4 MENGHADAP:1 TUANKU:1 KELAS:1 PINTAR:1 UBAH:2 PENGALAMAN:1 MASA:2 DEPAN:1 PELAJAR:2 KANAK:2 KEPIMPINAN:1 KEKUATAN:1 KEADAAN:1 BENGKEL:1 JAWI:2 KAMPUS:2 ANGKAT:1 MARTABAT:1 INOVASI:1 KUMPULAN:1 JOHAN:1 KONVENSYEN:1 UNIVERSITI:1 AWAM:2 FASIH:1 BAHASA:1 BIMBANG:1 JEREBU:3 ALAM:1 BACA:16 LAGI:19 TAMBAH:2 BAIK:1 SISTEM:1 POTONG:1 GAJI:3 SUAMI:2 SWASTA:1 BAYAR:1 NAFKAH:2 DARIPADA:1 SEDIA:1 SIAPA:1 PANTAU:1 TASIK:1 BERA:1 TAPAK:1 KETUANAN:1 BUKAN:3 RASIS:1 PENUH:1 DISKRIMINASI:1 MINDA:1 MENTAL:1 PEKERJA:3 MANA:2 AMBIL:1 PEDULI:1 KENA:1 ITU:1 SAHAJA:1 KOS:1 TERUS:1 ANTARA:1 KUASA:1 DAN:8 RAKYAT:2 APA:1 MAKNA:1 AKAN:1 DALAM:3 BELANJAWAN:1 MAHU:3 LEBIH:2 ADIL:1 ORANG:3 NEGERI:4 CARI:1 MULIA:4 AKHBAR:2 KEDAI:3 ANDA:1 SETIAP:1 PAGI:1 SEJAK:1 BILA:1 MEREKA:1 MANDAT:1 KEDUDUKAN:1 RAJA:3 MUFTI:1 TERKEJUT:1 JUMPA:1 BOM:1 LAMA:1 PEGUAM:1 ADAT:1 MOHON:1 MAJLIS:1 TELITI:1 KERAJAAN:1 PUSAT:1 BOLEH:1 CAMPUR:1 TERIMA:1 JUTA:3 LAPOR:1 TOLAK:1 RASUAH:1 BAGAIMANA:1 CARA:1 VIDEO:1 UNTUNG:1 SEBELUM:1 CUKAI:1 HASIL:1 TEMPOH:2 TIGA:1 TAHUN:2 PALING:1 CADANG:1 BELI:1 TANAH:1 MINGGU:1 MANFAAT:1 SEKTOR:1 PELANCONGAN:1 SEKATA:1 SUKU:1 KEDUA:1 RENDAH:1 DARI:1 JENAMA:2 KENTANG:1 GORENG:1 HAKIM:1 SEKAT:1 WARGA:1 EJEN:1 EMAS:1 TUMBANG:1 TERUSKAN:1 KETIGA:1 MISI:1 BURU:1 MATA:1 PEMBEDAHAN:2 TETAPI:2 SAYA:2 EDIT:2 SENDIRI:2 WAJAH:3 TUBUH:2 PEMINAT:4 PERJALANAN:2 SENI:2 SAJIKAN:2 PERSEMBAHAN:2 BUAT:2 DUNIA:3 GALERI:1 AGUNG:1 PERGERAKAN:1 SAYAP:1 PUTERI:1 GAMBAR:2 TERBAIK:2 SUKMA:2 AKSI:1 BAGI:1 LIMA:1 RAYA:1 SEMAKIN:2 RAMAI:2 GUNA:2 SECARA:2 SEMPADAN:2 KECIL:2 SEDERHANA:2 MENGAPA:2 SERING:2 SEJARAH:1 LOMBONG:1 BATU:1 GAJAH:1 HIDUP:2 CUBA:1 KEKAYAAN:1 YANG:2 PERTUAN:1 RASMI:1 TETAP:1 JATUH:1 GANTUNG:1 BAYI:1 MAUT:1 KETIKA:1 PESAKIT:1 JIWA:1 LANCAR:2 BARISAN:2 SUARA:2 SERBA:1 BAHARU:2 TELEVISYEN:1 PERTAMA:1 CANTIK:1 PERLU:1 ALASAN:1 RAI:1 SISI:1 BERBEZA:1 LANGIT:1 KOTA:1 JADI:1 ILHAM:1 MEWAH:1 MODEN:1 HIJAU:1 BAWA:1 JATI:1 KLASIK:1 TERMA:1 POLISI:1 SENARAI:1 CIPTA:1
https://www.utusan.com.my/terkini/	TERKINI:6 UTUSAN:5 MASUK:3 LANGGAN:4 NASIONAL:4 JENAYAH:4 KOMUNITI:4 MAHKAMAH:4 POLITIK:5 TRAGEDI:4 EKONOMI:4 HARTANAH:4 KEWANGAN:4 PRODUK:4 RINGGIT:4 LUAR:5 NEGARA:4 BARAT:4 TENGGARA:4 GAYA:4 AGAMA:4 FESYEN:4 GAJET:4 HIBURAN:4 KELUARGA:4 WANITA:6 KESIHATAN:4 PENDIDIKAN:5 SUKAN:12 BOLA:4 SEPAK:8 BADMINTON:4 LUMBA:12 BASIKAL:4 KERETA:4 TAKRAW:4 SEMUA:4 RENCANA:4 SURAT:4 PEMBACA:4 PILIHAN:4 PANCAINDERA:4 SERI:4 FAHAM:1 PUNCA:1 SELATAN:1 TAWAR:1 KERJASAMA:2 DENGAN:1 PEMANDU:1 LORI:2 BUANG:1 SISA:1 KIMIA:1 BERI:2 AMARAN:1 KEPADA:3 JANGAN:2 SENTUH:1 ISU:1 HAK:2 ASASI:1 POLIS:1 KESAN:1 MOTOSIKAL:1 LANGGAR:1 DUA:1 MURID:2 PEREMPUAN:1 SOSIAL:1 MATI:1 DARAH:1 BATAL:1 KAMI:2 ADA:2 BEROPERASI:1 PELABURAN:1 AKAN:2 DALAM:1 MASA:1 TAHUN:1 EMPAT:1 MAUT:1 SELEPAS:2 JAM:1 NYAWA:1 MULIA:3 AKHBAR:2 KEDAI:3 ANDA:1 SETIAP:1 PAGI:1 SEJAK:1 BILA:1 MEREKA:1 MANDAT:1 KEDUDUKAN:1 RAJA:3 MUFTI:1 PEKERJA:1 TERKEJUT:1 JUMPA:1 BOM:1 LAMA:1 PEGUAM:1 ADAT:1 MOHON:1 MAJLIS:1 TELITI:1 KRISIS:2 NEGERI:2 SEMBILAN:1 KERAJAAN:2 PUSAT:1 TAK:1 BOLEH:1 CAMPUR:1 AWAM:1 TERIMA:1 JUTA:2 LAPOR:1 TOLAK:1 RASUAH:1 JEREBU:1 MANA:1 RAKYAT:2 BAGAIMANA:1 CARA:1 LAGI:1 VIDEO:1 HAKIM:1 SEKAT:1 WARGA:2 EJEN:1 EMAS:1 TUMBANG:1 BACAAN:1 KALI:1 PERTAMA:1 AKTA:1 SATU:1 TINGGI:1 SESI:1 DEWAN:1 DATANG:1 MENTERI:1 KETIKA:1 TIGA:1 PELAJAR:1 LELAKI:2 ASING:1 KES:1 BUNUH:1 UNTUNG:1 SEBELUM:1 CUKAI:1 PERSEKUTUAN:1 PERLU:1 PERUNTUKAN:1 PEMBANGUNAN:1 BELANJAWAN:1 IKUT:1 NISBAH:1 KEKAL:1 LETAK:1 JAWATAN:1 SEMULA:1 BENDERA:1 TIDAK:1 PARTI:1 LAIN:1 SEKTOR:1 PELANCONGAN:1 WARISAN:1 BANDAR:1 RAYA:1 BAHRU:1 MASIH:2 SEPERTI:1 BIASA:1 TERUSKAN:1 KETIGA:1 BUKAN:1 PEMBEDAHAN:1 TETAPI:1 SAYA:1 EDIT:1 SENDIRI:1 WAJAH:1 DAN:2 TUBUH:1 SUNYI:1 MESKIPUN:1 MEMASUKI:1 HARI:1 KEENAM:1 GANTUNG:1 DIRI:1 IBU:1 ENGGAN:1 DUIT:1 BELI:1 GANJA:1 TERMA:1 POLISI:1 SENARAI:1 CIPTA:1
https://www.utusan.com.my/nasional/	NASIONAL:11 UTUSAN:5 MASUK:3 LANGGAN:4 TERKINI:4 JENAYAH:5 KOMUNITI:6 MAHKAMAH:6 POLITIK:9 TRAGEDI:5 EKONOMI:7 HARTANAH:6 KEWANGAN:4 PRODUK:4 RINGGIT:4 LUAR:4 NEGARA:4 BARAT:4 TENGGARA:4 GAYA:4 AGAMA:4 FESYEN:4 GAJET:4 HIBURAN:4 KELUARGA:4 WANITA:11 KESIHATAN:4 PENDIDIKAN:7 SUKAN:12 BOLA:4 SEPAK:8 BADMINTON:4 LUMBA:12 BASIKAL:4 KERETA:4 TAKRAW:4 SEMUA:5 RENCANA:4 SURAT:4 PEMBACA:4 PILIHAN:5 PANCAINDERA:4 SERI:4 FAHAM:3 PUNCA:4 PEMANDU:3 LORI:3 BUANG:3 SISA:3 KIMIA:3 POLIS:5 KESAN:4 MOTOSIKAL:3 LANGGAR:3 DUA:4 MURID:4 PEREMPUAN:4 MATI:3 DARAH:3 BATAL:3 KAMI:4 ADA:6 BERITA:13 BEROPERASI:3 PELABURAN:5 KERJASAMA:5 AKAN:6 DALAM:4 MASA:3 BACAAN:3 KALI:3 PERTAMA:3 AKTA:3 SATU:3 TINGGI:3 SESI:3 DEWAN:3 RAKYAT:5 DATANG:3 TIGA:6 PELAJAR:4 LELAKI:5 WARGA:3 ASING:3 KES:4 BUNUH:3 UNTUNG:3 SEBELUM:4 CUKAI:3 KEPADA:3 JUTA:11 MULIA:3 AKHBAR:2 KEDAI:3 ANDA:1 SETIAP:2 PAGI:1 SEJAK:1 BILA:1 MEREKA:1 MANDAT:1 KEDUDUKAN:1 RAJA:7 JANGAN:1 MUFTI:1 PEKERJA:2 TERKEJUT:2 JUMPA:3 BOM:2 LAMA:2 PEGUAM:1 ADAT:1 MOHON:1 MAJLIS:2 TELITI:2 KRISIS:4 NEGERI:5 SEMBILAN:5 KERAJAAN:2 PUSAT:1 TAK:2 BOLEH:2 CAMPUR:1 AWAM:2 TERIMA:1 LAPOR:2 TOLAK:1 RASUAH:1 JEREBU:2 MANA:1 BAGAIMANA:1 CARA:1 LAGI:4 VIDEO:1 BELANJAWAN:2 MAHU:3 LEBIH:2 ADIL:1 ORANG:2 CARI:1 BETUL:2 BERHENTI:1 ATAU:1 MAIN:1 PAS:1 GERAK:1 BERI:1 PIHAK:1 LAWAN:1 ARTIKEL:1 PERCUMA:1 TERUS:1 DENGAN:1 KEKAL:3 RELEVAN:1 SELEPAS:1 TAHUN:2 MANFAAT:1 RUANG:1 BUMBUNG:1 TANAM:1 NANAS:1 PESTA:1 AIR:1 NAMA:1 MATA:1 DUNIA:1 RUMAH:1 ASAL:1 HARI:4 KEBANGSAAN:1 DANA:1 RAWATAN:1 KELUAR:1 KEPOMPONG:1 MISKIN:1 MAMPU:1 BAYAR:1 ZAKAT:1 NELAYAN:1 PEMANCING:2 BERSAMA:1 MAYAT:1 ASLI:1 MAUT:1 HARIMAU:1 BELANG:1 KEBAKARAN:1 ASAP:1 JADI:1 KEMATIAN:1 SEKELUARGA:1 OPERASI:1 SEMALAM:1 MANGSA:1 SELAGI:2 TIDAK:5 ITU:1 MASIH:3 JENAZAH:1 UJIAN:1 IDENTITI:1 BEKAS:2 GURU:1 TENDANG:1 MUKA:1 GAGAL:3 HADIR:1 PENGERUSI:1 TANGKAP:1 GUNA:1 PALSU:1 BELI:2 PEGAWAI:1 BANK:2 MENGAKU:1 SALAH:1 SEBAHAGIAN:1 BESAR:1 ASET:1 AKAUN:1 TIADA:1 KEGIATAN:1 ROKOK:1 ARAK:1 CUBAAN:1 BUNGA:1 GANJA:1 SUDUT:1 PANDANG:1 PENCURI:1 KABEL:1 LAIN:4 GALERI:1 AGUNG:1 PERGERAKAN:1 SAYAP:1 DAN:2 PUTERI:1 GAMBAR:2 TERBAIK:2 SUKMA:2 AKSI:1 BAGI:1 TEMPOH:3 LIMA:1 RAYA:2 PERSEKUTUAN:1 PERLU:2 PERUNTUKAN:1 PEMBANGUNAN:1 IKUT:1 NISBAH:1 LETAK:1 JAWATAN:2 SEMULA:1 BENDERA:1 PARTI:1 SEKTOR:2 PELANCONGAN:1 WARISAN:1 BANDAR:1 BAHRU:1 SUNYI:1 MESKIPUN:1 MEMASUKI:1 KEENAM:1 BUAT:1 KEPUTUSAN:2 BELUM:1 HASIL:1 INI:1 LANGKAH:1 BIADAB:1 PALING:1 PELIHARA:1 BAWA:1 PISAU:1 SEKOLAH:1 TIKAM:1 INDIVIDU:1 DAKWA:1 RUGI:1 TIPU:1 DESAK:1 SIASAT:1 SYARIKAT:2 DIKAIT:1 PENGARAH:1 SAMA:1 CADANG:1 TANAH:2 PACU:1 TEROKA:1 KENAL:1 PASTI:1 KEPERLUAN:1 BAKAT:1 APA:1 ERTI:1 KERAKYATAN:1 JIKA:1 CAKAP:1 RUNTUH:1 BERGANTUNG:1 PENILAIAN:1 KESELAMATAN:1 DOMESTIK:1 PADA:1 SUKU:1 KEDUA:1 NAIB:1 CANSELOR:1 BARANG:1 KEMAS:1 BERHAK:1 TERMA:1 POLISI:1 SENARAI:1 HAK:1 CIPTA:1
https://www.utusan.com.my/category/nasional/jenayah/	JENAYAH:13 UTUSAN:5 MASUK:3 LANGGAN:3 TERKINI:4 NASIONAL:4 KOMUNITI:4 MAHKAMAH:4 POLITIK:4 TRAGEDI:4 EKONOMI:4 HARTANAH:4 KEWANGAN:4 PRODUK:4 RINGGIT:4 LUAR:4 NEGARA:4 BARAT:4 TENGGARA:4 GAYA:4 AGAMA:4 FESYEN:4 GAJET:4 HIBURAN:4 KELUARGA:5 WANITA:6 KESIHATAN:4 PENDIDIKAN:4 SUKAN:12 BOLA:4 SEPAK:8 BADMINTON:4 LUMBA:12 BASIKAL:4 KERETA:4 TAKRAW:4 SEMUA:4 RENCANA:4 SURAT:4 PEMBACA:4 PILIHAN:4 PANCAINDERA:4 SERI:4 BERITA:11 FAHAM:1 PUNCA:1 PEMANDU:1 LORI:1 BUANG:1 SISA:1 KIMIA:1 TIGA:2 PELAJAR:1 LELAKI:3 WARGA:2 ASING:1 KES:3 BUNUH:2 KEGIATAN:1 ROKOK:1 ARAK:1 TIDAK:2 LEBIH:1 JUTA:3 LAGI:1 CUBAAN:1 BUNGA:1 GANJA:1 SUDUT:1 PANDANG:1 POLIS:3 PENCURI:1 KABEL:1 TERIMA:1 KERANA:1 LAPOR:1 RASUAH:1 SIASAT:1 RAKAMAN:1 VIDEO:1 TULAR:1 TOLAK:1 TENDANG:1 EMAS:1 MAUT:3 KETIKA:1 JALAN:1 CAMPAK:2 ANAK:2 SAUDARA:2 DALAM:3 SUNGAI:2 TUJUH:1 HARI:1 KANAK:2 PEREMPUAN:1 TAHUN:1 OLEH:1 BAPA:1 IBU:1 DAKWA:1 DUA:2 JAM:1 LIMA:1 SUSPEK:1 DITANGKAP:1 CADANG:1 TUDUH:1 BEKAS:1 PEGAWAI:1 KANAN:1 TETAP:1 KEKAL:1 AHLI:1 ISYTIHAR:1 HARTA:1 TEMPOH:1 BAWA:1 KEMALANGAN:1 MENGAKU:1 SALAH:1 JAGA:1 STOR:1 DADAH:1 TERMA:1 DAN:1 POLISI:1 SENARAI:1 KEDAI:1 AKHBAR:1 KAMI:1 HAK:1 CIPTA:1 MULIA:1
https://www.utusan.com.my/category/nasional/komuniti/	KOMUNITI:9 UTUSAN:5 MASUK:3 LANGGAN:3 TERKINI:4 NASIONAL:4 JENAYAH:4 MAHKAMAH:4 POLITIK:4 TRAGEDI:4 EKONOMI:4 HARTANAH:4 KEWANGAN:4 PRODUK:4 RINGGIT:4 LUAR:4 NEGARA:5 BARAT:4 TENGGARA:4 GAYA:6 AGAMA:4 FESYEN:4 GAJET:4 HIBURAN:4 KELUARGA:4 WANITA:5 KESIHATAN:4 PENDIDIKAN:4 SUKAN:12 BOLA:4 SEPAK:8 BADMINTON:4 LUMBA:12 BASIKAL:4 KERETA:4 TAKRAW:4 SEMUA:4 RENCANA:4 SURAT:4 PEMBACA:4 PILIHAN:4 PANCAINDERA:4 SERI:4 ARTIKEL:1 PERCUMA:1 TERUS:2 DENGAN:1 KEKAL:1 RELEVAN:1 SELEPAS:1 TAHUN:1 BERITA:13 MANFAAT:1 RUANG:1 BUMBUNG:1 TANAM:1 NANAS:1 PESTA:1 AIR:1 NAMA:2 MATA:1 DUNIA:1 RUMAH:1 ASAL:1 HARI:1 KEBANGSAAN:1 DANA:2 RAWATAN:2 KELUAR:1 KEPOMPONG:1 MISKIN:1 MAMPU:2 BAYAR:1 ZAKAT:1 DEBU:1 GUNUNG:1 DANAU:1 PADANG:1 BERHENTI:1 KERJA:1 JAGA:1 ANAK:4 DERITA:2 KEROSAKAN:1 SARAF:1 OTAK:1 IDENTITI:1 DESA:1 SAWAH:1 PADI:1 LEBIH:1 BUAH:1 TURUN:1 MERDEKA:2 DUIT:1 JUAL:1 SATE:1 TAK:1 BIAYA:1 LEPAK:1 LORONG:1 JALUR:2 GEMILANG:2 HIMPUN:1 DALAM:1 HAMPIR:1 WARGA:1 MASJID:1 SAMBUT:1 RASUL:2 ANGKAT:1 PENUMPANG:1 EDAR:1 MAHU:1 TUBUH:1 YAYASAN:1 PELAJAR:1 MADRASAH:1 CIPTA:2 ROTI:1 CANAI:1 CARI:1 PEMBEDAHAN:1 JANTUNG:1 TERMA:1 DAN:1 POLISI:1 SENARAI:1 KEDAI:1 AKHBAR:1 KAMI:1 HAK:1 MULIA:1
https://www.utusan.com.my/category/nasional/mahkamah/	MAHKAMAH:11 UTUSAN:5 MASUK:3 LANGGAN:3 TERKINI:4 NASIONAL:4 JENAYAH:4 KOMUNITI:4 POLITIK:4 TRAGEDI:4 EKONOMI:4 HARTANAH:5 KEWANGAN:4 PRODUK:4 RINGGIT:4 LUAR:4 NEGARA:4 BARAT:4 TENGGARA:4 GAYA:4 AGAMA:4 FESYEN:4 GAJET:4 HIBURAN:4 KELUARGA:4 WANITA:5 KESIHATAN:4 PENDIDIKAN:4 SUKAN:12 BOLA:4 SEPAK:8 BADMINTON:4 LUMBA:12 BASIKAL:4 KERETA:4 TAKRAW:4 SEMUA:4 RENCANA:4 SURAT:4 PEMBACA:4 PILIHAN:4 PANCAINDERA:4 SERI:4 BERITA:18 BEKAS:5 GURU:1 TENDANG:1 MUKA:1 MURID:1 GAGAL:2 HADIR:1 PENGERUSI:1 TANGKAP:1 LELAKI:1 GUNA:1 PALSU:1 BELI:1 JUTA:4 PEGAWAI:2 BANK:2 MENGAKU:5 SALAH:1 LAPOR:1 SEBAHAGIAN:1 BESAR:1 ASET:1 AKAUN:1 MASIH:1 TIADA:1 TOLAK:1 MANGSA:1 TARIK:2 KERUSI:1 SUDAH:1 SAYA:1 TURUN:1 NAIK:1 BUKAN:1 PADA:1 BANGUNAN:2 ISU:1 PENCEN:1 HAKIM:1 BAWAH:1 BIDANG:1 KUASA:1 BALIK:1 POLIS:1 TERHADAP:2 PEGUAM:2 MOHON:1 HINA:1 BARANG:1 TIDAK:4 AMANG:1 KANAK:2 PENJAGA:1 STOR:1 PEKERJA:1 KEDAI:2 EMPAT:1 WARGA:1 CULIK:1 PENGURUS:1 PECAH:1 PROJEK:1 MILIK:1 TABUNG:1 HAJI:1 DUIT:1 PENGARAH:1 SYARIKAT:1 TIPU:1 TERMA:1 DAN:1 POLISI:1 SENARAI:1 AKHBAR:1 KAMI:1 HAK:1 CIPTA:1 MULIA:1
https://www.utusan.com.my/category/nasional/politik/	POLITIK:8 UTUSAN:5 MASUK:3 LANGGAN:3 TERKINI:4 NASIONAL:4 JENAYAH:4 KOMUNITI:4 MAHKAMAH:4 TRAGEDI:4 EKONOMI:5 HARTANAH:4 KEWANGAN:4 PRODUK:4 RINGGIT:4 LUAR:4 NEGARA:4 BARAT:4 TENGGARA:4 GAYA:4 AGAMA:4 FESYEN:4 GAJET:4 HIBURAN:4 KELUARGA:4 WANITA:4 KESIHATAN:4 PENDIDIKAN:4 SUKAN:12 BOLA:4 SEPAK:8 BADMINTON:4 LUMBA:12 BASIKAL:4 KERETA:4 TAKRAW:4 SEMUA:4 RENCANA:4 SURAT:4 PEMBACA:4 PILIHAN:5 PANCAINDERA:4 SERI:4 BERITA:17 BATAL:1 KAMI:2 ADA:1 KERJASAMA:2 AKAN:1 DALAM:3 MASA:1 BELANJAWAN:1 MAHU:2 LEBIH:1 ADIL:1 ORANG:1 NEGERI:3 SEMBILAN:2 CARI:1 BETUL:2 BERHENTI:1 ATAU:1 MAIN:1 PAS:1 GERAK:1 BERI:2 PIHAK:1 LAWAN:1 BAKAL:2 RUMAH:1 TIDAK:1 MENGHADAP:1 TUANKU:1 AMBIL:1 ALIH:1 BERSATU:1 TIADA:1 HAK:2 USAHA:1 KERAS:1 PERDANA:1 MENTERI:1 MADANI:1 RAKYAT:1 PENGANALISIS:1 APA:1 BERLAKU:1 SELEPAS:1 HANYA:1 ISU:2 PULAU:1 PINANG:1 BERJALAN:1 BAIK:1 ESOK:1 LALUAN:1 RAYA:1 HENTI:1 HERET:1 DIRAJA:1 UMUM:1 TOLAK:1 JAWATAN:1 KARIM:1 TERMA:1 DAN:1 POLISI:1 SENARAI:1 KEDAI:1 AKHBAR:1 CIPTA:1 MULIA:1
https://www.utusan.com.my/category/nasional/tragedi/	TRAGEDI:7 UTUSAN:5 MASUK:3 LANGGAN:3 TERKINI:4 NASIONAL:4 JENAYAH:4 KOMUNITI:4 MAHKAMAH:4 POLITIK:4 EKONOMI:4 HARTANAH:4 KEWANGAN:4 PRODUK:4 RINGGIT:4 LUAR:4 NEGARA:4 BARAT:4 TENGGARA:4 GAYA:4 AGAMA:4 FESYEN:4 GAJET:4 HIBURAN:4 KELUARGA:6 WANITA:4 KESIHATAN:4 PENDIDIKAN:4 SUKAN:12 BOLA:4 SEPAK:8 BADMINTON:4 LUMBA:12 BASIKAL:4 KERETA:4 TAKRAW:4 SEMUA:4 RENCANA:4 SURAT:4 PEMBACA:4 PILIHAN:4 PANCAINDERA:4 SERI:4 BERITA:18 POLIS:1 KESAN:1 NELAYAN:1 JUMPA:1 PEMANCING:9 BERSAMA:1 MAYAT:3 LELAKI:1 ORANG:1 ASLI:1 MAUT:2 HARIMAU:1 BELANG:1 KEBAKARAN:1 ASAP:1 JADI:1 PUNCA:1 KEMATIAN:1 TIGA:1 SEKELUARGA:1 OPERASI:1 SEMALAM:2 MANGSA:2 SELAGI:2 TIDAK:1 ADA:1 ITU:1 MASIH:4 JENAZAH:2 DUA:4 UJIAN:1 IDENTITI:3 BELUM:2 DAPAT:1 LAGI:3 DAN:2 TERBALIK:1 SEORANG:4 UNTUK:1 PERAK:2 PERIKSA:1 TINGKAT:1 KESELAMATAN:1 PENUMPANG:1 HILANG:3 OMBAK:1 RAJA:1 PULANG:1 DENGAN:1 SELAMAT:1 MENINGGAL:3 DUNIA:3 TERMA:1 POLISI:1 SENARAI:1 KEDAI:1 AKHBAR:1 KAMI:1 HAK:1 CIPTA:1 MULIA:1
https://www.utusan.com.my/ekonomi/	EKONOMI:24 UTUSAN:5 MASUK:4 LANGGAN:4 TERKINI:4 NASIONAL:5 JENAYAH:4 KOMUNITI:4 MAHKAMAH:4 POLITIK:4 TRAGEDI:4 HARTANAH:5 KEWANGAN:13 PRODUK:5 RINGGIT:4 LUAR:4 NEGARA:4 BARAT:4 TENGGARA:4 GAYA:4 AGAMA:4 FESYEN:4 GAJET:4 HIBURAN:4 KELUARGA:5 WANITA:5 KESIHATAN:4 PENDIDIKAN:4 SUKAN:12 BOLA:4 SEPAK:8 BADMINTON:4 LUMBA:12 BASIKAL:4 KERETA:4 TAKRAW:4 SEMUA:5 RENCANA:4 SURAT:4 PEMBACA:4 PILIHAN:5 PANCAINDERA:4 SERI:4 UNTUNG:3 SEBELUM:3 CUKAI:3 KEPADA:6 JUTA:19 HASIL:4 DALAM:7 TEMPOH:4 TIGA:3 TAHUN:5 KEKAL:8 PALING:3 CADANG:3 BELI:3 TANAH:6 KERJASAMA:3 PACU:3 SEKTOR:12 DOMESTIK:3 PADA:9 SUKU:4 KEDUA:4 SALUR:3 PEMBIAYAAN:3 MELALUI:3 SURI:3 INSPIRASI:4 KAPASITI:3 PERLU:7 PENGGUNA:5 PEMBINAAN:3 MANFAAT:4 UTAMA:3 BELANJAWAN:4 SEHINGGA:3 MULIA:3 AKHBAR:2 KEDAI:4 ANDA:1 SETIAP:1 PAGI:1 SEJAK:1 BILA:1 MEREKA:1 ADA:1 MANDAT:1 KEDUDUKAN:1 RAJA:3 JANGAN:1 MUFTI:1 PEKERJA:1 TERKEJUT:1 JUMPA:1 BOM:1 LAMA:1 PEGUAM:1 ADAT:1 MOHON:1 MAJLIS:1 TELITI:1 KRISIS:2 NEGERI:3 SEMBILAN:2 KERAJAAN:2 PUSAT:3 TAK:1 BOLEH:1 CAMPUR:1 AWAM:1 TERIMA:1 LAPOR:1 TOLAK:1 RASUAH:1 JEREBU:2 MANA:1 RAKYAT:1 BAGAIMANA:1 CARA:1 LAGI:3 VIDEO:1 DIBUKA:2 DENGAN:3 KADAR:2 JADI:2 BAHARU:1 LEMBAH:1 TAWAR:2 TINGKAT:1 TAMU:1 BAWA:2 KEHIDUPAN:1 ALAM:1 HARGA:6 MINYAK:3 MENTAH:2 LEBIH:7 TERA:2 METERAI:2 PERJANJIAN:2 BILION:3 CAPAI:2 PERATUS:3 PROJEK:3 SIAP:2 AWAL:2 SETAKAT:2 EMAS:1 SASAR:4 CAWANGAN:2 AKHIR:1 BAYU:1 BUKA:3 LABUR:2 NAIK:3 PETI:1 SEJUK:1 LANCAR:1 MINUMAN:1 EDISI:1 KHAS:1 BERITA:4 SERAI:1 OPERASI:1 IPOH:1 RESIPI:1 TAUHU:1 TUAH:1 HALAL:2 RUMAH:2 HOTEL:1 SUMBER:1 REZEKI:1 SUAMI:1 ISTERI:1 ARKIB:1 KOPI:1 DEPAN:1 DARIPADA:1 KECIL:1 LAIN:2 SEGERA:2 ADAPTASI:2 DILANCARKAN:2 DAN:4 GALERI:2 AGUNG:1 PERGERAKAN:1 SAYAP:1 PUTERI:1 GAMBAR:2 TERBAIK:2 SUKMA:2 AKSI:1 BAGI:1 LIMA:1 HARI:1 RAYA:2 PELAN:1 TURUN:1 JALAN:1 BUKAN:1 SUSUT:1 PROTON:1 MAS:1 PASARAN:1 EKSPORT:1 TRILION:1 LAPAN:1 BULAN:1 BAHRU:1 SUNGAI:1 PURATA:1 GAJI:1 UPAH:1 WARGANEGARA:1 HOSPITAL:1 TAMAN:1 TEKNOLOGI:1 TINGGI:1 TANJONG:1 CIPTA:2 NASI:1 GORENG:2 KAMPUNG:1 DANA:1 ASING:1 KEMBALI:1 ALIRAN:1 MINGGU:1 INI:1 PELANCONGAN:1 TIDAK:1 SEKATA:1 RENDAH:1 DARI:1 JENAMA:1 KENTANG:1 UKUR:1 ISI:1 JANGKA:1 PANJANG:1 TERMA:1 POLISI:1 SENARAI:1 KAMI:1 HAK:1
https://www.utusan.com.my/category/ringgit/hartanah/	HARTANAH:9 UTUSAN:1 MASUK:3 LANGGAN:3 PANDUAN:2 HALAL:2 NIAGA:2 PILIHAN:2 TERKINI:4 NASIONAL:4 JENAYAH:4 KOMUNITI:4 MAHKAMAH:4 POLITIK:4 TRAGEDI:4 EKONOMI:22 KEWANGAN:4 PRODUK:4 LUAR:4 NEGARA:4 BARAT:4 TENGGARA:4 GAYA:4 AGAMA:4 FESYEN:4 GAJET:4 HIBURAN:4 KELUARGA:4 WANITA:4 KESIHATAN:4 SUKAN:12 BOLA:4 SEPAK:8 BADMINTON:4 LUMBA:12 BASIKAL:4 KERETA:4 TAKRAW:4 SEMUA:4 RENCANA:4 SURAT:4 PEMBACA:4 PANCAINDERA:4 SERI:4 DIBUKA:1 DENGAN:2 KADAR:1 JADI:1 BAHARU:2 LEMBAH:1 TAWAR:5 JUTA:1 TINGKAT:3 TAMU:1 BAWA:1 INSPIRASI:1 KEHIDUPAN:2 ALAM:1 BUKIT:2 RUMAH:2 DUA:2 TEPI:1 PULAU:1 KONSEP:2 MAMPAN:1 BUKA:1 PUSAT:1 KETIGA:1 MAMPU:1 MILIK:1 PERDANA:2 IPOH:1 OMBAK:1 PROJEK:1 PESISIR:1 PANTAI:1 GEN:1 SERVIS:1 HORIZON:1 SOKONG:1 AMAN:1 LESTARI:1 FASA:1 PADA:1 HARGA:1 TERMA:1 DAN:1 POLISI:1 SENARAI:1 KEDAI:1 AKHBAR:1 KAMI:1 HAK:1 CIPTA:1 MULIA:1
https://www.utusan.com.my/category/ekonomi/kewangan/	KEWANGAN:7 UTUSAN:5 MASUK:4 LANGGAN:3 TERKINI:4 NASIONAL:5 JENAYAH:4 KOMUNITI:4 MAHKAMAH:4 POLITIK:4 TRAGEDI:4 EKONOMI:22 HARTANAH:4 PRODUK:4 RINGGIT:5 LUAR:4 NEGARA:4 BARAT:4 TENGGARA:4 GAYA:4 AGAMA:4 FESYEN:4 GAJET:4 HIBURAN:4 KELUARGA:4 WANITA:4 KESIHATAN:4 PENDIDIKAN:4 SUKAN:12 BOLA:4 SEPAK:8 BADMINTON:4 LUMBA:12 BASIKAL:4 KERETA:4 TAKRAW:4 SEMUA:4 RENCANA:4 SURAT:4 PEMBACA:4 PILIHAN:4 PANCAINDERA:4 SERI:4 HASIL:1 DALAM:4 TEMPOH:1 TIGA:2 TAHUN:2 JUTA:3 DOMESTIK:1 PADA:4 SUKU:1 KEDUA:1 PERLU:3 SEKTOR:1 PENGGUNA:1 PEMBINAAN:1 MANFAAT:1 UTAMA:1 BELANJAWAN:1 KEKAL:2 SEHINGGA:1 HARGA:2 MINYAK:2 MENTAH:1 LEBIH:2 KERAJAAN:1 PELAN:1 TURUN:1 NAIK:2 BUKAN:1 SUSUT:2 PERATUS:2 PROTON:1 MAS:1 PASARAN:2 EKSPORT:1 TRILION:1 LAPAN:1 BULAN:2 PURATA:1 GAJI:1 UPAH:1 WARGANEGARA:1 DANA:1 ASING:1 KEMBALI:1 ALIRAN:1 PARAS:1 BANYAK:1 PEKERJAAN:1 BERKUALITI:1 CAPAI:1 SYARIKAT:1 BILION:1 SASAR:1 BANK:1 SALUR:1 PERKASA:1 INFRASTRUKTUR:1 KADAR:1 HINGGA:1 AKHIR:1 JEPUN:1 METERAI:1 KERJASAMA:1 GALAK:1 MATA:1 WANG:1 SEN:1 TERMA:1 DAN:1 POLISI:1 SENARAI:1 KEDAI:1 AKHBAR:1 KAMI:1 HAK:1 CIPTA:1 MULIA:1
https://www.utusan.com.my/category/ekonomi/korporat/	UTUSAN:5 MASUK:3 LANGGAN:3 TERKINI:4 NASIONAL:4 JENAYAH:4 KOMUNITI:4 MAHKAMAH:4 POLITIK:4 TRAGEDI:4 EKONOMI:22 HARTANAH:4 KEWANGAN:4 PRODUK:4 RINGGIT:4 LUAR:4 NEGARA:4 BARAT:4 TENGGARA:4 GAYA:4 AGAMA:4 FESYEN:4 GAJET:4 HIBURAN:4 KELUARGA:4 WANITA:4 KESIHATAN:4 PENDIDIKAN:4 SUKAN:12 BOLA:4 SEPAK:8 BADMINTON:4 LUMBA:12 BASIKAL:4 KERETA:4 TAKRAW:4 SEMUA:4 RENCANA:4 SURAT:4 PEMBACA:4 PILIHAN:4 PANCAINDERA:4 SERI:4 CADANG:1 BELI:1 TANAH:3 JUTA:2 KERJASAMA:2 PACU:1 SEKTOR:1 SALUR:1 PEMBIAYAAN:1 KEPADA:2 MELALUI:1 SURI:1 INSPIRASI:1 TERA:1 METERAI:2 PERJANJIAN:1 LEBIH:3 BILION:2 CAPAI:1 PERATUS:2 PROJEK:2 SIAP:1 AWAL:1 PENGGUNA:1 SETAKAT:1 JALAN:1 RAYA:1 BUKA:1 GALERI:1 BAHRU:1 SUNGAI:1 CIPTA:2 NASI:1 GORENG:1 KAMPUNG:1 UJI:1 RANGKAIAN:1 PELAN:1 INDUK:1 FASA:1 AKHIR:2 PROTON:1 SERAH:1 TIGA:1 TERIMA:1 MANFAAT:1 PROGRAM:1 MAKANAN:2 CEMERLANG:1 PASARAN:1 ANGKAT:1 PERPADUAN:1 DAN:2 SEBAGAI:1 RAKYAT:1 KADAR:1 HINGGA:1 TAHUN:1 JEPUN:1 GALAK:1 DALAM:1 MATA:1 WANG:1 TERMA:1 POLISI:1 SENARAI:1 KEDAI:1 AKHBAR:1 KAMI:1 HAK:1 MULIA:1
https://www.utusan.com.my/category/ekonomi/produk/	PRODUK:7 UTUSAN:5 MASUK:3 LANGGAN:3 TERKINI:4 NASIONAL:4 JENAYAH:4 KOMUNITI:4 MAHKAMAH:4 POLITIK:4 TRAGEDI:4 EKONOMI:20 HARTANAH:4 KEWANGAN:4 RINGGIT:4 LUAR:4 NEGARA:4 BARAT:4 TENGGARA:4 GAYA:4 AGAMA:4 FESYEN:4 GAJET:4 HIBURAN:4 KELUARGA:4 WANITA:5 KESIHATAN:6 PENDIDIKAN:4 SUKAN:12 BOLA:4 SEPAK:8 BADMINTON:4 LUMBA:12 BASIKAL:4 KERETA:4 TAKRAW:4 SEMUA:4 RENCANA:4 SURAT:4 PEMBACA:4 PILIHAN:4 PANCAINDERA:4 SERI:4 KEDAI:2 EMAS:1 SASAR:1 CAWANGAN:3 AKHIR:1 TAHUN:1 BAYU:2 BUKA:2 LABUR:1 JUTA:1 NAIK:1 PUSAT:1 TAWAR:1 PETI:1 SEJUK:1 PADA:1 HARGA:1 BERITA:1 LANCAR:6 DENGAN:3 HALAL:1 MINUMAN:1 EDISI:1 KHAS:1 PERTAMA:1 HOTEL:1 PELANCONGAN:1 HIMPUN:1 UNIVERSITAS:1 KUNING:1 KERJASAMA:2 ARTIKEL:1 PERCUMA:1 LEBIH:2 MUDAH:1 RANGKAIAN:1 TEH:1 DAPUR:1 KAPTEN:1 BATIK:1 BERSAMA:1 PERMAINAN:1 VIDEO:1 GALAK:1 JAGA:1 TINGKAT:1 PENDAPATAN:1 TERMA:1 DAN:1 POLISI:1 SENARAI:1 AKHBAR:1 KAMI:1 HAK:1 CIPTA:1 MULIA:1
https://www.utusan.com.my/category/ekonomi/usahawan/	UTUSAN:5 MASUK:3 LANGGAN:3 TERKINI:4 NASIONAL:4 JENAYAH:4 KOMUNITI:4 MAHKAMAH:4 POLITIK:4 TRAGEDI:4 EKONOMI:16 HARTANAH:4 KEWANGAN:4 PRODUK:4 RINGGIT:4 LUAR:4 NEGARA:4 BARAT:4 TENGGARA:4 GAYA:4 AGAMA:4 FESYEN:4 GAJET:4 HIBURAN:4 KELUARGA:5 WANITA:4 KESIHATAN:4 PENDIDIKAN:4 SUKAN:12 BOLA:4 SEPAK:8 BADMINTON:4 LUMBA:12 BASIKAL:4 KERETA:4 TAKRAW:4 SEMUA:4 RENCANA:4 SURAT:4 PEMBACA:4 PILIHAN:4 PANCAINDERA:4 SERI:4 BERITA:4 SERAI:1 LABUR:1 JUTA:1 OPERASI:1 IPOH:1 RESIPI:1 TAUHU:1 BAWA:1 TUAH:1 HALAL:3 BUKA:1 RUMAH:1 HOTEL:1 JADI:2 SUMBER:1 REZEKI:1 SUAMI:1 ISTERI:1 NIAGA:1 ARKIB:1 KOPI:1 SASAR:3 TAHUN:3 DEPAN:1 DARIPADA:1 KECIL:1 HIDUP:1 BAHARU:2 BEKAS:1 BANDUAN:1 SEBAGAI:1 SONGKET:1 NANAS:1 CIPTA:2 KELAINAN:1 KUMPULAN:1 PANTAI:1 BHARU:1 LANCAR:1 BILIK:1 JARINGAN:1 CAWANGAN:2 DALAM:2 TIGA:2 AYAM:1 KERJASAMA:1 JENAMA:1 DARI:1 MINAT:1 KINI:1 BATIK:1 LEBIH:1 MANFAAT:1 JOM:1 AGENDA:1 TRANSFORMASI:1 BERADIK:1 LEBARKAN:1 SAYAP:1 TEMPOH:1 DUA:1 KALI:1 MAJU:1 TERMA:1 DAN:1 POLISI:1 SENARAI:1 KEDAI:1 AKHBAR:1 KAMI:1 HAK:1 MULIA:1
https://www.utusan.com.my/ringgit/	RINGGIT:1 UTUSAN:1 MASUK:3 LANGGAN:4 HARTANAH:9 PANDUAN:5 HALAL:9 NIAGA:3 PILIHAN:4 TERKINI:5 NASIONAL:4 JENAYAH:4 KOMUNITI:4 MAHKAMAH:4 POLITIK:4 TRAGEDI:4 EKONOMI:19 KEWANGAN:4 PRODUK:5 LUAR:5 NEGARA:4 BARAT:4 TENGGARA:4 GAYA:4 AGAMA:4 FESYEN:4 GAJET:4 HIBURAN:4 KELUARGA:5 WANITA:7 KESIHATAN:4 SUKAN:12 BOLA:4 SEPAK:8 BADMINTON:4 LUMBA:12 BASIKAL:4 KERETA:4 TAKRAW:4 SEMUA:4 RENCANA:4 SURAT:4 PEMBACA:4 PANCAINDERA:4 SERI:4 MINGGU:2 INI:3 MANFAAT:2 SEKTOR:4 PELANCONGAN:2 TIDAK:2 SEKATA:2 SUKU:2 KEDUA:2 LEBIH:2 RENDAH:2 DARI:5 JENAMA:2 KENTANG:1 GORENG:1 BELANJAWAN:1 PERLU:2 UKUR:1 ISI:2 RUMAH:4 ANGKAT:1 PASARAN:4 JAYA:1 PEMBANGUNAN:1 AKAN:1 MELANCARKAN:1 ANTARABANGSA:3 BAGI:2 PERUSAHAAN:1 MILIK:1 DAN:5 EKSPORT:1 MENURUT:1 INISIATIF:1 HINGGA:1 PUSAT:7 BUKA:2 HOTEL:1 ARKIB:1 KOPI:1 SASAR:1 TAHUN:1 DEPAN:1 SELEPAS:1 TERIMA:2 MELALUI:1 LAGI:4 JANGKA:3 PANJANG:3 DIBUKA:1 DENGAN:2 KADAR:1 KELESTARIAN:1 TENAGA:1 AIR:1 ANTARA:1 PELABURAN:1 BESAR:1 MULIA:3 AKHBAR:2 KEDAI:3 ANDA:1 SETIAP:2 PAGI:1 SEJAK:1 BILA:1 MEREKA:1 ADA:1 MANDAT:1 KEDUDUKAN:1 RAJA:3 JANGAN:1 MUFTI:1 PEKERJA:1 TERKEJUT:1 JUMPA:1 BOM:1 LAMA:1 PEGUAM:1 ADAT:1 MOHON:1 MAJLIS:1 TELITI:1 KRISIS:2 NEGERI:3 SEMBILAN:2 KERAJAAN:1 TAK:1 BOLEH:2 CAMPUR:1 AWAM:1 JUTA:1 LAPOR:1 TOLAK:1 RASUAH:1 JEREBU:2 MANA:1 RAKYAT:1 BAGAIMANA:1 CARA:4 VIDEO:1 TAMU:1 BAWA:1 INSPIRASI:1 KEHIDUPAN:1 ALAM:1 BAHARU:2 BUKIT:3 DUA:1 TINGKAT:1 TEPI:2 PULAU:1 TAWAR:1 KONSEP:1 MAMPAN:1 KETIGA:1 GALERI:1 AGUNG:1 PERGERAKAN:1 SAYAP:1 PUTERI:1 GAMBAR:2 TERBAIK:2 SUKMA:2 AKSI:1 TEMPOH:1 LIMA:1 HARI:1 RAYA:1 PENDAPATAN:2 BULAN:1 IKUT:1 PILIH:1 KAD:1 PERUBATAN:1 UNTUK:1 GRADUAN:2 KERJAYA:1 ZON:1 RESIPI:1 JADI:2 MIKROBIOLOGI:1 SEJUK:1 BEKU:1 JALAN:1 KINI:2 TIGA:2 CAWANGAN:1 KECIL:1 BUKAN:1 HALANGAN:1 BINA:1 EMPAYAR:1 SARUNG:1 TANGAN:1 TEKNOLOGI:1 TARIK:1 PELABUR:1 HARGA:1 MINYAK:1 TINGGI:1 SOKONG:1 KEKAL:1 BILION:1 TERMA:1 POLISI:1 SENARAI:1 KAMI:1 HAK:1 CIPTA:1
https://www.utusan.com.my/luar-negara/	LUAR:10 NEGARA:7 UTUSAN:5 MASUK:3 LANGGAN:4 TERKINI:4 NASIONAL:4 JENAYAH:4 KOMUNITI:4 MAHKAMAH:4 POLITIK:4 TRAGEDI:7 EKONOMI:6 HARTANAH:4 KEWANGAN:4 PRODUK:4 RINGGIT:4 BARAT:8 TENGGARA:11 GAYA:4 AGAMA:4 FESYEN:4 GAJET:4 HIBURAN:4 KELUARGA:4 WANITA:6 KESIHATAN:5 PENDIDIKAN:4 SUKAN:12 BOLA:4 SEPAK:8 BADMINTON:4 LUMBA:12 BASIKAL:4 KERETA:4 TAKRAW:4 SEMUA:6 RENCANA:4 SURAT:4 PEMBACA:4 PILIHAN:9 PANCAINDERA:4 SERI:4 SELATAN:5 TAWAR:5 KERJASAMA:3 DENGAN:5 BERI:6 AMARAN:4 KEPADA:5 JANGAN:4 SENTUH:3 ISU:4 HAK:4 ASASI:3 SOSIAL:2 HAKIM:3 SEKAT:5 WARGA:3 EJEN:3 MENTERI:3 KETIKA:3 LELAKI:3 GANTUNG:3 DIRI:3 SELEPAS:4 IBU:3 ENGGAN:3 DUIT:3 BELI:3 GANJA:3 SATU:3 WILAYAH:3 TIADA:3 HUJAN:3 HARI:4 AKIBAT:7 LEBIH:4 JUTA:4 AKAUN:3 MAHU:5 JUAL:3 KAPAL:2 SELAT:4 KORBAN:6 FERI:3 MASIH:4 HILANG:6 TAUFAN:5 EMPAT:5 LAGI:6 MULIA:3 AKHBAR:2 KEDAI:3 ANDA:1 SETIAP:1 PAGI:1 SEJAK:2 BILA:1 MEREKA:1 ADA:2 MANDAT:1 KEDUDUKAN:1 RAJA:6 MUFTI:1 PEKERJA:1 TERKEJUT:1 JUMPA:1 BOM:1 LAMA:1 PEGUAM:1 ADAT:1 MOHON:1 MAJLIS:1 TELITI:1 KRISIS:2 NEGERI:4 SEMBILAN:2 KERAJAAN:3 PUSAT:2 TAK:1 BOLEH:1 CAMPUR:1 AWAM:2 TERIMA:2 LAPOR:1 TOLAK:1 RASUAH:1 JEREBU:2 MANA:1 RAKYAT:1 BAGAIMANA:1 CARA:1 VIDEO:1 LESEN:2 LIMA:3 SYARIKAT:2 KERANA:3 KEBAKARAN:3 HUTAN:4 ANAK:4 PULANG:2 UNTUK:4 OTAK:2 SERANGAN:5 MAUT:3 PERATUS:2 PERANG:2 TERBANG:2 GUNA:2 PENTAS:2 SERANG:2 PASUKAN:2 TENTERA:4 TAWAN:2 GUNUNG:4 STRATEGIK:2 LALUAN:2 DARAT:2 DARI:2 JADI:2 BUKA:2 SEMULA:2 PINTU:2 SEMPADAN:4 HALANG:2 PESAKIT:2 RAWATAN:2 ANTARABANGSA:3 KEMASUKAN:2 PELARIAN:1 INDIVIDU:1 LANCAR:1 ORANG:1 DUNIA:2 BESAR:1 SENJATA:1 KIMIA:1 DEDAH:3 TANGAN:1 MURID:1 PEKAK:1 BELAJAR:1 RUMAH:2 DUA:4 TINGKAT:2 KECIL:2 PEMANCING:2 BINA:2 METERAI:2 PERJANJIAN:2 BAHARU:4 TERHADAP:2 DADAH:2 LANGGAR:2 DAKWA:2 GAGAL:2 KAWAL:2 RAYA:3 MAKIN:1 TUTUP:1 BAHASA:1 PARTI:1 KEKAL:1 DIGANGGU:1 SIBER:1 HARGA:1 PETROL:1 HUTANG:1 PARAS:1 GALERI:1 AGUNG:1 PERGERAKAN:1 SAYAP:1 DAN:2 PUTERI:1 GAMBAR:2 TERBAIK:2 SUKMA:2 AKSI:1 BAGI:1 TEMPOH:1 BERITA:1 FIKIR:1 SAMA:1 TELUR:1 MATA:1 HAMPIR:1 KAWASAN:1 DIPOTONG:1 KERAH:1 ANGGOTA:1 PADAM:1 OPERASI:1 PENUMPANG:1 SELURUH:1 TERMA:1 POLISI:1 SENARAI:1 KAMI:1 CIPTA:1
https://www.utusan.com.my/category/luar-negara/afrika/	UTUSAN:5 MASUK:3 LANGGAN:3 TERKINI:4 NASIONAL:4 JENAYAH:4 KOMUNITI:4 MAHKAMAH:4 POLITIK:4 TRAGEDI:4 EKONOMI:4 HARTANAH:4 KEWANGAN:4 PRODUK:5 RINGGIT:4 LUAR:5 NEGARA:4 BARAT:4 TENGGARA:4 GAYA:4 AGAMA:4 FESYEN:4 GAJET:4 HIBURAN:4 KELUARGA:4 WANITA:4 KESIHATAN:4 PENDIDIKAN:4 SUKAN:12 BOLA:4 SEPAK:8 BADMINTON:4 LUMBA:12 BASIKAL:4 KERETA:4 TAKRAW:4 SEMUA:4 RENCANA:4 SURAT:4 PEMBACA:4 PILIHAN:4 PANCAINDERA:4 SERI:4 PELAJAR:1 CIPTA:2 AMBULANS:1 PERTAMA:1 DUNIA:1 PEKERJA:1 LAPANGAN:1 TERBANG:1 MOGOK:1 PENUMPANG:1 MAHU:1 HUKUM:1 MATI:1 INDIVIDU:1 BAKAR:1 HUTAN:2 KEBAKARAN:1 NYAWA:3 FOSIL:1 GIGI:1 JERUNG:1 BAWAH:1 PADANG:1 PASIR:1 PRESIDEN:1 ARAH:1 OPERASI:1 PENCULIKAN:1 RAMAI:1 MASJID:1 SEDIA:1 TERIMA:1 DARI:1 LANUN:1 KAPAL:1 PANTAI:1 SATU:2 SETIAP:1 MINIT:1 WABAK:1 GAJAH:1 ASKAR:2 MAUT:1 SELEPAS:1 DUA:1 BAS:1 PARLIMEN:1 USUL:1 HANTAR:1 NAIKKAN:1 GAJI:1 TENTERA:2 SEHINGGA:1 PERATUS:1 JAMBATAN:1 UTAMA:1 RUNTUH:1 PENDUDUK:1 BEKALAN:1 MAKANAN:1 GEMPA:2 BUMI:2 KAWASAN:1 TIMUR:1 PENDATANG:1 SANGGUP:1 BERENANG:1 WILAYAH:1 BAWA:1 SENJATA:1 TERMA:1 DAN:1 POLISI:1 SENARAI:1 KEDAI:1 AKHBAR:1 KAMI:1 HAK:1 MULIA:2 LAGI:1
https://www.utusan.com.my/category/luar-negara/amerika/	UTUSAN:5 MASUK:3 LANGGAN:3 TERKINI:4 NASIONAL:4 JENAYAH:4 KOMUNITI:4 MAHKAMAH:4 POLITIK:4 TRAGEDI:4 EKONOMI:4 HARTANAH:4 KEWANGAN:4 PRODUK:5 RINGGIT:4 LUAR:4 NEGARA:4 BARAT:5 TENGGARA:4 GAYA:4 AGAMA:4 FESYEN:4 GAJET:4 HIBURAN:4 KELUARGA:4 WANITA:4 KESIHATAN:4 PENDIDIKAN:4 SUKAN:12 BOLA:4 SEPAK:8 BADMINTON:4 LUMBA:12 BASIKAL:4 KERETA:4 TAKRAW:4 SEMUA:4 RENCANA:4 SURAT:4 PEMBACA:4 PILIHAN:4 PANCAINDERA:4 SERI:4 BUAH:1 PINGGANG:1 BABI:1 HARI:1 DALAM:3 TUBUH:1 PESAKIT:1 LABEL:1 BEKALAN:1 PELURU:1 EMPAT:1 DEKAD:1 DUIT:1 SYILING:1 WAJAH:1 DAPAT:1 HINGGA:1 LAMAN:1 LUMPUH:1 SIASAT:1 SERANGAN:1 MAJLIS:1 PERKAHWINAN:1 SELEPAS:2 SASAR:1 MASIH:1 HIDUP:1 MESKIPUN:1 PETIR:1 KETIKA:1 PULAU:1 HILANG:1 SEMULA:2 BULAN:1 TEMPOH:1 LIMA:1 JAM:1 SAINTIS:1 MAHU:2 SELAT:2 SEBAGAI:1 SERANG:1 DUA:1 KAPAL:1 TANGKI:1 MILIK:1 KERAJAAN:1 PUTUS:1 HUBUNGAN:1 DIPLOMATIK:1 DENGAN:1 AKIBAT:1 KETEGANGAN:1 MAKIN:1 TUKAR:2 NAMA:2 TASIK:3 KEPADA:1 SETIAUSAHA:1 TENTERA:1 DARAT:1 LETAK:1 JAWATAN:1 PERLU:1 SEMAK:1 SEKATAN:1 MINGGUAN:1 TERHADAP:1 GAMBAR:1 RAKAM:1 LOKASI:1 LELAKI:1 MAUT:1 ANJING:1 TERMA:1 DAN:1 POLISI:1 SENARAI:1 KEDAI:1 AKHBAR:1 KAMI:1 HAK:1 CIPTA:1 MULIA:2 SATU:1 LAGI:1
https://www.utusan.com.my/category/luar-negara/asia/	UTUSAN:5 MASUK:3 LANGGAN:3 TERKINI:4 NASIONAL:4 JENAYAH:4 KOMUNITI:4 MAHKAMAH:4 POLITIK:4 TRAGEDI:6 EKONOMI:4 HARTANAH:4 KEWANGAN:4 PRODUK:5 RINGGIT:4 LUAR:4 NEGARA:4 BARAT:4 TENGGARA:4 GAYA:4 AGAMA:4 FESYEN:4 GAJET:4 HIBURAN:4 KELUARGA:4 WANITA:5 KESIHATAN:4 PENDIDIKAN:4 SUKAN:12 BOLA:4 SEPAK:8 BADMINTON:4 LUMBA:12 BASIKAL:4 KERETA:4 TAKRAW:4 SEMUA:4 RENCANA:4 SURAT:4 PEMBACA:4 PILIHAN:4 PANCAINDERA:4 SERI:4 DUA:1 PEKERJA:1 HIDUP:2 SELEPAS:4 HARI:3 BANJIR:5 BERLAKU:1 HENTI:1 PROGRAM:1 BAHAYA:1 ALAM:1 PANGGUNG:1 WAYANG:1 TAWAR:1 PERKHIDMATAN:1 TIDUR:1 TENGAH:2 KEM:1 BUAT:1 KANAK:2 MENANGIS:1 BUKA:1 SEMULA:1 LALUAN:1 SEMPADAN:1 SUAMI:1 RAKAM:1 VIDEO:1 ISTERI:1 GUNA:2 PERJANJIAN:1 DEMI:1 PERTAHANAN:1 BUKAN:1 PROJEK:1 KUASA:1 MUSNAH:1 BEKAS:1 MENTERI:1 WANG:1 KERAJAAN:1 BELI:1 MAKANAN:1 KEPADA:1 PENGUNDI:1 PEGAWAI:1 POLIS:1 TUTUP:1 KES:1 ORANG:1 HILANG:2 ELAK:1 BEBAN:1 KERJA:1 PEMANDU:1 KONDUKTOR:1 BAS:1 PERKOSA:1 PELAJAR:1 SEKOLAH:1 KORBAN:2 DAHSYAT:1 KENAL:1 PASTI:1 MAYAT:1 SEKUTU:1 UTARA:1 GANGGUAN:1 OTAK:1 AIR:1 DENDA:1 INDIVIDU:1 MAKLUMAT:1 PALSU:1 INSIDEN:1 TANAH:1 RUNTUH:1 BINCANG:1 RISIKO:1 BENCANA:1 SEBELUM:1 LEBIH:1 MASIH:1 TERMA:1 DAN:1 POLISI:1 SENARAI:1 KEDAI:1 AKHBAR:1 KAMI:1 HAK:1 CIPTA:1 MULIA:2 SATU:1 LAGI:1
https://www.utusan.com.my/category/luar-negara/asia-barat/	BARAT:25 UTUSAN:5 MASUK:3 LANGGAN:3 TERKINI:4 NASIONAL:4 JENAYAH:4 KOMUNITI:4 MAHKAMAH:4 POLITIK:4 TRAGEDI:4 EKONOMI:4 HARTANAH:4 KEWANGAN:4 PRODUK:5 RINGGIT:4 LUAR:4 NEGARA:4 TENGGARA:4 GAYA:4 AGAMA:4 FESYEN:4 GAJET:4 HIBURAN:4 KELUARGA:4 WANITA:4 KESIHATAN:4 PENDIDIKAN:4 SUKAN:12 BOLA:4 SEPAK:8 BADMINTON:4 LUMBA:12 BASIKAL:4 KERETA:4 TAKRAW:4 SEMUA:4 RENCANA:4 SURAT:4 PEMBACA:4 PILIHAN:4 PANCAINDERA:4 SERI:4 AKAN:1 JADI:2 MILIK:1 ISYTIHAR:1 PERANG:2 PEMIMPIN:1 ISTERI:1 SALING:1 ENAM:2 ASKAR:1 MAUT:4 DALAM:3 SERANGAN:4 CIPTA:2 TUKUN:1 GUNA:2 KUPANG:1 SEDIA:1 SERANG:1 BESAR:1 SEBABKAN:1 KEMATIAN:2 SETIAP:1 JAM:1 PELURU:1 PENGARUH:1 SELAT:2 BAKAL:1 LALUAN:1 TIDAK:1 DUA:1 TAHUN:1 DAKWA:2 TENTERA:1 MUSNAH:1 UDARA:2 BIMBANG:1 ANGKA:1 ORANG:1 AWAM:1 JUAL:1 SISTEM:1 PERTAHANAN:1 KEPADA:2 EMPAT:1 MAJLIS:1 PERKAHWINAN:1 MUNGKIN:1 SENJATA:1 NUKLEAR:1 JIKA:1 GAGAL:1 GULING:1 REJIM:1 PRESIDEN:1 UCAP:1 TERIMA:1 KASIH:1 BERI:1 KETIKA:1 KAPAL:1 DAFTAR:1 TERMA:1 DAN:1 POLISI:1 SENARAI:1 KEDAI:1 AKHBAR:1 KAMI:1 HAK:1 MULIA:2 SATU:1 LAGI:1
https://www.utusan.com.my/category/luar-negara/asia-tenggara/	TENGGARA:25 UTUSAN:5 MASUK:3 LANGGAN:3 TERKINI:4 NASIONAL:4 JENAYAH:4 KOMUNITI:4 MAHKAMAH:4 POLITIK:4 TRAGEDI:4 EKONOMI:4 HARTANAH:4 KEWANGAN:4 PRODUK:5 RINGGIT:4 LUAR:4 NEGARA:5 BARAT:4 GAYA:4 AGAMA:4 FESYEN:4 GAJET:4 HIBURAN:4 KELUARGA:4 WANITA:5 KESIHATAN:4 PENDIDIKAN:4 SUKAN:13 BOLA:4 SEPAK:8 BADMINTON:4 LUMBA:12 BASIKAL:4 KERETA:5 TAKRAW:4 SEMUA:4 RENCANA:4 SURAT:4 PEMBACA:4 PILIHAN:4 PANCAINDERA:4 SERI:4 SEEKOR:1 ORANG:1 UTAN:1 BETINA:1 BERSAMA:1 ANAK:2 AKIBAT:1 JEREBU:4 RAKAM:1 IMEJ:1 TEBAL:2 PROGRAM:1 MAKANAN:2 PERCUMA:2 BUAT:1 PELAJAR:2 GURU:1 SAKIT:2 CAPAI:1 KUALITI:1 UDARA:2 TIDAK:1 SIHAT:1 JATUH:1 SELEPAS:2 MAKAN:1 BAWA:1 MENTERI:1 GAGAL:1 KERANA:1 JANJI:1 DARI:1 PULANG:1 DENGAN:1 SELAMAT:1 KERAH:1 ASING:1 PADAM:1 KEBAKARAN:1 KAPAL:1 BERLABUH:1 DEKAT:1 HARI:2 LAUT:1 PENDEKKAN:1 TEMPOH:1 BEBAS:1 BAGI:1 KAHWIN:1 KETIKA:1 BANJIR:1 HAMPIR:1 PARAS:1 PINGGANG:1 SIASAT:1 TENTERA:1 PERTAHANAN:1 DURIAN:1 BOLEH:1 JADI:1 ANDA:1 KAYA:1 PEMILIK:1 PERKHIDMATAN:1 BAS:1 API:1 TANGKAP:1 TERHADAP:1 UGUT:1 TEMBAK:1 SEKOLAH:1 DEMI:1 TERMA:1 DAN:1 POLISI:1 SENARAI:1 KEDAI:1 AKHBAR:1 KAMI:1 HAK:1 CIPTA:1 MULIA:2 SATU:1 LAGI:1
https://www.utusan.com.my/category/luar-negara/eropah/	UTUSAN:5 MASUK:3 LANGGAN:3 TERKINI:4 NASIONAL:4 JENAYAH:4 KOMUNITI:4 MAHKAMAH:4 POLITIK:4 TRAGEDI:4 EKONOMI:4 HARTANAH:4 KEWANGAN:4 PRODUK:5 RINGGIT:4 LUAR:4 NEGARA:4 BARAT:4 TENGGARA:4 GAYA:4 AGAMA:4 FESYEN:4 GAJET:4 HIBURAN:4 KELUARGA:4 WANITA:4 KESIHATAN:4 PENDIDIKAN:4 SUKAN:12 BOLA:4 SEPAK:8 BADMINTON:4 LUMBA:12 BASIKAL:4 KERETA:4 TAKRAW:4 SEMUA:4 RENCANA:4 SURAT:4 PEMBACA:4 PILIHAN:4 PANCAINDERA:4 SERI:4 HELIKOPTER:1 TENTERA:2 HABIS:1 MINYAK:1 CEMAS:1 LEBUH:2 RAYA:2 PEKERJA:1 CURI:1 WANG:1 UNTUK:2 MAJLIS:1 KAHWIN:1 BULAN:1 MADU:1 IMPORT:1 HAMPIR:1 BILION:2 CUACA:1 DUNIA:1 SEHINGGA:1 TAHUN:1 DEPAN:1 KANSER:1 PENDUDUK:1 BANDAR:1 ARANG:1 BATU:1 SEKATAN:1 TERHADAP:1 ISU:1 SERANGAN:1 BERI:2 AMARAN:1 RUANG:1 UDARA:1 KINI:2 SANGAT:1 PANTAI:1 NERAKA:1 SELEPAS:1 TERLALU:1 PADAT:1 PELANCONG:1 BAHARU:1 BAHTERA:1 NABI:1 MUNGKIN:1 GUNUNG:1 JUAL:1 EMPAT:1 KAPAL:1 PERANG:1 KEPADA:2 KEMALANGAN:1 KERAJAAN:1 BELANJA:1 JUTA:1 PEJABAT:1 SEMENTARA:1 BURU:1 SUSPEK:1 PESTA:1 BENCANA:1 SEPERTI:1 SENJATA:1 KAWASAN:1 MAUT:1 SASAR:1 DALAM:1 JEM:1 UBAT:1 GIGI:1 DENGAN:1 RISIKO:1 TERMA:1 DAN:1 POLISI:1 SENARAI:1 KEDAI:1 AKHBAR:1 KAMI:1 HAK:1 CIPTA:1 MULIA:2 SATU:1 LAGI:1
https://www.utusan.com.my/gaya/	GAYA:10 UTUSAN:1 MASUK:3 LANGGAN:6 AGAMA:2 FESYEN:5 GAJET:2 HIBURAN:14 KELUARGA:4 WANITA:9 KESIHATAN:4 PENDIDIKAN:2 TERKINI:2 NASIONAL:2 JENAYAH:2 KOMUNITI:2 MAHKAMAH:2 POLITIK:2 TRAGEDI:2 EKONOMI:3 HARTANAH:2 KEWANGAN:2 PRODUK:3 RINGGIT:2 LUAR:2 NEGARA:4 BARAT:2 TENGGARA:2 SUKAN:7 BOLA:2 SEPAK:4 BADMINTON:2 LUMBA:8 BASIKAL:2 KERETA:2 TAKRAW:2 SEMUA:3 RENCANA:2 SURAT:2 PEMBACA:2 PANCAINDERA:2 SERI:3 AKAUN:2 BUKAN:4 PEMBEDAHAN:2 TETAPI:2 SAYA:9 EDIT:2 SENDIRI:4 WAJAH:4 DAN:8 TUBUH:2 PEMINAT:5 PERJALANAN:2 SENI:2 MAHU:3 SAJIKAN:2 PERSEMBAHAN:2 BUAT:6 BERITA:3 DUNIA:2 ORANG:3 LAIN:2 BAPA:4 TAK:3 HALANG:2 DENGAN:2 PEMIMPIN:2 MESTI:2 BERANI:2 DIRI:2 TERIMA:3 ANUGERAH:1 MERDEKA:1 DALAM:4 ASLI:1 SEDIA:2 SIHAT:1 JIMAT:1 IBU:3 BERHENTI:2 KERJA:3 JAGA:3 ANAK:5 DERITA:2 KEROSAKAN:2 SARAF:2 OTAK:2 TENANG:1 JANGAN:5 AMBIL:1 RINGAN:1 LAGI:5 SEDAP:1 SELEPAS:1 BAYI:1 LAHIR:1 GERAN:1 PERUBATAN:1 BEBAN:1 UNTUK:4 KANAK:2 TIDUR:3 TIDAK:9 BOLEH:5 DIBAYAR:2 PAYUDARA:2 SEPERTI:2 KUBIS:2 BUNGA:2 KANSER:3 AKHIR:2 PENJAGAAN:1 SOKONG:1 RAWATAN:1 PENYAKIT:1 SINDROM:1 PATAH:1 HATI:3 JANTUNG:2 ANGGAP:1 SEBAGAI:1 MULIA:3 AKHBAR:2 KEDAI:3 ANDA:1 SETIAP:1 PAGI:1 SEJAK:2 BILA:1 MEREKA:1 ADA:5 MANDAT:1 KEDUDUKAN:1 RAJA:3 MUFTI:1 PEKERJA:1 TERKEJUT:1 JUMPA:1 BOM:1 LAMA:3 PEGUAM:1 ADAT:1 MOHON:1 MAJLIS:1 TELITI:1 KRISIS:2 NEGERI:4 SEMBILAN:2 KERAJAAN:1 PUSAT:1 CAMPUR:2 AWAM:1 JUTA:1 LAPOR:1 TOLAK:1 RASUAH:1 JEREBU:4 MANA:1 RAKYAT:1 BAGAIMANA:2 CARA:1 VIDEO:1 BAHARU:2 CANTIK:1 PERLU:2 ALASAN:1 RAI:1 SISI:1 BERBEZA:1 LANGIT:1 KOTA:1 JADI:3 ILHAM:1 KAKI:1 BAWA:2 PENTAS:2 RUMAH:2 MEWAH:1 MODEN:1 HIJAU:1 JATI:1 KLASIK:1 WARNA:1 TERANG:1 MANJA:2 KUCING:1 DISAYANGI:1 DUA:1 PANDAI:1 MATA:2 GARANG:2 SUKA:2 SERANG:1 MUSANG:1 PANDAN:1 YANG:6 MERAJUK:1 AYAM:2 GALERI:1 AGUNG:1 PERGERAKAN:1 SAYAP:1 PUTERI:1 GAMBAR:2 TERBAIK:2 SUKMA:2 AKSI:1 BAGI:1 TEMPOH:1 LIMA:1 HARI:2 PILIHAN:1 RAYA:1 TARIK:2 SUNGAI:1 TIMUN:1 SEPIT:1 BIRU:1 JIKA:1 DIA:2 ENGGAN:1 LEPASKAN:1 AKAN:2 BUKA:1 FAIL:1 BARU:1 TANAH:1 PERTANIAN:1 SEBERANG:1 LEBIH:2 SPESIES:1 BURUNG:1 SELERA:1 RASA:4 PAKEJ:1 SAJIAN:1 WARISAN:2 KONTEMPORARI:1 JELAJAH:1 ALAM:1 LAPAN:1 MENARIK:1 RESIPI:1 DAGING:1 GORENG:1 HALIA:1 ALA:1 BADAK:1 LEMBUT:2 PULUT:1 KUNING:1 MADANI:1 GULUNG:1 BELUM:2 MUZIK:1 BABAK:1 ITU:2 KEHENDAK:1 SUDAH:2 HAD:1 JAM:1 NAM:1 KUALA:1 LUMPUR:1 HARAP:1 LEKAS:1 GEMUK:1 PUNCA:1 HILANG:1 TAWARAN:1 PENYANYI:1 NOMBOR:1 SATU:1 PUN:1 APATAH:1 BEKAS:1 ISTERI:1 LALU:1 KASIHAN:1 KALAU:1 SAMPAI:1 MINTA:1 ZAKAT:1 KALI:1 KEDUA:1 GEMILANG:1 BERSAMA:1 PEGANG:1 TELEFON:1 RAMAL:1 PELAKON:2 HEBAT:1 DARIPADA:1 PANDEMIK:1 GUNA:1 DOSA:1 PERCUMA:1 KEMBALI:2 KISAH:1 PERINTIS:1 KECIL:1 GETAH:1 FAHAM:1 PENGALAMAN:1 ISU:1 RUKUN:1 BUANG:1 TAHI:1 LALAT:1 ONLINE:1 BERBAHAYA:1 PADA:1 KENAPA:1 TULIS:1 BENDA:1 SARAH:1 SUPAYA:1 BEKERJA:1 PASUKAN:1 KERA:1 SEMULA:1 SALAH:1 LAKU:1 PENJARA:1 PERKARA:1 MEMANG:1 MASING:2 UJIAN:1 BAGAI:1 NAFAS:1 FILEM:1 KONSPIRASI:1 BAKAL:1 PAWAGAM:1 TENTANG:1 MASALAH:1 KULIT:1 HITAM:1 TAPI:1 KAMI:2 UBAH:1 KEHIDUPAN:1 SIMPAN:1 HASRAT:1 PILIH:1 PENDEKATAN:1 ABADI:1 TERMA:1 POLISI:1 SENARAI:1 HAK:1 CIPTA:1
https://www.utusan.com.my/category/gaya/agama/	AGAMA:24 UTUSAN:5 MASUK:3 LANGGAN:3 TERKINI:4 NASIONAL:4 JENAYAH:4 KOMUNITI:4 MAHKAMAH:4 POLITIK:5 TRAGEDI:4 EKONOMI:4 HARTANAH:4 KEWANGAN:4 PRODUK:5 RINGGIT:4 LUAR:4 NEGARA:4 BARAT:4 TENGGARA:4 GAYA:4 FESYEN:4 GAJET:4 HIBURAN:4 KELUARGA:4 WANITA:4 KESIHATAN:4 PENDIDIKAN:4 SUKAN:12 BOLA:4 SEPAK:8 BADMINTON:4 LUMBA:12 BASIKAL:4 KERETA:4 TAKRAW:4 SEMUA:4 RENCANA:4 SURAT:4 PEMBACA:4 PILIHAN:4 PANCAINDERA:4 SERI:4 KEBENARAN:2 MATA:2 SIRI:1 MERDEKA:1 DARIPADA:2 JAJAHAN:1 DENGAN:1 NABI:1 REBUT:1 MANFAAT:1 BUKAN:1 SISI:1 BAGAIMANA:1 CARA:1 DIRI:1 DAJAL:1 ATAS:1 TALIAN:1 KEMATIAN:1 KEHIDUPAN:1 BICARA:1 TENTANG:1 MAKHLUK:2 PEROSAK:1 DOA:1 JANJI:1 SYURGA:1 ATAU:1 NERAKA:1 UNTUK:1 AHLI:1 SELURUH:2 PARA:1 ILMUWAN:1 UJIAN:2 BUAT:1 TANAH:1 UMMAH:1 ZAMAN:1 UMAT:1 BERAT:1 FIZIKAL:1 KETIKA:1 HAJI:1 HADIS:2 BINA:1 KUBUR:1 JEPUN:1 SANGGUP:1 DEMI:1 TERMA:1 DAN:1 POLISI:1 SENARAI:1 KEDAI:1 AKHBAR:1 KAMI:1 HAK:1 CIPTA:1 MULIA:2 SATU:1 LAGI:1
https://www.utusan.com.my/category/gaya/agro/	UTUSAN:5 MASUK:3 LANGGAN:3 TERKINI:4 NASIONAL:4 JENAYAH:4 KOMUNITI:4 MAHKAMAH:4 POLITIK:4 TRAGEDI:4 EKONOMI:4 HARTANAH:4 KEWANGAN:4 PRODUK:5 RINGGIT:4 LUAR:4 NEGARA:4 BARAT:4 TENGGARA:4 GAYA:4 AGAMA:4 FESYEN:4 GAJET:4 HIBURAN:4 KELUARGA:4 WANITA:4 KESIHATAN:4 PENDIDIKAN:4 SUKAN:12 BOLA:4 SEPAK:8 BADMINTON:4 LUMBA:12 BASIKAL:4 KERETA:4 TAKRAW:4 SEMUA:4 RENCANA:4 SURAT:4 PEMBACA:4 PILIHAN:4 PANCAINDERA:4 SERI:4 TARIK:2 SUNGAI:1 TIMUN:1 SEPIT:1 BIRU:1 JIKA:1 DIA:1 ENGGAN:1 LEPASKAN:1 SAYA:1 AKAN:1 BUKA:1 FAIL:1 BARU:1 PERLU:1 TANAH:1 PERTANIAN:2 SEBERANG:1 LEBIH:2 SPESIES:1 BURUNG:1 PAYA:1 JADI:1 LOKASI:1 PELANCONGAN:1 SEJUTA:1 NANAS:2 PELANCONG:1 ASING:1 KAMPUNG:1 BEKAS:2 MEKANIK:1 AYAM:1 UBAH:1 NASIB:1 DADAH:1 PELAJAR:1 UNIT:1 TUKUN:1 INOVASI:1 NELAYAN:1 MAS:1 TEKNOLOGI:1 KETAM:1 SELATAN:2 TINGGI:1 AGENSI:1 KERAJAAN:1 TANAM:2 PADI:2 KEPADA:1 PERATUS:1 TAMAN:1 HASIL:1 PROJEK:1 GUNA:1 INI:1 MAHU:1 JELAPANG:1 TERMA:1 DAN:1 POLISI:1 SENARAI:1 KEDAI:1 AKHBAR:1 KAMI:1 HAK:1 CIPTA:1 MULIA:2 SATU:1 LAGI:1
https://www.utusan.com.my/category/gaya/anakku/	UTUSAN:5 MASUK:3 LANGGAN:3 TERKINI:4 NASIONAL:4 JENAYAH:4 KOMUNITI:4 MAHKAMAH:4 POLITIK:4 TRAGEDI:4 EKONOMI:4 HARTANAH:4 KEWANGAN:4 PRODUK:5 RINGGIT:4 LUAR:4 NEGARA:4 BARAT:4 TENGGARA:4 GAYA:4 AGAMA:4 FESYEN:4 GAJET:4 HIBURAN:4 KELUARGA:4 WANITA:4 KESIHATAN:4 PENDIDIKAN:4 SUKAN:12 BOLA:4 SEPAK:8 BADMINTON:4 LUMBA:12 BASIKAL:4 KERETA:4 TAKRAW:4 SEMUA:4 RENCANA:4 SURAT:4 PEMBACA:4 PILIHAN:4 PANCAINDERA:4 SERI:4 KOS:1 TERAPI:3 AUTISME:3 LEWAT:1 KANAK:14 SEMBILAN:1 BULAN:1 TUNGGU:1 LEBIH:1 TAHUN:3 JAGA:1 ANAK:5 SEPERTI:1 BAYI:1 LAHIR:1 TANPA:2 CAHAYA:1 MEMBESAR:1 SUARA:1 PENJAGAAN:1 MANJA:1 YANG:1 KUAT:1 SITI:1 DENGAN:3 PUNCA:2 RABUN:1 BALIGH:1 AWAL:2 TANDA:1 GANGGUAN:1 PADA:1 AKTIF:1 BUKAN:1 VITAMIN:1 RAKAN:1 BENTUK:1 IDENTITI:1 DAN:2 EMOSI:1 BANDAR:1 MESRA:1 LAHIRKAN:1 GENERASI:1 TINGGI:1 TIDAK:1 TIDUR:1 LENCANA:1 JALUR:1 GEMILANG:1 LAMBANG:1 CINTA:1 KEPADA:1 LIMA:1 MASALAH:1 BUDAK:1 TUJUH:1 JUARA:1 DUNIA:2 PIDATO:1 BAHASA:1 TEROKA:1 LAUT:1 USIA:1 LAPAN:1 KAPASITI:1 EMPAT:1 BAHARU:1 TERMA:1 POLISI:1 SENARAI:1 KEDAI:1 AKHBAR:1 KAMI:1 HAK:1 CIPTA:1 MULIA:2 SATU:1 LAGI:1
https://www.utusan.com.my/category/seri/deko/	UTUSAN:1 MASUK:4 LANGGAN:5 INSPIRASI:2 LIKU:2 HIDUP:2 CANTIK:2 RESIPI:2 TERKINI:2 NASIONAL:2 JENAYAH:2 KOMUNITI:2 MAHKAMAH:2 POLITIK:2 TRAGEDI:2 EKONOMI:2 HARTANAH:2 KEWANGAN:2 PRODUK:3 LUAR:2 NEGARA:2 BARAT:2 TENGGARA:2 GAYA:3 AGAMA:2 FESYEN:2 GAJET:2 HIBURAN:2 KELUARGA:2 WANITA:2 KESIHATAN:2 SUKAN:6 BOLA:2 SEPAK:4 BADMINTON:2 LUMBA:6 BASIKAL:2 KERETA:2 TAKRAW:2 SEMUA:2 RENCANA:2 SURAT:2 PEMBACA:2 PANCAINDERA:2 AKAUN:2 JATI:1 KLASIK:1 WARNA:2 TERANG:1 KONSEP:3 CIPTA:3 HIASAN:1 JIWA:2 PEMILIK:1 RUMAH:7 BERI:1 KEPADA:1 NENEK:1 SERI:1 MENENANGKAN:1 JADI:1 SENI:2 BINA:1 IDENTITI:1 GUNA:1 RUANG:1 LAPANG:1 DENGAN:3 BUJANG:1 DAN:2 BAJET:1 TAMPAK:1 MEWAH:1 BERSAMA:1 MANA:1 REKA:1 BENTUK:1 MENJADI:1 SUATU:1 PENGALAMAN:1 HATI:1 BILA:1 TERMA:1 POLISI:1 SENARAI:1 KEDAI:1 AKHBAR:1 KAMI:1 HAK:1 MULIA:2 SATU:1 LAGI:1
https://www.utusan.com.my/category/gaya/fesyen/	FESYEN:27 UTUSAN:5 MASUK:3 LANGGAN:3 TERKINI:4 NASIONAL:4 JENAYAH:4 KOMUNITI:4 MAHKAMAH:4 POLITIK:4 TRAGEDI:4 EKONOMI:4 HARTANAH:4 KEWANGAN:4 PRODUK:5 RINGGIT:4 LUAR:4 NEGARA:4 BARAT:4 TENGGARA:4 GAYA:5 AGAMA:4 GAJET:4 HIBURAN:4 KELUARGA:4 WANITA:4 KESIHATAN:4 PENDIDIKAN:4 SUKAN:12 BOLA:4 SEPAK:8 BADMINTON:4 LUMBA:12 BASIKAL:4 KERETA:4 TAKRAW:4 SEMUA:4 RENCANA:4 SURAT:4 PEMBACA:4 PILIHAN:5 PANCAINDERA:4 SERI:4 HITAM:1 YANG:1 PENUH:1 WATAK:1 BAWA:2 IDENTITI:1 BATANG:1 KAYU:1 TIADA:1 DALAM:4 PENTAS:2 JADI:2 GALERI:1 SENI:1 HIDUP:1 DENGAN:1 CERMIN:1 MATA:1 MEWAH:3 WARISAN:1 NEGERI:1 SEMBILAN:1 BILA:1 BELANG:1 PERJALANAN:1 TAHUN:1 JAM:1 AUTOMATIK:1 PERTAMA:1 BAHU:1 JATUH:1 HATI:1 PADA:1 SIRI:1 JELAJAH:1 KEBAYA:1 LOKASI:1 ILHAM:1 MUTIARA:1 BUKAN:1 SEKADAR:1 CANTIK:1 TERUS:1 NAIK:1 TERMA:1 DAN:1 POLISI:1 SENARAI:1 KEDAI:1 AKHBAR:1 KAMI:1 HAK:1 CIPTA:1 MULIA:2 SATU:1 LAGI:1
https://www.utusan.com.my/category/gaya/gajet/	GAJET:13 UTUSAN:5 MASUK:3 LANGGAN:3 TERKINI:4 NASIONAL:4 JENAYAH:4 KOMUNITI:4 MAHKAMAH:4 POLITIK:5 TRAGEDI:4 EKONOMI:13 HARTANAH:4 KEWANGAN:4 PRODUK:4 RINGGIT:4 LUAR:4 NEGARA:4 BARAT:4 TENGGARA:4 GAYA:4 AGAMA:4 FESYEN:4 HIBURAN:5 KELUARGA:4 WANITA:4 KESIHATAN:4 PENDIDIKAN:4 SUKAN:12 BOLA:4 SEPAK:8 BADMINTON:4 LUMBA:12 BASIKAL:4 KERETA:4 TAKRAW:4 SEMUA:4 RENCANA:4 SURAT:4 PEMBACA:4 PILIHAN:4 PANCAINDERA:4 SERI:4 LANCAR:3 BARISAN:2 DAN:4 SUARA:2 YANG:2 SERBA:1 BAHARU:2 KEKAL:1 JENAMA:1 DENGAN:2 TELEVISYEN:1 PERTAMA:1 DUNIA:3 PENYELESAIAN:1 CANTIK:1 MESRA:1 PENGGUNA:1 BESAR:1 BERITA:2 DALAM:1 SATU:1 PERANTI:1 GENERASI:1 BUKA:1 PENJENAYAH:1 SIBER:1 SASAR:1 LEBIH:1 JUTA:1 SERANGAN:1 BERHENTI:1 MEROKOK:1 EMPAT:1 UTAMA:1 MENARIK:1 KAWAL:1 SENI:1 PANTAS:1 MENONTON:1 SELAMA:1 LIMA:1 JAM:1 PALING:1 RAMAI:1 SAKIT:1 MENTAL:1 TANDA:1 BAKAL:1 DITIPU:1 TERMA:1 POLISI:1 SENARAI:1 KEDAI:1 AKHBAR:1 KAMI:1 HAK:1 CIPTA:1 MULIA:1
https://www.utusan.com.my/category/gaya/hiburan/	HIBURAN:17 UTUSAN:5 MASUK:3 LANGGAN:3 TERKINI:4 NASIONAL:4 JENAYAH:4 KOMUNITI:4 MAHKAMAH:4 POLITIK:4 TRAGEDI:4 EKONOMI:4 HARTANAH:4 KEWANGAN:4 PRODUK:4 RINGGIT:4 LUAR:4 NEGARA:5 BARAT:4 TENGGARA:4 GAYA:4 AGAMA:4 FESYEN:4 GAJET:4 KELUARGA:4 WANITA:4 KESIHATAN:5 PENDIDIKAN:4 SUKAN:12 BOLA:4 SEPAK:8 BADMINTON:4 LUMBA:13 BASIKAL:4 KERETA:4 TAKRAW:4 SEMUA:4 RENCANA:4 SURAT:4 PEMBACA:4 PILIHAN:4 PANCAINDERA:4 SERI:4 BUKAN:1 PEMBEDAHAN:1 TETAPI:1 SAYA:4 EDIT:1 SENDIRI:1 WAJAH:1 DAN:3 TUBUH:1 PEMINAT:2 PERJALANAN:1 SENI:1 MAHU:1 SAJIKAN:1 PERSEMBAHAN:1 BUAT:3 BERITA:7 DUNIA:1 ORANG:1 LAIN:1 BAPA:1 TAK:1 HALANG:1 DENGAN:1 BELUM:1 SEDIA:1 PENTAS:1 MUZIK:1 BABAK:1 ITU:1 KEHENDAK:1 SUDAH:1 LAMA:1 HAD:1 KERJA:1 JAM:1 NAM:1 JEREBU:2 LEBIH:1 KUALA:1 LUMPUR:1 HARAP:1 LEKAS:1 GEMUK:1 PUNCA:1 HILANG:1 TAWARAN:1 PENYANYI:1 NOMBOR:1 SATU:1 PUN:1 ADA:2 APATAH:1 LAGI:1 BEKAS:1 ISTERI:1 SEJAK:1 HARI:1 YANG:2 LALU:1 KASIHAN:1 KALAU:1 SAMPAI:1 MINTA:1 ZAKAT:1 KALI:1 KEDUA:1 AKAN:1 JAGA:1 UNTUK:2 GEMILANG:1 BERSAMA:1 DIA:1 TIDAK:1 PEGANG:1 TELEFON:1 RAMAL:1 PELAKON:1 HEBAT:1 DARIPADA:1 PANDEMIK:1 JANGAN:1 GUNA:1 DOSA:1 PERCUMA:1 KEMBALI:1 KISAH:1 PERINTIS:1 KECIL:1 GETAH:1 TERMA:1 POLISI:1 SENARAI:1 KEDAI:1 AKHBAR:1 KAMI:1 HAK:1 CIPTA:1 MULIA:1
https://www.utusan.com.my/category/gaya/keluarga-wanita/	KELUARGA:7 WANITA:7 UTUSAN:5 MASUK:3 LANGGAN:3 TERKINI:4 NASIONAL:4 JENAYAH:4 KOMUNITI:4 MAHKAMAH:4 POLITIK:4 TRAGEDI:4 EKONOMI:4 HARTANAH:4 KEWANGAN:4 PRODUK:5 RINGGIT:4 LUAR:4 NEGARA:4 BARAT:4 TENGGARA:4 GAYA:10 AGAMA:4 FESYEN:4 GAJET:4 HIBURAN:4 KESIHATAN:4 PENDIDIKAN:4 SUKAN:12 BOLA:4 SEPAK:8 BADMINTON:4 LUMBA:12 BASIKAL:4 KERETA:5 TAKRAW:4 SEMUA:4 RENCANA:4 SURAT:4 PEMBACA:4 PILIHAN:4 PANCAINDERA:4 SERI:4 PERKASA:1 BANDUAN:1 DENGAN:2 JAGA:2 WARGA:1 EMAS:1 JUAL:1 NASI:1 KOS:1 TERAPI:2 AUTISME:3 LEWAT:1 KANAK:6 LEBIH:2 TAHUN:4 ANAK:5 SEPERTI:1 BAYI:2 BERITA:5 MUDA:1 TIDAK:3 SAMBUNG:1 BELAJAR:1 LAHIR:1 TANPA:2 CAHAYA:1 MEMBESAR:1 SUARA:1 SETAKAT:1 HALANG:1 GADIS:1 JAKUN:1 JADI:1 GURU:1 YANG:1 KUAT:1 SITI:1 HILANG:1 MATA:1 KIRI:1 AKIBAT:1 PUNCA:1 RABUN:1 KEGANASAN:1 TERHADAP:1 BEBAN:1 SENYAP:1 DALAM:1 PERKOSA:1 TIRI:1 SELEPAS:1 TAWAN:1 LAUTAN:1 INSPIRASI:1 RAYA:1 DEMI:1 IBU:1 BERSAMA:1 TERMA:1 DAN:1 POLISI:1 SENARAI:1 KEDAI:1 AKHBAR:1 KAMI:1 HAK:1 CIPTA:1 MULIA:2 SATU:1 LAGI:1
https://www.utusan.com.my/category/gaya/kesihatan/	KESIHATAN:8 UTUSAN:5 MASUK:3 LANGGAN:3 TERKINI:4 NASIONAL:4 JENAYAH:4 KOMUNITI:4 MAHKAMAH:4 POLITIK:4 TRAGEDI:4 EKONOMI:4 HARTANAH:4 KEWANGAN:4 PRODUK:5 RINGGIT:4 LUAR:4 NEGARA:4 BARAT:4 TENGGARA:4 GAYA:16 AGAMA:4 FESYEN:4 GAJET:4 HIBURAN:4 KELUARGA:4 WANITA:5 PENDIDIKAN:4 SUKAN:12 BOLA:4 SEPAK:8 BADMINTON:4 LUMBA:12 BASIKAL:4 KERETA:4 TAKRAW:4 SEMUA:5 RENCANA:4 SURAT:4 PEMBACA:4 PILIHAN:4 PANCAINDERA:4 SERI:4 JANGAN:1 IKUT:1 TREND:1 TIDAK:2 MANDI:1 AIS:1 SAKIT:2 LUTUT:1 PADA:1 BOLEH:3 JADI:2 KANSER:2 TANGAN:1 DALAM:2 PERUT:1 BAGI:1 SELAMATKAN:1 JARI:1 HIDUP:1 SIHAT:1 TINGKAT:2 HIDAP:2 SENDI:1 SEBELUM:1 KOS:1 TERAPI:3 AUTISME:3 LEWAT:1 KANAK:6 SEMBILAN:1 BULAN:1 TUNGGU:1 DETIK:1 ENAM:1 IBU:1 JAGA:1 ANAK:2 BUKAN:1 SEKADAR:1 PUTIH:1 PESAKIT:1 BERLAKU:1 TANPA:3 TANDA:1 AWAL:1 BERITA:2 NAJIS:1 HITAM:1 SERIUS:1 LAHIR:1 CAHAYA:1 MEMBESAR:1 SUARA:1 KALSIUM:1 SAHAJA:1 CUKUP:1 TULANG:1 DARAH:1 MERAH:1 AKIBAT:2 CUACA:1 SEJUK:1 JALAN:1 LAJU:1 JANTUNG:1 YANG:1 KUAT:1 SITI:1 TAHUN:1 HILANG:1 MATA:1 KIRI:1 TERMA:1 DAN:1 POLISI:1 SENARAI:1 KEDAI:1 AKHBAR:1 KAMI:1 HAK:1 CIPTA:1 MULIA:2 SATU:1 LAGI:1
https://www.utusan.com.my/category/pendidikan/	PENDIDIKAN:9 UTUSAN:5 MASUK:3 LANGGAN:3 TERKINI:4 NASIONAL:4 JENAYAH:4 KOMUNITI:4 MAHKAMAH:4 POLITIK:4 TRAGEDI:4 EKONOMI:4 HARTANAH:4 KEWANGAN:4 PRODUK:5 RINGGIT:4 LUAR:4 NEGARA:4 BARAT:4 TENGGARA:4 GAYA:4 AGAMA:4 FESYEN:4 GAJET:4 HIBURAN:4 KELUARGA:4 WANITA:4 KESIHATAN:5 SUKAN:12 BOLA:4 SEPAK:8 BADMINTON:4 LUMBA:12 BASIKAL:4 KERETA:4 TAKRAW:4 SEMUA:4 RENCANA:4 SURAT:4 PEMBACA:4 PILIHAN:4 PANCAINDERA:4 SERI:4 BERITA:16 TINGGI:2 PAS:1 MAHU:2 JAWATANKUASA:1 AKTA:1 PROJEK:2 SIAP:1 JADUAL:1 BILIK:1 DARJAH:1 BAGI:1 KEMASUKAN:1 TAHUN:2 SATU:2 PERTAMA:1 DEPAN:2 SEMBILAN:1 BULAN:1 KANAK:2 AUTISME:1 TUNGGU:1 TERAPI:1 JANGAN:1 KESILAPAN:1 LALU:1 SULTAN:2 PENGAJIAN:1 DUNIA:1 GURU:1 ENAM:1 KEKAL:1 BAWAH:1 MULA:1 REFORMASI:1 SEKOLAH:1 MINGGU:1 ARTIKEL:1 PERCUMA:1 BIASISWA:1 PELAJAR:1 MISKIN:1 LAHIR:1 TENAGA:1 MAHIR:1 BELAJAR:2 ANAK:1 MUDA:1 TIDAK:1 SAMBUNG:1 BAKAT:1 KESELAMATAN:1 SIBER:1 LANCAR:1 SEJARAH:1 NEGERI:1 DUA:1 TAHFIZ:1 YAYASAN:1 TERMA:1 DAN:1 POLISI:1 SENARAI:1 KEDAI:1 AKHBAR:1 KAMI:1 HAK:1 CIPTA:1 MULIA:2 LAGI:1
https://www.utusan.com.my/sukan/	SUKAN:28 UTUSAN:5 MASUK:3 LANGGAN:4 TERKINI:4 NASIONAL:5 JENAYAH:4 KOMUNITI:4 MAHKAMAH:4 POLITIK:4 TRAGEDI:4 EKONOMI:4 HARTANAH:4 KEWANGAN:4 PRODUK:4 RINGGIT:4 LUAR:4 NEGARA:9 BARAT:4 TENGGARA:4 GAYA:4 AGAMA:4 FESYEN:4 GAJET:4 HIBURAN:4 KELUARGA:4 WANITA:6 KESIHATAN:4 PENDIDIKAN:4 BOLA:12 SEPAK:19 BADMINTON:8 LUMBA:16 BASIKAL:7 KERETA:6 TAKRAW:9 SEMUA:7 RENCANA:4 SURAT:4 PEMBACA:4 PILIHAN:7 PANCAINDERA:4 SERI:4 EMAS:14 TERUSKAN:3 KETIGA:6 MISI:3 BURU:7 MATA:3 KEMBALI:4 BERAKSI:3 BAKAL:4 DENGAN:3 TUAI:4 HARIMAU:9 SUDAH:2 PIALA:2 TIADA:2 TIDAK:2 KINI:2 LEBIH:3 GARANG:2 CAPAI:2 KATA:4 TENTANG:2 BAHARU:2 MULIA:3 AKHBAR:2 KEDAI:3 ANDA:1 SETIAP:1 PAGI:1 SEJAK:1 BILA:1 MEREKA:1 ADA:1 MANDAT:1 KEDUDUKAN:2 RAJA:3 JANGAN:1 MUFTI:1 PEKERJA:1 TERKEJUT:1 JUMPA:1 BOM:1 LAMA:1 PEGUAM:1 ADAT:1 MOHON:1 MAJLIS:1 TELITI:1 KRISIS:2 NEGERI:3 SEMBILAN:2 KERAJAAN:1 PUSAT:1 TAK:1 BOLEH:1 CAMPUR:1 AWAM:1 TERIMA:1 JUTA:1 LAPOR:1 TOLAK:1 RASUAH:1 JEREBU:2 MANA:1 RAKYAT:1 BAGAIMANA:1 CARA:1 LAGI:3 VIDEO:1 HADIAH:3 KEDUA:2 MAHASISWA:1 KEJOHANAN:1 KEBANGSAAN:2 DARI:1 DALAM:2 EDISI:1 SULUNG:1 SASAR:3 TARIK:1 ANTARABANGSA:1 DAN:3 PERAK:3 ACARA:1 KEPADA:7 SUKU:3 AKHIR:4 DUNIA:3 SELATAN:2 SELEPAS:3 TAHUN:1 KEYAKINAN:1 MUDAH:2 BENAM:1 KONG:1 EMPAT:1 SERVIS:1 SANGKUT:1 AMARAN:1 SEDIA:2 TUGAS:1 DUA:2 LIGA:1 BUKA:3 BAKAT:1 CEMAS:1 BELUM:1 JELMA:2 PINGAT:2 BUKAN:2 CARI:2 PERIBADI:2 TEMBOK:1 FIRDAUS:1 PERLU:2 TIGA:1 PELUMBA:3 DEPAN:1 JERSI:1 PUTIH:1 PILIH:1 SASARAN:1 TERUS:2 JADI:4 SIRI:2 HAKIM:1 TANGGA:1 KETUJUH:1 MOTO:1 DESAK:1 ROMBAK:1 STAF:1 LAIN:2 HOKI:1 TUMBANG:3 PENTAS:2 BINA:2 BADAN:2 BUAT:2 GENGGAM:2 GANGSA:5 MIN:3 GALERI:1 AGUNG:1 PERGERAKAN:1 SAYAP:1 PUTERI:1 GAMBAR:2 TERBAIK:2 SUKMA:2 AKSI:1 BAGI:1 TEMPOH:1 LIMA:1 HARI:2 RAYA:1 BERITA:3 CUACA:1 GANGGU:1 PERSIAPAN:1 KERANJANG:1 PULANG:1 TANPA:1 UCAP:1 TAHNIAH:1 BUTIR:1 PERTAMA:3 TUBUH:1 PACU:1 PEMBANGUNAN:1 TAJAM:1 LANCAR:1 DOKUMENTARI:1 INI:1 MESIN:1 MULA:1 RASA:1 BERSAMA:1 TERMA:1 POLISI:1 SENARAI:1 KAMI:1 HAK:1 CIPTA:1
https://www.utusan.com.my/category/sukan/bola-sepak/	BOLA:24 SEPAK:28 UTUSAN:5 MASUK:3 LANGGAN:3 TERKINI:4 NASIONAL:4 JENAYAH:4 KOMUNITI:4 MAHKAMAH:4 POLITIK:4 TRAGEDI:4 EKONOMI:4 HARTANAH:4 KEWANGAN:4 PRODUK:5 RINGGIT:4 LUAR:4 NEGARA:4 BARAT:4 TENGGARA:4 GAYA:4 AGAMA:4 FESYEN:4 GAJET:4 HIBURAN:4 KELUARGA:5 WANITA:4 KESIHATAN:4 PENDIDIKAN:4 SUKAN:12 BADMINTON:4 LUMBA:12 BASIKAL:4 KERETA:4 TAKRAW:4 SEMUA:4 RENCANA:4 SURAT:4 PEMBACA:4 PILIHAN:6 PANCAINDERA:4 SERI:4 BAWA:1 MOHON:1 MAAF:1 JELAS:1 SEBAB:1 TIDAK:1 TERUS:1 CEMERLANG:1 BERSAMA:1 DEMI:1 SANGGUP:1 BINA:1 HIDUP:1 BAHARU:1 SIAPA:1 AHLI:2 KEMPUNAN:1 IKAT:1 BERI:1 RUANG:1 BUAT:1 PECAH:1 BELANJA:1 BILION:1 HARIMAU:1 MUDA:1 GAGAL:1 KUTIP:1 TIGA:1 MATA:1 MAHU:1 KEMBALI:2 GEMILANG:1 HARAP:1 SEMANGAT:1 SATU:3 LAWAN:1 REBUT:2 KERUSI:2 PRESIDEN:2 TARIK:1 DIRI:1 PEMAIN:1 KENA:1 IKUT:1 SAH:1 PERANG:1 PEMILIHAN:1 JANGAN:1 SEKADAR:1 MAIN:1 TERMA:1 DAN:1 POLISI:1 SENARAI:1 KEDAI:1 AKHBAR:1 KAMI:1 HAK:1 CIPTA:1 MULIA:2 LAGI:1
https://www.utusan.com.my/category/sukan/badminton/	BADMINTON:24 UTUSAN:5 MASUK:3 LANGGAN:3 TERKINI:4 NASIONAL:4 JENAYAH:4 KOMUNITI:4 MAHKAMAH:4 POLITIK:4 TRAGEDI:4 EKONOMI:4 HARTANAH:4 KEWANGAN:4 PRODUK:5 RINGGIT:4 LUAR:4 NEGARA:4 BARAT:4 TENGGARA:4 GAYA:4 AGAMA:4 FESYEN:4 GAJET:4 HIBURAN:4 KELUARGA:4 WANITA:4 KESIHATAN:4 PENDIDIKAN:4 SUKAN:12 BOLA:4 SEPAK:8 LUMBA:12 BASIKAL:4 KERETA:4 TAKRAW:4 SEMUA:4 RENCANA:4 SURAT:4 PEMBACA:4 PILIHAN:4 PANCAINDERA:4 SERI:4 SEPARUH:1 AKHIR:2 KESILAPAN:1 MUDAH:2 JADI:2 DUNIA:1 TEMPAH:1 SUKU:1 MENANG:1 DUA:1 LELAKI:1 TURUT:1 KERJASAMA:1 SULUNG:1 LANGKAH:2 KIRI:1 MINTA:1 MASA:1 LAHIRKAN:1 BAHARU:1 MASIH:1 BURU:1 JURULATIH:1 KANAN:1 UJIAN:1 PERTAMA:1 MUSIM:1 BUAT:2 HARAP:1 DAPAT:1 WEI:2 SAYA:1 UNTUK:1 PIALA:1 SASAR:1 PENTAS:1 ANTARABANGSA:1 SIANG:1 KEMBALI:1 TETAP:1 TERBAIK:1 PEMAIN:2 KENA:1 TERIMA:1 KEPUTUSAN:1 PERLU:1 TERMA:1 DAN:1 POLISI:1 SENARAI:1 KEDAI:1 AKHBAR:1 KAMI:1 HAK:1 CIPTA:1 MULIA:2 SATU:1 LAGI:1
https://www.utusan.com.my/category/sukan/e-sukan/	SUKAN:36 UTUSAN:5 MASUK:3 LANGGAN:3 TERKINI:4 NASIONAL:4 JENAYAH:4 KOMUNITI:4 MAHKAMAH:4 POLITIK:4 TRAGEDI:4 EKONOMI:4 HARTANAH:4 KEWANGAN:4 PRODUK:5 RINGGIT:4 LUAR:4 NEGARA:6 BARAT:4 TENGGARA:4 GAYA:4 AGAMA:4 FESYEN:4 GAJET:4 HIBURAN:4 KELUARGA:5 WANITA:4 KESIHATAN:4 PENDIDIKAN:4 BOLA:4 SEPAK:8 BADMINTON:4 LUMBA:12 BASIKAL:4 KERETA:4 TAKRAW:4 SEMUA:4 RENCANA:4 SURAT:4 PEMBACA:4 PILIHAN:4 PANCAINDERA:4 SERI:4 MAHASISWA:1 KEJOHANAN:3 KEBANGSAAN:1 HADIAH:2 LEBIH:2 DARI:1 BAKAL:2 DALAM:1 EDISI:1 SULUNG:1 SASAR:1 TARIK:1 ANTARABANGSA:1 EMAS:1 DAN:2 PERAK:1 ACARA:1 BUKIT:1 JADI:1 PUSAT:1 JUARA:3 DUNIA:2 UCAP:1 TAHNIAH:1 KEPADA:1 PASUKAN:1 LAGI:2 UDARA:1 PADA:2 TIDAK:1 SOKONG:1 KEJAYAAN:1 BUKA:1 MATA:1 BANYAK:1 PIHAK:1 JUTA:1 TUTUP:1 MULUT:1 TAWAR:1 LUMAYAN:1 BERITA:1 AKAN:1 BESAR:1 SASARAN:1 PINGAT:1 DIBUKA:1 TERMA:1 POLISI:1 SENARAI:1 KEDAI:1 AKHBAR:1 KAMI:1 HAK:1 CIPTA:1 MULIA:2 SATU:1
https://www.utusan.com.my/category/sukan/basikal/	BASIKAL:24 UTUSAN:5 MASUK:3 LANGGAN:3 TERKINI:4 NASIONAL:4 JENAYAH:4 KOMUNITI:4 MAHKAMAH:4 POLITIK:4 TRAGEDI:4 EKONOMI:4 HARTANAH:4 KEWANGAN:4 PRODUK:4 RINGGIT:4 LUAR:4 NEGARA:5 BARAT:4 TENGGARA:4 GAYA:4 AGAMA:4 FESYEN:4 GAJET:4 HIBURAN:4 KELUARGA:4 WANITA:4 KESIHATAN:4 PENDIDIKAN:4 SUKAN:14 BOLA:4 SEPAK:8 BADMINTON:4 LUMBA:12 KERETA:4 TAKRAW:4 SEMUA:4 RENCANA:4 SURAT:4 PEMBACA:4 PILIHAN:4 PANCAINDERA:4 SERI:4 MISI:1 BURU:3 MATA:2 JELMA:1 PINGAT:1 BUKAN:1 CARI:1 PERIBADI:1 TEMBOK:1 FIRDAUS:2 EMAS:1 PERLU:2 TIGA:1 PELUMBA:1 DEPAN:1 JERSI:1 PUTIH:1 KEMBALI:1 PILIH:1 SASARAN:1 TETAP:1 KAYUH:1 JEREBU:1 DIPANTAU:1 LAUNG:1 AMARAN:1 AWAL:1 KUASA:1 PECUTAN:1 JADI:1 KONTINJEN:1 BARISAN:1 ATLET:1 KEYAKINAN:1 LAPANGAN:1 PEMBEDAHAN:1 TULANG:1 SALAH:1 FAHAM:1 KOMUNIKASI:1 PUNCA:1 ISU:1 POLEMIK:1 LANGKAH:1 DAPAT:1 LAMPU:1 HIJAU:1 AIR:1 GUGUR:1 TERIMA:1 EMEL:1 MASA:1 SEMAKIN:1 TERMA:1 DAN:1 POLISI:1 SENARAI:1 KEDAI:1 AKHBAR:1 KAMI:1 HAK:1 CIPTA:1 MULIA:1
https://www.utusan.com.my/category/sukan/lumba-kereta/	LUMBA:32 KERETA:24 UTUSAN:5 MASUK:3 LANGGAN:3 TERKINI:4 NASIONAL:4 JENAYAH:4 KOMUNITI:4 MAHKAMAH:4 POLITIK:4 TRAGEDI:4 EKONOMI:4 HARTANAH:4 KEWANGAN:4 PRODUK:5 RINGGIT:4 LUAR:4 NEGARA:4 BARAT:4 TENGGARA:4 GAYA:4 AGAMA:4 FESYEN:4 GAJET:4 HIBURAN:4 KELUARGA:4 WANITA:4 KESIHATAN:4 PENDIDIKAN:4 SUKAN:12 BOLA:4 SEPAK:8 BADMINTON:4 BASIKAL:4 TAKRAW:4 SEMUA:4 RENCANA:4 SURAT:4 PEMBACA:4 PILIHAN:4 PANCAINDERA:4 SERI:4 BURU:1 KEENAM:1 GAJI:1 MAHU:1 LEBIH:1 KEMAS:1 KEKAL:1 BERSAMA:1 HINGGA:1 SUDAH:1 HILANG:1 BINA:1 DALAM:1 TUJUH:1 HARI:1 UMUM:1 GANGGUAN:1 RENTAK:1 SIRI:1 MAMPU:1 JADI:3 PENTAS:1 DUNIA:2 DUA:1 JAWATANKUASA:1 KHAS:1 SEPANG:2 SEDIA:1 KOS:2 JUTA:1 SATU:2 TAWAR:1 LUMAYAN:1 KEPADA:1 SILAP:1 SENDIRI:1 MISI:1 KECEWA:1 STRATEGI:1 SAMBUT:1 DENGAN:1 FASILITI:1 KELAS:1 TANGGUNG:1 JIKA:1 TUAN:1 RUMAH:1 KEMBALI:2 SELEPAS:1 SEMBILAN:1 TAHUN:1 TERMA:1 DAN:1 POLISI:1 SENARAI:1 KEDAI:1 AKHBAR:1 KAMI:1 HAK:1 CIPTA:1 MULIA:2 LAGI:1
https://www.utusan.com.my/category/sukan/lumba-motor/	LUMBA:32 UTUSAN:5 MASUK:3 LANGGAN:3 TERKINI:4 NASIONAL:4 JENAYAH:4 KOMUNITI:4 MAHKAMAH:4 POLITIK:4 TRAGEDI:4 EKONOMI:4 HARTANAH:4 KEWANGAN:4 PRODUK:5 RINGGIT:4 LUAR:4 NEGARA:4 BARAT:4 TENGGARA:4 GAYA:6 AGAMA:4 FESYEN:4 GAJET:4 HIBURAN:4 KELUARGA:4 WANITA:5 KESIHATAN:4 PENDIDIKAN:4 SUKAN:12 BOLA:4 SEPAK:8 BADMINTON:4 BASIKAL:4 KERETA:4 TAKRAW:4 SEMUA:4 RENCANA:4 SURAT:4 PEMBACA:4 PILIHAN:4 PANCAINDERA:4 SERI:4 HAKIM:5 PERLU:1 UBAH:2 TANGGA:1 PADA:1 HARAP:1 TUAH:1 CUACA:1 JADI:1 TERUS:1 HINGGA:1 AKHIR:1 MUSIM:1 HAD:1 BAJET:1 SEPERTI:1 JANJI:1 TIDAK:1 PEDULI:1 KEDUDUKAN:1 MATA:1 KAGUM:1 JIWA:1 BESAR:1 BELUM:1 WAKIL:1 TUNGGAL:1 MOTO:2 JUARA:1 LAGI:2 KETIGA:2 SEPANG:1 SEDIA:2 TINGKAT:1 BERSAMA:1 KEMBALI:1 TERMA:1 DAN:1 POLISI:1 SENARAI:1 KEDAI:1 AKHBAR:1 KAMI:1 HAK:1 CIPTA:1 MULIA:2 SATU:1
https://www.utusan.com.my/category/sukan/sepak-takraw/	SEPAK:28 TAKRAW:24 UTUSAN:5 MASUK:3 LANGGAN:3 TERKINI:4 NASIONAL:4 JENAYAH:4 KOMUNITI:4 MAHKAMAH:4 POLITIK:4 TRAGEDI:4 EKONOMI:4 HARTANAH:4 KEWANGAN:4 PRODUK:5 RINGGIT:4 LUAR:4 NEGARA:4 BARAT:4 TENGGARA:4 GAYA:4 AGAMA:4 FESYEN:4 GAJET:4 HIBURAN:4 KELUARGA:4 WANITA:4 KESIHATAN:4 PENDIDIKAN:4 SUKAN:14 BOLA:4 BADMINTON:4 LUMBA:12 BASIKAL:4 KERETA:4 SEMUA:4 RENCANA:4 SURAT:4 PEMBACA:4 PILIHAN:4 PANCAINDERA:4 SERI:4 TEKAD:1 KEMARAU:2 EMAS:2 TAHUN:2 PENTAS:1 MAHU:1 APIT:1 KIRI:1 BURU:1 DUA:2 TERUS:1 KEMPUNAN:1 GAGAL:1 PIALA:3 RAJA:3 GUGUR:1 TINDAKAN:2 TUJUH:1 PEMAIN:2 GANTUNG:1 LIMA:1 DAN:2 JURULATIH:1 HANTAR:1 TIADA:1 BIAR:1 JAWATANKUASA:2 BUAT:1 KERJA:1 ATLET:1 TIGA:2 PEGAWAI:1 TIDAK:1 REHAT:1 BULAN:1 CIPTA:2 SEJARAH:1 JULANG:1 ACARA:2 SAH:1 TERLEPAS:1 AKSI:1 RAMALAN:1 TERMA:1 POLISI:1 SENARAI:1 KEDAI:1 AKHBAR:1 KAMI:1 HAK:1 MULIA:2 SATU:1 LAGI:1
https://www.utusan.com.my/category/sukan/	SUKAN:28 UTUSAN:5 MASUK:3 LANGGAN:4 TERKINI:4 NASIONAL:5 JENAYAH:4 KOMUNITI:4 MAHKAMAH:4 POLITIK:4 TRAGEDI:4 EKONOMI:4 HARTANAH:4 KEWANGAN:4 PRODUK:4 RINGGIT:4 LUAR:4 NEGARA:9 BARAT:4 TENGGARA:4 GAYA:4 AGAMA:4 FESYEN:4 GAJET:4 HIBURAN:4 KELUARGA:4 WANITA:6 KESIHATAN:4 PENDIDIKAN:4 BOLA:12 SEPAK:19 BADMINTON:8 LUMBA:16 BASIKAL:7 KERETA:6 TAKRAW:9 SEMUA:7 RENCANA:4 SURAT:4 PEMBACA:4 PILIHAN:7 PANCAINDERA:4 SERI:4 EMAS:14 TERUSKAN:3 KETIGA:6 MISI:3 BURU:7 MATA:3 KEMBALI:4 BERAKSI:3 BAKAL:4 DENGAN:3 TUAI:4 HARIMAU:9 SUDAH:2 PIALA:2 TIADA:2 TIDAK:2 KINI:2 LEBIH:3 GARANG:2 CAPAI:2 KATA:4 TENTANG:2 BAHARU:2 MULIA:3 AKHBAR:2 KEDAI:3 ANDA:1 SETIAP:1 PAGI:1 SEJAK:1 BILA:1 MEREKA:1 ADA:1 MANDAT:1 KEDUDUKAN:2 RAJA:3 JANGAN:1 MUFTI:1 PEKERJA:1 TERKEJUT:1 JUMPA:1 BOM:1 LAMA:1 PEGUAM:1 ADAT:1 MOHON:1 MAJLIS:1 TELITI:1 KRISIS:2 NEGERI:3 SEMBILAN:2 KERAJAAN:1 PUSAT:1 TAK:1 BOLEH:1 CAMPUR:1 AWAM:1 TERIMA:1 JUTA:1 LAPOR:1 TOLAK:1 RASUAH:1 JEREBU:2 MANA:1 RAKYAT:1 BAGAIMANA:1 CARA:1 LAGI:3 VIDEO:1 HADIAH:3 KEDUA:2 MAHASISWA:1 KEJOHANAN:1 KEBANGSAAN:2 DARI:1 DALAM:2 EDISI:1 SULUNG:1 SASAR:3 TARIK:1 ANTARABANGSA:1 DAN:3 PERAK:3 ACARA:1 KEPADA:7 SUKU:3 AKHIR:4 DUNIA:3 SELATAN:2 SELEPAS:3 TAHUN:1 KEYAKINAN:1 MUDAH:2 BENAM:1 KONG:1 EMPAT:1 SERVIS:1 SANGKUT:1 AMARAN:1 SEDIA:2 TUGAS:1 DUA:2 LIGA:1 BUKA:3 BAKAT:1 CEMAS:1 BELUM:1 JELMA:2 PINGAT:2 BUKAN:2 CARI:2 PERIBADI:2 TEMBOK:1 FIRDAUS:1 PERLU:2 TIGA:1 PELUMBA:3 DEPAN:1 JERSI:1 PUTIH:1 PILIH:1 SASARAN:1 TERUS:2 JADI:4 SIRI:2 HAKIM:1 TANGGA:1 KETUJUH:1 MOTO:1 DESAK:1 ROMBAK:1 STAF:1 LAIN:2 HOKI:1 TUMBANG:3 PENTAS:2 BINA:2 BADAN:2 BUAT:2 GENGGAM:2 GANGSA:5 MIN:3 GALERI:1 AGUNG:1 PERGERAKAN:1 SAYAP:1 PUTERI:1 GAMBAR:2 TERBAIK:2 SUKMA:2 AKSI:1 BAGI:1 TEMPOH:1 LIMA:1 HARI:2 RAYA:1 BERITA:3 CUACA:1 GANGGU:1 PERSIAPAN:1 KERANJANG:1 PULANG:1 TANPA:1 UCAP:1 TAHNIAH:1 BUTIR:1 PERTAMA:3 TUBUH:1 PACU:1 PEMBANGUNAN:1 TAJAM:1 LANCAR:1 DOKUMENTARI:1 INI:1 MESIN:1 MULA:1 RASA:1 BERSAMA:1 TERMA:1 POLISI:1 SENARAI:1 KAMI:1 HAK:1 CIPTA:1
https://www.utusan.com.my/rencana/	RENCANA:8 UTUSAN:6 MASUK:3 LANGGAN:6 SURAT:2 PEMBACA:2 TERKINI:2 NASIONAL:2 JENAYAH:2 KOMUNITI:2 MAHKAMAH:2 POLITIK:2 EKONOMI:2 HARTANAH:2 KEWANGAN:2 PRODUK:2 RINGGIT:2 LUAR:2 NEGARA:5 BARAT:2 TENGGARA:2 GAYA:2 AGAMA:2 FESYEN:2 GAJET:2 HIBURAN:2 KELUARGA:2 WANITA:2 KESIHATAN:2 SUKAN:6 BOLA:2 SEPAK:4 BADMINTON:2 LUMBA:6 BASIKAL:2 KERETA:2 TAKRAW:2 PANCAINDERA:2 SERI:2 AKAUN:2 SEMAKIN:3 RAMAI:3 GUNA:3 SOSIAL:3 SECARA:3 SEMPADAN:3 GAJI:3 KECIL:3 DAN:4 SEDERHANA:3 MENGAPA:3 LORI:3 SERING:3 DARI:1 BAHARU:1 ANTARA:1 INTEGRITI:1 BUAT:1 PERSEDIAAN:1 SEBELUM:1 BUKAN:2 NARATIF:1 PENJAJAHAN:1 KESESAKAN:1 LEBUH:1 RAYA:2 DIA:1 SAHAJA:1 YANG:1 BETUL:1 APA:1 TAHAN:1 BANJIR:1 DEMIKIAN:1 SINDROM:1 ORANG:1 DAH:1 TUA:1 SUDAH:1 TERLALU:1 LAMA:2 JEREBU:2 KERANA:1 TAKUT:1 KALAH:1 MENANTI:1 KEADILAN:1 JANGAN:2 KAIT:1 DENGAN:1 MAHU:1 UNDI:1 MENANG:1 PILIHAN:1 KEMBALI:1 PERPADUAN:1 UMMAH:1 MULIA:3 AKHBAR:2 KEDAI:3 ANDA:1 SETIAP:1 PAGI:1 SEJAK:1 BILA:1 MEREKA:1 ADA:1 MANDAT:1 KEDUDUKAN:1 RAJA:3 MUFTI:1 PEKERJA:1 TERKEJUT:1 JUMPA:1 BOM:1 PEGUAM:1 ADAT:1 MOHON:1 MAJLIS:1 TELITI:1 KRISIS:2 NEGERI:2 SEMBILAN:1 KERAJAAN:1 PUSAT:1 TAK:1 BOLEH:1 CAMPUR:1 AWAM:1 TERIMA:1 JUTA:1 LAPOR:1 TOLAK:1 RASUAH:1 MANA:1 RAKYAT:1 BAGAIMANA:1 CARA:1 LAGI:1 VIDEO:1 TERMA:1 POLISI:1 SENARAI:1 KAMI:1 HAK:1 CIPTA:1
https://www.utusan.com.my/category/rencana/surat-pembaca/	SURAT:6 PEMBACA:6 UTUSAN:5 MASUK:3 LANGGAN:3 TERKINI:4 NASIONAL:4 JENAYAH:4 KOMUNITI:4 MAHKAMAH:4 POLITIK:5 TRAGEDI:4 EKONOMI:4 HARTANAH:4 KEWANGAN:4 PRODUK:4 RINGGIT:4 LUAR:4 NEGARA:5 BARAT:4 TENGGARA:4 GAYA:4 AGAMA:5 FESYEN:4 GAJET:4 HIBURAN:4 KELUARGA:4 WANITA:4 KESIHATAN:5 PENDIDIKAN:4 SUKAN:12 BOLA:4 SEPAK:8 BADMINTON:4 LUMBA:12 BASIKAL:4 KERETA:4 TAKRAW:4 SEMUA:4 RENCANA:4 PILIHAN:4 PANCAINDERA:4 SERI:4 SEMAKIN:2 RAMAI:1 GUNA:2 SOSIAL:1 SECARA:1 SEMPADAN:1 GAJI:1 KECIL:1 DAN:2 SEDERHANA:1 MENGAPA:1 LORI:1 SERING:1 INTEGRITI:1 BUAT:1 PERSEDIAAN:1 SEBELUM:1 KEADILAN:1 PERLU:5 DALAM:2 HAJI:1 BEKALAN:1 LEBIH:2 CEKAP:1 ADAKAH:1 PELAJAR:1 BENAR:2 BIDANG:1 SAINS:1 APA:1 YANG:1 PULANG:1 DARI:1 AJAR:1 MURID:1 DENGAN:1 BEBAN:1 CUKAI:1 RAKYAT:1 ILMU:1 PERANG:1 TELUK:1 BAHARU:1 BELAJAR:1 DARIPADA:1 KEHIDUPAN:1 GUNUNG:1 MELALUI:1 MASIH:1 BOLEH:1 MOHON:1 TERMA:1 POLISI:1 SENARAI:1 KEDAI:1 AKHBAR:1 KAMI:1 HAK:1 CIPTA:1 MULIA:1
https://www.utusan.com.my/category/rencana/wawancara/	UTUSAN:5 MASUK:3 LANGGAN:3 TERKINI:4 NASIONAL:4 JENAYAH:4 KOMUNITI:4 MAHKAMAH:4 POLITIK:7 TRAGEDI:4 EKONOMI:4 HARTANAH:4 KEWANGAN:4 PRODUK:4 RINGGIT:4 LUAR:4 NEGARA:4 BARAT:4 TENGGARA:4 GAYA:4 AGAMA:4 FESYEN:4 GAJET:4 HIBURAN:4 KELUARGA:4 WANITA:5 KESIHATAN:4 PENDIDIKAN:4 SUKAN:12 BOLA:4 SEPAK:8 BADMINTON:4 LUMBA:12 BASIKAL:4 KERETA:4 TAKRAW:4 SEMUA:5 RENCANA:14 SURAT:4 PEMBACA:4 PILIHAN:5 PANCAINDERA:4 SERI:4 SUDAH:3 TERLALU:1 LAMA:1 JEREBU:1 BUKAN:4 KERANA:1 TAKUT:1 KALAH:1 MENANTI:1 KEADILAN:1 JANGAN:1 KAIT:1 DENGAN:1 MAHU:1 UNDI:2 MENANG:1 RAYA:1 KEMBALI:1 PERPADUAN:1 UMMAH:1 TIDAK:2 BERERTI:1 DIAM:1 PUTERI:1 ANGKAT:1 SAMPAI:1 MASA:1 UNTUK:2 LAWAN:1 KITA:1 MAMPU:1 PAS:1 KERUSI:1 KUASA:1 RASIS:1 TETAP:1 SETIA:1 BERSATU:2 PERLU:1 TAHUN:1 MERDEKA:1 TAK:1 MASIH:1 LAGI:1 AMBIL:1 MAHA:1 ILMU:1 PERTANIAN:1 PILIH:1 PADA:1 STRATEGI:1 PEJAL:1 TERHADAP:1 PRINSIP:1 MULA:1 BUKA:1 PINTU:1 BOLEH:1 ORANG:1 KEPADA:1 JIKA:1 JADI:1 LEBIH:1 AWAL:1 ISU:1 SELESAI:1 TERMA:1 DAN:1 POLISI:1 SENARAI:1 KEDAI:1 AKHBAR:1 KAMI:1 HAK:1 CIPTA:1 MULIA:1
https://www.utusan.com.my/pilihan-utusan/	PILIHAN:6 UTUSAN:7 MASUK:3 LANGGAN:4 TERKINI:4 NASIONAL:4 JENAYAH:4 KOMUNITI:6 MAHKAMAH:4 POLITIK:4 TRAGEDI:4 EKONOMI:4 HARTANAH:4 KEWANGAN:5 PRODUK:4 RINGGIT:4 LUAR:4 NEGARA:7 BARAT:4 TENGGARA:4 GAYA:4 AGAMA:5 FESYEN:4 GAJET:4 HIBURAN:4 KELUARGA:4 WANITA:4 KESIHATAN:4 PENDIDIKAN:4 SUKAN:13 BOLA:4 SEPAK:8 BADMINTON:4 LUMBA:12 BASIKAL:4 KERETA:4 TAKRAW:4 SEMUA:4 RENCANA:4 SURAT:4 PEMBACA:4 PANCAINDERA:4 SERI:4 SASAR:1 DALAM:1 ORANG:1 BEKERJA:1 SENDIRI:1 DISKAUN:2 MEGA:3 DAN:5 PEKERJA:2 TINGKAT:1 KERJASAMA:1 PERTAHANAN:1 LEBIH:3 STRATEGIK:1 APAKAH:1 PANDUAN:1 LENGKAP:1 UNTUK:4 PENGGUNA:1 TAWAR:3 SEHINGGA:1 PERATUS:3 PENDAPATAN:1 JOM:1 PULAU:1 PINANG:1 HIMPUN:2 KEPERLUAN:1 HARIAN:1 KOR:1 SISWA:1 SISWI:1 DUNIA:1 TANPA:1 SEMPADAN:1 TANAH:1 AIR:2 KITA:1 BERSAMA:1 TEKNOLOGI:1 MULIA:3 AKHBAR:2 KEDAI:3 ANDA:2 SETIAP:1 PAGI:1 SEJAK:1 BILA:1 MEREKA:1 ADA:1 MANDAT:1 KEDUDUKAN:1 RAJA:3 JANGAN:1 MUFTI:1 TERKEJUT:1 JUMPA:1 BOM:1 LAMA:1 PEGUAM:1 ADAT:1 MOHON:1 MAJLIS:1 TELITI:1 KRISIS:2 NEGERI:2 SEMBILAN:1 KERAJAAN:1 PUSAT:1 TAK:1 BOLEH:1 CAMPUR:1 AWAM:1 TERIMA:1 JUTA:2 LAPOR:1 TOLAK:1 RASUAH:1 JEREBU:1 MANA:1 RAKYAT:2 BAGAIMANA:1 CARA:1 LAGI:1 VIDEO:1 KREATIVITI:1 MELALUI:1 RESIPI:1 SEGERA:1 PERAK:2 PENTADBIRAN:1 TATAKELOLA:1 MASJID:1 TIGA:1 DEKAD:2 PERKASA:1 BAKAT:1 LAHIR:1 PEMIMPIN:1 RANGKAIAN:1 PELANCONGAN:1 ANTARABANGSA:1 LANCAR:1 TERUS:1 DARI:1 PACU:1 MASA:1 DEPAN:1 PEMBANGUNAN:1 YANG:1 INDIVIDU:1 PADA:1 HARI:1 MERDEKA:1 BIRU:1 KEKAL:1 KELAS:1 SELAMAT:1 HUJAN:1 LEBAT:1 PUNCA:1 SUNGAI:1 ENAM:1 KEMAJUAN:1 SALUR:1 DANA:1 MANFAAT:2 PENYAKIT:1 KRITIKAL:1 WARISAN:1 ALAM:1 SEMULA:1 JADI:1 KEMATIAN:1 TERMA:1 POLISI:1 SENARAI:1 KAMI:1 HAK:1 CIPTA:1
https://www.utusan.com.my/pancaindera/	PANCAINDERA:1 UTUSAN:1 MASUK:3 LANGGAN:6 KHABAR:3 HANGAT:3 JEJAK:4 SASTERA:5 BUDAYA:3 SERAM:2 TERKINI:2 NASIONAL:3 JENAYAH:2 KOMUNITI:2 MAHKAMAH:2 POLITIK:2 TRAGEDI:2 EKONOMI:2 HARTANAH:2 KEWANGAN:2 PRODUK:2 LUAR:2 NEGARA:3 BARAT:2 TENGGARA:2 GAYA:2 AGAMA:2 FESYEN:2 GAJET:2 HIBURAN:5 KELUARGA:2 WANITA:3 KESIHATAN:2 SUKAN:6 BOLA:2 SEPAK:4 BADMINTON:2 LUMBA:6 BASIKAL:2 KERETA:2 TAKRAW:2 SEMUA:3 RENCANA:2 SURAT:2 PEMBACA:2 SERI:2 AKAUN:2 BERITA:16 BAKAT:2 DAN:5 ADAB:1 PERLU:2 PILIH:2 ENGGAN:3 TERUS:1 MASA:1 LALU:1 KITA:6 MATA:3 TIGA:2 ISU:1 DADAH:2 PENYANYI:1 DIRI:4 KARYA:2 JUGA:2 ADA:3 TUGAS:1 BERAT:1 PERNAH:2 PERASAAN:2 TERHADAP:1 SENDIRI:2 KERANA:1 TANGGUNGJAWAB:1 SEBAGAI:1 YANG:3 SAYA:4 TIDAK:4 STESEN:1 BAYAR:1 GUNA:1 TERBANG:1 SELEPAS:1 ITU:1 FILEM:2 RAHMAT:1 BIRU:1 NOSTALGIA:1 DEKAD:1 SIAPA:2 ATAU:1 CINTA:2 DALAM:6 SEKAM:1 KENAPA:1 SUKA:1 TRAGIK:1 KAMI:2 BUKAN:4 MANUSIA:1 TAPI:2 CUMA:1 MULIA:3 AKHBAR:2 KEDAI:3 ANDA:1 SETIAP:1 PAGI:1 SEJAK:2 BILA:1 MEREKA:1 MANDAT:1 KEDUDUKAN:1 RAJA:3 JANGAN:2 MUFTI:1 PEKERJA:1 TERKEJUT:1 JUMPA:1 BOM:1 LAMA:2 PEGUAM:1 ADAT:1 MOHON:1 MAJLIS:1 TELITI:1 KRISIS:3 NEGERI:3 SEMBILAN:2 KERAJAAN:1 PUSAT:1 TAK:1 BOLEH:2 CAMPUR:1 AWAM:1 TERIMA:1 JUTA:1 LAPOR:1 TOLAK:1 RASUAH:1 JEREBU:2 MANA:1 RAKYAT:1 BAGAIMANA:1 CARA:1 LAGI:3 VIDEO:1 BAJU:1 BATIK:1 MELIHAT:1 BENAR:3 NANA:1 SANGGUP:1 BELAJAR:1 BUAT:2 KOPI:1 DEMI:2 BARIS:1 TAHUN:2 BAIK:1 UNTUK:2 PAPA:1 MODEN:1 HIDUP:1 BAHARU:1 PERJALANAN:1 KURUS:1 TERLALU:2 MAHU:1 LEBIH:1 MAIN:1 MUZIK:1 TUNJUK:1 HEBAT:1 PEMINAT:1 GELANG:1 LIMA:2 BINTANG:1 SEMOGA:1 INDAH:1 TOLONG:1 BERI:1 CUKUP:1 MUNGKIN:1 PENONTON:1 SENTUH:1 SOAL:1 MAK:2 BAPA:1 KALAU:1 MINAT:1 PAYAH:1 TENGOK:1 TURUNKAN:1 MARTABAT:1 GALERI:1 AGUNG:1 PERGERAKAN:1 SAYAP:1 PUTERI:1 GAMBAR:2 TERBAIK:2 SUKMA:2 AKSI:1 BAGI:1 TEMPOH:1 HARI:1 PILIHAN:1 RAYA:1 KECIL:1 BERBEZA:1 USAH:1 SOSIAL:1 JALAN:1 MENUJU:1 NABI:1 DARIPADA:1 TAASUB:1 MASYARAKAT:2 TEATER:1 BERJAYA:1 TOMYAM:1 BERDARAH:1 PANTUN:1 DUA:1 KERAT:1 SEMANGAT:1 CITRA:1 NARATIF:1 PENULIS:1 MUDA:1 MENGISI:1 MAKAN:4 IKAN:4 TANPA:1 TULANG:1 BUNGA:1 GULAI:1 RASA:2 ASLI:1 STIM:1 LIAR:1 SUNGAI:2 JELAI:1 WARISAN:1 PIZA:1 DENGAN:1 KAMPUNG:1 SYURGA:1 MAKANAN:1 WARUNG:1 NASI:1 TALAM:1 TERMA:1 POLISI:1 SENARAI:1 HAK:1 CIPTA:1
https://www.utusan.com.my/seri/	SERI:4 UTUSAN:1 MASUK:3 LANGGAN:6 INSPIRASI:7 LIKU:4 HIDUP:4 CANTIK:6 RESIPI:4 TERKINI:3 NASIONAL:2 JENAYAH:2 KOMUNITI:2 MAHKAMAH:2 POLITIK:2 TRAGEDI:2 EKONOMI:2 HARTANAH:2 KEWANGAN:2 PRODUK:2 LUAR:3 NEGARA:3 BARAT:2 TENGGARA:2 GAYA:9 AGAMA:4 FESYEN:3 GAJET:2 HIBURAN:2 KELUARGA:3 WANITA:6 KESIHATAN:2 SUKAN:6 BOLA:3 SEPAK:5 BADMINTON:2 LUMBA:6 BASIKAL:2 KERETA:2 TAKRAW:2 SEMUA:2 RENCANA:2 SURAT:2 PEMBACA:2 PANCAINDERA:2 AKAUN:2 NUR:5 DUNIA:11 LANGIT:1 SAKSI:1 PERJUANGAN:1 KAPTEN:1 PENJAGA:1 ADA:2 PENGORBANAN:1 RUMAH:4 MEWAH:2 MODEN:2 DALAM:6 SEJARAH:2 KUCING:2 DISAYANGI:1 DUA:1 TIDAK:1 PERLU:2 ALASAN:1 SULAM:2 CERITA:2 BAPA:5 TINGGAL:2 HUTANG:2 ANAK:9 PSIKOLOGI:3 SAKIT:2 MENTAL:2 DARIPADA:2 IBU:8 JANGAN:3 HANYA:1 SEKADAR:1 MANGSA:1 PILIH:3 DIRI:1 SETIAP:2 BULAN:1 JADI:5 MESIN:1 PEREMPUAN:1 UNTUK:2 BERUBAH:1 TUNGGAL:1 JAGA:2 JARAK:1 DENGAN:1 MENANTU:1 MUSNAH:1 KERANA:1 FITNAH:1 VIDEO:3 BINTI:8 TANGGA:1 LUCAH:1 BERAPA:1 BANYAK:1 LAGI:5 NYAWA:1 HATI:1 ATAU:1 SUAMI:1 MULIA:3 AKHBAR:2 KEDAI:3 ANDA:1 PAGI:1 SEJAK:1 BILA:1 MEREKA:1 MANDAT:1 KEDUDUKAN:1 RAJA:3 MUFTI:1 PEKERJA:1 TERKEJUT:1 JUMPA:1 BOM:1 LAMA:1 PEGUAM:1 ADAT:1 MOHON:1 MAJLIS:1 TELITI:1 KRISIS:2 NEGERI:3 SEMBILAN:2 KERAJAAN:1 PUSAT:1 TAK:1 BOLEH:1 CAMPUR:1 AWAM:1 TERIMA:1 JUTA:1 LAPOR:1 TOLAK:1 RASUAH:1 JEREBU:3 MANA:1 RAKYAT:1 BAGAIMANA:1 CARA:1 SEBAGAI:1 RATU:2 MUZIK:1 KEMATIAN:1 BEKAS:1 BANJIR:1 SELAMATKAN:1 MENTUA:1 TAHUN:3 SEMULA:1 WARKAH:1 GONCANG:1 EMPAYAR:1 TIMUR:1 DEDAH:1 DALANG:1 RENTAS:1 SEMPADAN:1 KEBENARAN:1 MATA:1 SIRI:1 TENANG:1 DAN:3 AMBIL:1 RINGAN:1 SAYA:1 BUAT:1 SENDIRI:1 SEDAP:1 BUKAN:1 SELEPAS:1 BAYI:1 LAHIR:1 GERAN:1 PERUBATAN:1 BEBAN:1 KANAK:2 INI:1 RAHSIA:1 KEKAL:1 USIA:1 TOPI:1 BAWA:2 BEG:1 KECIL:1 GALERI:1 AGUNG:1 PERGERAKAN:1 SAYAP:1 PUTERI:1 GAMBAR:2 TERBAIK:2 SUKMA:2 AKSI:1 BAGI:1 TEMPOH:1 LIMA:1 HARI:1 PILIHAN:1 RAYA:1 SIMPULAN:1 TERAPI:1 MINDA:1 SANGGUP:1 DEMI:1 CAP:1 UBAH:2 KERTAS:1 KARYA:1 PENUH:1 MAKNA:1 JAMBANGAN:1 BUKA:1 RUANG:1 KREATIVITI:2 BANTAL:1 AIN:1 SENI:1 ATAS:1 CERMIN:1 BAJU:1 TITIK:1 MULA:1 JAHIT:1 DAGING:1 GORENG:1 HALIA:1 ALA:1 BADAK:1 LEMBUT:1 PULUT:1 KUNING:1 MADANI:1 DEKORASI:1 HIJAU:1 JATI:1 KLASIK:1 WARNA:1 TERANG:1 TERMA:1 POLISI:1 SENARAI:1 KAMI:1 HAK:1 CIPTA:1
https://www.utusan.com.my/category/pr-newswire-bm/	UTUSAN:5 MASUK:3 LANGGAN:3 TERKINI:5 NASIONAL:4 JENAYAH:4 KOMUNITI:4 MAHKAMAH:4 POLITIK:4 TRAGEDI:4 EKONOMI:4 HARTANAH:4 KEWANGAN:4 PRODUK:5 RINGGIT:4 LUAR:5 NEGARA:5 BARAT:4 TENGGARA:5 GAYA:4 AGAMA:4 FESYEN:4 GAJET:4 HIBURAN:4 KELUARGA:4 WANITA:5 KESIHATAN:4 PENDIDIKAN:4 SUKAN:12 BOLA:4 SEPAK:8 BADMINTON:4 LUMBA:12 BASIKAL:4 KERETA:5 TAKRAW:4 SEMUA:4 RENCANA:4 SURAT:4 PEMBACA:4 PILIHAN:4 PANCAINDERA:4 SERI:4 PADA:4 ACARA:1 BAHARU:3 KERTAS:1 PUTIH:1 PINTAR:2 DALAM:2 MENCIPTA:1 BERSAMA:1 MASA:1 DEPAN:1 BAWA:1 TIGA:1 API:1 PENUH:1 DAN:4 PENYELESAIAN:2 HUJUNG:2 GEN:1 PERHATIAN:1 PEMPENGARUH:1 ASING:1 TEROKA:1 TIMUR:1 LAUT:1 PESTA:1 LANCAR:1 PROGRAM:1 PERKHIDMATAN:2 UNTUK:7 PEMBELI:1 MAJLIS:1 BERLIAN:3 SEMULA:4 JADI:2 DILANCARKAN:1 SEBAGAI:1 KOLEKTIF:1 DENGAN:3 STRATEGI:1 MENGHIDUPKAN:1 YANG:2 PENGELUARAN:2 BATERI:1 BESAR:1 SIRI:1 PERKASA:1 KOMPUTER:1 RIBA:1 PERTAMA:2 KEDUDUKAN:2 SEPARUH:1 MEMBUAT:1 MERCU:1 TANDA:1 KETIBAAN:1 BARISAN:1 DINDING:1 LANCARKAN:1 PERJALANAN:1 TERIMA:1 TAHUN:1 KETUJUH:1 TURUT:1 KALI:1 KEDUA:1 PUSAT:1 SOKONG:1 INFRASTRUKTUR:1 PUTERA:1 MAHKOTA:1 MELANCARKAN:1 KENDERAAN:1 TERUS:1 AUTOMOTIF:1 FAHAM:1 PUNCA:1 SELATAN:1 TAWAR:1 KERJASAMA:1 PEMANDU:1 LORI:1 BUANG:1 SISA:1 KIMIA:1 BERI:1 AMARAN:1 KEPADA:1 JANGAN:1 SENTUH:1 ISU:1 HAK:2 ASASI:1 POLIS:1 KESAN:1 MOTOSIKAL:1 LANGGAR:1 DUA:1 MURID:1 PEREMPUAN:1 SOSIAL:1 TERMA:1 POLISI:1 SENARAI:1 KEDAI:1 AKHBAR:1 KAMI:1 CIPTA:1 MULIA:1
https://www.utusan.com.my/category/pr-newswire-en/	UTUSAN:5 MASUK:3 LANGGAN:3 TERKINI:5 NASIONAL:4 JENAYAH:4 KOMUNITI:4 MAHKAMAH:4 POLITIK:4 TRAGEDI:4 EKONOMI:4 HARTANAH:4 KEWANGAN:4 PRODUK:4 RINGGIT:4 LUAR:4 NEGARA:4 BARAT:4 TENGGARA:4 GAYA:4 AGAMA:4 FESYEN:4 GAJET:4 HIBURAN:4 KELUARGA:4 WANITA:5 KESIHATAN:4 PENDIDIKAN:4 SUKAN:12 BOLA:4 SEPAK:8 BADMINTON:4 LUMBA:12 BASIKAL:4 KERETA:4 TAKRAW:4 SEMUA:4 RENCANA:4 SURAT:4 PEMBACA:4 PILIHAN:4 PANCAINDERA:4 SERI:4 MONITOR:1 KONG:1 LONG:1 WANG:1 PROGRAM:1 GEN:1 FAHAM:1 PUNCA:1 SELATAN:1 TAWAR:1 KERJASAMA:1 DENGAN:1 PEMANDU:1 LORI:1 BUANG:1 SISA:1 KIMIA:1 BERI:1 AMARAN:1 KEPADA:1 JANGAN:1 SENTUH:1 ISU:1 HAK:2 ASASI:1 POLIS:1 KESAN:1 MOTOSIKAL:1 LANGGAR:1 DUA:1 MURID:1 PEREMPUAN:1 SOSIAL:1 TERMA:1 DAN:1 POLISI:1 SENARAI:1 KEDAI:1 AKHBAR:1 KAMI:1 CIPTA:1 MULIA:1
https://utusan.com.my/akaun/	AKAUN:1 UTUSAN:5 MASUK:3 LANGGAN:3 TERKINI:4 NASIONAL:4 JENAYAH:4 KOMUNITI:4 MAHKAMAH:4 POLITIK:4 TRAGEDI:4 EKONOMI:4 HARTANAH:4 KEWANGAN:4 PRODUK:4 RINGGIT:4 LUAR:4 NEGARA:4 BARAT:4 TENGGARA:4 GAYA:4 AGAMA:4 FESYEN:4 GAJET:4 HIBURAN:4 KELUARGA:4 WANITA:4 KESIHATAN:4 PENDIDIKAN:4 SUKAN:12 BOLA:4 SEPAK:8 BADMINTON:4 LUMBA:12 BASIKAL:4 KERETA:4 TAKRAW:4 SEMUA:4 RENCANA:4 SURAT:4 PEMBACA:4 PILIHAN:4 PANCAINDERA:4 SERI:4 TERMA:1 DAN:1 POLISI:1 SENARAI:1 KEDAI:1 AKHBAR:1 KAMI:1 HAK:1 CIPTA:1 MULIA:1
https://utusan.com.my/langgan	LANGGAN:12 UTUSAN:5 MASUK:3 TERKINI:5 NASIONAL:5 JENAYAH:4 KOMUNITI:4 MAHKAMAH:4 POLITIK:4 TRAGEDI:4 EKONOMI:5 HARTANAH:4 KEWANGAN:4 PRODUK:5 RINGGIT:4 LUAR:5 NEGARA:5 BARAT:4 TENGGARA:4 GAYA:4 AGAMA:4 FESYEN:5 GAJET:4 HIBURAN:6 KELUARGA:5 WANITA:5 KESIHATAN:4 PENDIDIKAN:5 SUKAN:13 BOLA:4 SEPAK:8 BADMINTON:4 LUMBA:12 BASIKAL:4 KERETA:4 TAKRAW:4 SEMUA:4 RENCANA:5 SURAT:4 PEMBACA:4 PILIHAN:4 PANCAINDERA:4 SERI:4 BULAN:6 DAHULU:2 HANYA:3 LEBIH:2 SETIAP:2 HARI:2 ARTIKEL:2 ARKIB:2 PERCUMA:4 INI:2 AKAN:2 TAMAT:2 SEHINGGA:2 TAHUN:2 SEN:1 HARGA:4 BIASA:1 TIADA:1 DISKAUN:4 PENUH:4 KANDUNGAN:6 ASAL:3 BERITA:3 YANG:2 KEPERLUAN:2 ANDA:2 UNTUK:1 PERTAMA:1 BARU:1 SAHAJA:1 DAFTAR:1 DARIPADA:1 ANALISIS:1 KEPADA:1 PERTANIAN:1 TEKNOLOGI:1 AUTOMOTIF:1 DAN:2 BANYAK:1 LAGI:2 TERMA:1 POLISI:1 SENARAI:1 KEDAI:1 AKHBAR:1 KAMI:1 HAK:1 CIPTA:1 MULIA:2 SATU:1
https://www.utusan.com.my/tag/top/	UTUSAN:5 MASUK:3 LANGGAN:3 TERKINI:4 NASIONAL:5 JENAYAH:4 KOMUNITI:4 MAHKAMAH:4 POLITIK:4 TRAGEDI:4 EKONOMI:4 HARTANAH:4 KEWANGAN:4 PRODUK:4 RINGGIT:4 LUAR:4 NEGARA:4 BARAT:4 TENGGARA:4 GAYA:4 AGAMA:4 FESYEN:4 GAJET:4 HIBURAN:4 KELUARGA:4 WANITA:4 KESIHATAN:4 PENDIDIKAN:4 SUKAN:12 BOLA:4 SEPAK:8 BADMINTON:4 LUMBA:12 BASIKAL:4 KERETA:4 TAKRAW:4 SEMUA:4 RENCANA:5 SURAT:4 PEMBACA:4 PILIHAN:4 PANCAINDERA:4 SERI:4 BERITA:15 BATAL:1 KAMI:2 ADA:1 KEKAL:1 LETAK:1 JAWATAN:1 SEMULA:1 BENDERA:1 TIDAK:3 PARTI:1 LAIN:1 KRISIS:2 SEMBILAN:3 INI:1 LANGKAH:1 BIADAB:1 TAK:1 APA:1 ERTI:1 KERAKYATAN:1 JIKA:1 BOLEH:2 CAKAP:1 SENI:2 DIRI:1 TUAI:1 EMAS:1 KETIGA:1 TUBUH:1 JADI:1 RUJUKAN:1 UTAMA:1 SELESAI:1 NEGERI:2 TIADA:1 USUL:1 UNDI:1 PERCAYA:1 DITERIMA:1 LEMBAH:1 BEBAS:1 JEREBU:1 TERUS:1 AGENDA:1 PELABURAN:1 TEKNOLOGI:1 DALAM:1 PANTAI:1 KRITIKAL:1 TELUK:1 PINDAH:1 KEMELUT:1 PENTADBIRAN:1 DARI:1 SUDUT:1 PERLEMBAGAAN:1 TEBING:1 JALAN:1 RUNTUH:1 KESELAMATAN:1 PENGGUNA:1 PEMILIK:1 IKAN:1 HIASAN:1 ASING:1 BAKAT:1 GERAK:1 BERI:1 PIHAK:1 LAWAN:1 WARGA:1 WANG:1 TERMA:1 DAN:1 POLISI:1 SENARAI:1 KEDAI:1 AKHBAR:1 HAK:1 CIPTA:1 MULIA:1
https://www.utusan.com.my/terkini/2026/09/azriyn-wee-kiong-kai-wun-roy-king-tersingkir-di-separuh-akhir/	SEPARUH:4 AKHIR:5 MASUK:3 LANGGAN:3 TERKINI:4 NASIONAL:4 JENAYAH:4 KOMUNITI:4 MAHKAMAH:4 POLITIK:4 TRAGEDI:4 EKONOMI:4 HARTANAH:4 KEWANGAN:4 PRODUK:5 RINGGIT:4 LUAR:4 NEGARA:7 BARAT:4 TENGGARA:4 GAYA:4 AGAMA:4 FESYEN:4 GAJET:4 HIBURAN:4 KELUARGA:4 WANITA:4 KESIHATAN:4 PENDIDIKAN:4 SUKAN:12 BOLA:4 SEPAK:8 BADMINTON:6 LUMBA:12 BASIKAL:4 KERETA:4 TAKRAW:4 SEMUA:4 RENCANA:4 SURAT:4 PEMBACA:4 PILIHAN:5 UTUSAN:5 PANCAINDERA:4 SERI:4 LELAKI:3 IHSAN:1 OLEH:1 JAYA:1 TIDAK:2 MEMPUNYAI:1 WAKIL:3 DALAM:6 ACARA:1 SELEPAS:1 DUA:3 NUR:1 DAN:3 PADA:2 KEJOHANAN:2 HARI:1 INI:2 KEPADA:2 DUNIA:4 DARI:2 MASA:2 JAM:2 MINIT:2 MERUPAKAN:1 KETIGA:1 TURUT:2 ITU:3 TANGAN:1 KEDUA:2 TERSEBUT:2 SEMENTARA:1 SATU:2 LAGI:2 PECAH:1 MENERIMA:1 NASIB:1 SERUPA:1 APABILA:1 TUAN:1 RUMAH:1 BELUM:1 PERNAH:1 MANA:2 ANTARABANGSA:1 KINI:1 KETINGGALAN:1 BELAKANG:1 YANG:1 DENGAN:1 KEDUDUKAN:1 LAI:1 MENJADI:1 TUNGGAL:1 BERJAYA:1 KAKI:1 PENTAS:1 SEKTOR:1 ESOK:1 MAHU:1 TERLEPAS:1 KAMI:2 BERITA:1 PAS:2 YAKIN:1 UMMAH:2 SYARIKAT:1 TANYA:1 CALON:1 JUMPA:1 KERUSI:1 JADI:1 UJIAN:1 TERMA:1 POLISI:1 SENARAI:1 KEDAI:1 AKHBAR:1 HAK:1 CIPTA:1 MULIA:2
https://www.utusan.com.my/nasional/2026/09/pas-yakin-penyatuan-ummah-bergema-di-pau/	PAS:5 YAKIN:6 UMMAH:4 MASUK:3 LANGGAN:3 TERKINI:4 NASIONAL:6 JENAYAH:4 KOMUNITI:4 MAHKAMAH:4 POLITIK:5 TRAGEDI:4 EKONOMI:4 HARTANAH:4 KEWANGAN:4 PRODUK:5 RINGGIT:4 LUAR:4 NEGARA:4 BARAT:4 TENGGARA:4 GAYA:4 AGAMA:4 FESYEN:4 GAJET:4 HIBURAN:4 KELUARGA:4 WANITA:4 KESIHATAN:4 PENDIDIKAN:4 SUKAN:12 BOLA:4 SEPAK:8 BADMINTON:4 LUMBA:12 BASIKAL:4 KERETA:4 TAKRAW:4 SEMUA:4 RENCANA:4 SURAT:4 PEMBACA:4 PILIHAN:4 UTUSAN:5 PANCAINDERA:4 SERI:6 GAMBAR:1 HIASAN:1 OLEH:2 KOTA:1 BHARU:1 AGENDA:3 DIBERIKAN:2 PADA:2 AGUNG:1 MINGGU:1 DEPAN:1 SEKALI:1 GUS:1 MEMBERI:1 ISYARAT:1 BAHAWA:2 USAHA:1 HUBUNGAN:3 ANTARA:3 KEDUA:1 DUA:1 PARTI:2 TERUS:1 BERJALAN:1 SETIAUSAHA:1 DATUK:2 BERKATA:1 KEYAKINAN:1 ITU:4 BERDASARKAN:1 PENEKANAN:2 TERHADAP:1 YANG:2 PRESIDEN:2 SENDIRI:2 KITA:5 ADALAH:1 SATU:2 DARIPADA:1 DAN:4 KEPADA:2 KAMI:4 AKAN:2 HADIR:2 CUMA:1 SIAPA:1 BELUM:1 DIMUKTAMADKAN:1 LAGI:3 SEMASA:1 SIDANG:1 TAHUNAN:1 PUSAT:1 SINI:1 HARI:1 INI:2 DALAM:1 LAIN:4 OPTIMIS:1 PERIKATAN:1 BARISAN:1 TIDAK:3 DIGANGGU:1 PIHAK:2 AMAT:2 SANGAT:1 PASTI:1 DENGAN:1 ADA:1 MAHU:1 TERLEPAS:1 BERITA:1 JUMPA:1 DUNIA:1 KERUSI:2 JADI:1 UJIAN:1 JANGAN:1 SERAH:1 BOLEH:2 MENANG:1 LEBIH:1 KAWASAN:1 JEREBU:1 DARURAT:1 TERMA:1 POLISI:1 SENARAI:1 KEDAI:1 AKHBAR:1 HAK:1 CIPTA:1 MULIA:2
https://www.utusan.com.my/nasional/2026/09/wakil-kedutaan-amerika-syarikat-tanya-calon-pm-dari-pas-abdul-hadi/	WAKIL:4 SYARIKAT:3 TANYA:3 CALON:3 DARI:3 PAS:16 MASUK:3 LANGGAN:3 TERKINI:4 NASIONAL:5 JENAYAH:4 KOMUNITI:4 MAHKAMAH:4 POLITIK:6 TRAGEDI:4 EKONOMI:4 HARTANAH:4 KEWANGAN:4 PRODUK:5 RINGGIT:4 LUAR:8 NEGARA:13 BARAT:4 TENGGARA:4 GAYA:4 AGAMA:4 FESYEN:4 GAJET:4 HIBURAN:4 KELUARGA:4 WANITA:4 KESIHATAN:4 PENDIDIKAN:4 SUKAN:12 BOLA:4 SEPAK:8 BADMINTON:4 LUMBA:12 BASIKAL:4 KERETA:4 TAKRAW:4 SEMUA:4 RENCANA:4 SURAT:4 PEMBACA:4 PILIHAN:4 UTUSAN:6 PANCAINDERA:4 SERI:5 AWANG:2 KANAN:1 SEMASA:3 TAHUNAN:2 PUSAT:2 KOTA:3 BHARU:3 OLEH:1 DAN:10 PRESIDEN:2 PERNAH:1 BERTANYA:2 PERDANA:3 MENTERI:3 YANG:9 PARTI:6 ITU:15 KETIKA:9 SATU:3 BELIAU:6 BERKATA:4 PERTANYAAN:1 SELEPAS:4 DUA:4 PEMIMPIN:3 IAITU:1 DATUK:3 DAHULU:2 UNTUK:9 DIA:5 SIAPA:7 CADANG:1 JADI:3 SAYA:3 KATA:1 SETUJU:2 JAWAB:1 SOKONG:1 JAWAPAN:1 DARIPADA:4 PENGALAMAN:1 UCAPAN:1 SINI:1 HARI:1 INI:3 BERLAKU:5 MASIH:1 BERADA:1 DALAM:4 BERSAMA:2 LAIN:3 PAKATAN:1 RAKYAT:1 MERUPAKAN:1 KETUA:1 SETIAUSAHA:2 TERSEBUT:3 KEDUA:1 MENGENAI:2 KEMUNGKINAN:1 KERAJAAN:5 ALIH:1 SELAIN:1 DIKATAKAN:1 SANGGUP:1 MEMBANTU:2 KEKAL:2 SERTA:1 TIDAK:8 DENGAN:1 PERKARA:3 ORANG:1 KITA:5 PASAL:2 TAK:1 MEMINTA:1 HADIR:1 MELIHAT:1 AKAN:1 MENJADI:1 SEBAGAI:1 UTAMA:1 DIBERI:1 PERHATIAN:1 TURUT:1 MENYEBUT:1 NAMA:1 MENDAPAT:1 BAHAWA:2 BAGUS:1 NAK:1 SIBUK:2 BILA:1 TIBA:1 MASA:2 ADALAH:1 BUAT:2 KERJA:2 KRISIS:1 BALIK:2 TUGAS:1 SEMENTARA:1 JUGA:1 AGUNG:1 MENGESAHKAN:1 SITUASI:1 TAWARAN:1 BARISAN:1 SEPERTI:1 BENAR:2 KEJADIAN:1 ATAU:1 MANA:1 MEMANG:1 ADA:2 SUATU:1 KAMI:5 MINUM:1 PETANG:1 ITULAH:1 SALAH:1 ADAKAH:1 TETAPI:2 MEMBERIKAN:1 APA:2 KEPUTUSAN:1 AHLI:1 PARLIMEN:1 MAHU:2 CAMPUR:4 TANGAN:3 SEHINGGA:1 KINI:1 SEBAB:2 BOLEH:2 KALAU:1 IKUT:1 SUKA:1 TERLEPAS:1 BERITA:1 YAKIN:1 UMMAH:2 JUMPA:1 DUNIA:1 PADA:1 KERUSI:2 UJIAN:1 JANGAN:1 SERAH:1 MENANG:1 KEPADA:1 TERMA:1 POLISI:1 SENARAI:1 KEDAI:1 AKHBAR:1 HAK:1 CIPTA:1 MULIA:2 LAGI:1
https://www.utusan.com.my/terkini/2026/09/pang-ron-pei-jing-jumpa-beregu-no-1-dunia-pada-final-china-masters/	JUMPA:2 DUNIA:5 PADA:5 MASUK:3 LANGGAN:3 TERKINI:4 NASIONAL:4 JENAYAH:4 KOMUNITI:4 MAHKAMAH:4 POLITIK:4 TRAGEDI:4 EKONOMI:4 HARTANAH:4 KEWANGAN:4 PRODUK:5 RINGGIT:4 LUAR:4 NEGARA:5 BARAT:4 TENGGARA:4 GAYA:4 AGAMA:4 FESYEN:4 GAJET:4 HIBURAN:4 KELUARGA:4 WANITA:4 KESIHATAN:4 PENDIDIKAN:4 SUKAN:12 BOLA:4 SEPAK:8 BADMINTON:6 LUMBA:12 BASIKAL:4 KERETA:4 TAKRAW:4 SEMUA:4 RENCANA:4 SURAT:4 PEMBACA:4 PILIHAN:4 UTUSAN:5 PANCAINDERA:4 SERI:4 IHSAN:1 OLEH:1 JAYA:1 SELEPAS:1 EMPAT:1 BULAN:1 KERJASAMA:1 LAI:2 BUAT:1 KALI:1 PERLAWANAN:2 AKHIR:3 KEJOHANAN:2 ESOK:1 YANG:4 KINI:2 BERADA:2 ITU:3 TUAN:2 RUMAH:2 KEPUTUSAN:1 DALAM:3 MASA:2 MINIT:2 SEPARUH:1 HARI:1 INI:1 KEDUA:1 DUA:1 BELUM:2 PERNAH:2 MANA:2 ANTARABANGSA:1 MELETAKKAN:1 DENGAN:3 KEDUDUKAN:1 TERSEBUT:1 BAKAL:1 MENGHITUNG:1 SATU:2 LAGI:2 SEMAKIN:2 BELAKANG:1 MELEBAR:1 MENJADI:1 SEBAGAI:1 DAN:2 MEREKA:1 TERBAIK:1 SULUNG:1 SEJAK:1 BERSAMA:1 TIDAK:1 MAHU:1 TERLEPAS:1 KAMI:2 BERITA:1 KERUSI:2 JADI:1 UJIAN:1 UMMAH:1 JANGAN:1 SERAH:1 BOLEH:2 MENANG:1 PAS:1 KEPADA:1 PARTI:1 LAIN:1 LEBIH:1 KAWASAN:1 JEREBU:1 DARURAT:1 SEDIA:1 HANTAR:1 PAKAR:1 TERMA:1 POLISI:1 SENARAI:1 KEDAI:1 AKHBAR:1 HAK:1 CIPTA:1 MULIA:2
https://www.utusan.com.my/nasional/2026/09/muktamar-rundingan-kerusi-jadi-ujian-penyatuan-ummah/	KERUSI:10 JADI:3 UJIAN:3 UMMAH:7 MASUK:3 LANGGAN:3 TERKINI:4 NASIONAL:4 JENAYAH:4 KOMUNITI:4 MAHKAMAH:4 POLITIK:6 TRAGEDI:4 EKONOMI:4 HARTANAH:4 KEWANGAN:4 PRODUK:5 RINGGIT:4 LUAR:4 NEGARA:4 BARAT:4 TENGGARA:4 GAYA:4 AGAMA:4 FESYEN:4 GAJET:4 HIBURAN:4 KELUARGA:4 WANITA:4 KESIHATAN:4 PENDIDIKAN:4 SUKAN:12 BOLA:4 SEPAK:8 BADMINTON:4 LUMBA:12 BASIKAL:4 KERETA:4 TAKRAW:4 SEMUA:6 RENCANA:4 SURAT:4 PEMBACA:4 PILIHAN:5 UTUSAN:5 PANCAINDERA:4 SERI:5 TUAN:5 MAT:1 OLEH:3 DAN:8 KOTA:1 BHARU:1 KEPUTUSAN:7 PAS:9 AGENDA:2 APABILA:1 TIBA:1 MASA:1 PADA:1 RAYA:1 UMUM:1 PRESIDEN:2 DATUK:1 BERKATA:2 KETIKA:1 ITU:6 ANGGOTA:1 PARTI:8 PERLU:3 MENDUKUNG:2 YANG:8 TELAH:2 DIBUAT:1 SECARA:3 SUARA:4 DENGAN:4 KEPADA:6 TIDAK:2 BOLEH:3 HANYA:1 USUL:3 DALAM:2 SEBALIKNYA:1 MESTI:2 TERHADAP:1 SAYA:1 NAK:1 KITA:5 BERSAMA:1 BAHAWA:1 AKAN:3 KELAK:1 BIASANYA:1 MASALAH:1 UNTUK:2 KERJASAMA:4 WAKTU:1 SUPAYA:1 BUAT:1 HARI:3 INI:3 DIDUKUNG:1 SEMASA:1 UCAPAN:1 TAHUNAN:1 PUSAT:1 SINI:1 TERMASUK:2 ANTARA:1 MELALUI:1 TINDAKAN:1 SELARI:1 JAWATANKUASA:2 MENJADI:1 EJEN:1 MANAKALA:1 PULA:1 MEMPUNYAI:1 TANGGUNGJAWAB:1 MELIHAT:1 TERUS:1 PRINSIP:1 KEKAL:1 MENANG:2 SELAIN:1 TOLAK:1 BAGI:2 KEKUATAN:1 BELUM:1 KALI:1 SEKALI:1 GUS:1 MEMBERI:1 ISYARAT:1 JELAS:1 MAHU:2 LAYU:1 WAKIL:1 DEWAN:1 DITERIMA:1 SELEPAS:1 DIBAHAS:1 TERLEPAS:1 KAMI:2 BERITA:1 JANGAN:1 SERAH:1 LAIN:1 LEBIH:1 KAWASAN:1 JEREBU:1 DARURAT:1 SEDIA:1 HANTAR:1 PAKAR:1 ISTERI:1 LOKASI:1 BENCANA:1 DEMI:1 MENCARI:1 TERMA:1 POLISI:1 SENARAI:1 KEDAI:1 AKHBAR:1 HAK:1 CIPTA:1 MULIA:2 SATU:1 LAGI:1
https://www.utusan.com.my/nasional/2026/09/liga-super-tfc-penang-fc-berkongsi-mata-di-gong-badak/	LIGA:6 MATA:5 GONG:5 BADAK:5 MASUK:3 LANGGAN:3 TERKINI:4 NASIONAL:4 JENAYAH:4 KOMUNITI:4 MAHKAMAH:4 POLITIK:4 TRAGEDI:4 EKONOMI:4 HARTANAH:4 KEWANGAN:4 PRODUK:5 RINGGIT:4 LUAR:5 NEGARA:5 BARAT:4 TENGGARA:4 GAYA:4 AGAMA:4 FESYEN:4 GAJET:4 HIBURAN:4 KELUARGA:4 WANITA:4 KESIHATAN:4 PENDIDIKAN:4 SUKAN:12 BOLA:5 SEPAK:8 BADMINTON:4 LUMBA:12 BASIKAL:4 KERETA:4 TAKRAW:4 SEMUA:4 RENCANA:4 SURAT:4 PEMBACA:4 PILIHAN:4 UTUSAN:6 PANCAINDERA:4 SERI:5 PENJAGA:1 PEMAIN:4 DALAM:5 STADIUM:2 SULTAN:2 MIZAN:2 ABIDIN:2 KUALA:2 MALAM:2 INI:2 OLEH:1 HATI:1 DENGAN:2 KEPUTUSAN:2 AKSI:1 KETIGA:1 SINI:1 ITU:4 KINI:1 LIMA:1 TIGA:1 PERLAWANAN:2 LAMAN:1 SENDIRI:1 MANAKALA:1 PERTAMA:2 IMPORT:1 HAMPIR:1 MELETAKKAN:1 SANG:1 PENYU:1 DEPAN:1 NAMUN:3 JARINGAN:4 PIALA:1 DUNIA:1 PADA:3 MINIT:3 KERANA:1 GERAKAN:1 TURUT:1 MEMPUNYAI:2 UNTUK:3 DARI:1 KOTAK:1 YANG:2 TIANG:1 KEDUA:2 DUA:2 PASUKAN:1 TANPA:1 SEPARUH:1 MASA:1 PERMAINAN:3 WALAUPUN:1 MASING:2 LAWAN:2 TERBAIK:1 BABAK:1 HADIR:1 KENCANG:1 SEDIKIT:1 MEMPEROLEH:2 PERCUMA:1 HUJUNG:1 BENTENG:1 SELEPAS:1 GAGAL:1 MEREKA:1 KEDUDUKAN:1 KEKAL:1 SEHINGGA:1 WISEL:1 TIDAK:1 MAHU:1 TERLEPAS:1 KAMI:2 BERITA:1 NEGERI:1 SEMBILAN:1 TUBUH:1 JAWATANKUASA:1 KHAS:1 SELESAI:1 ADAT:1 FIRDAUS:1 JADI:1 TUTUP:1 KEPALA:1 BAYI:1 TAHUN:1 TERMA:1 DAN:1 POLISI:1 SENARAI:1 KEDAI:1 AKHBAR:1 HAK:1 CIPTA:1 MULIA:2 SATU:1 LAGI:1
https://www.utusan.com.my/nasional/2026/09/umno-negeri-sembilan-gesa-tubuh-jawatankuasa-khas-selesai-adat/	NEGERI:8 SEMBILAN:6 TUBUH:3 JAWATANKUASA:4 KHAS:4 SELESAI:3 ADAT:5 MASUK:3 LANGGAN:3 TERKINI:4 NASIONAL:4 JENAYAH:4 KOMUNITI:4 MAHKAMAH:4 POLITIK:4 TRAGEDI:4 EKONOMI:4 HARTANAH:4 KEWANGAN:4 PRODUK:5 RINGGIT:4 LUAR:4 NEGARA:4 BARAT:4 TENGGARA:4 GAYA:4 AGAMA:4 FESYEN:4 GAJET:4 HIBURAN:4 KELUARGA:4 WANITA:4 KESIHATAN:4 PENDIDIKAN:4 SUKAN:12 BOLA:4 SEPAK:8 BADMINTON:4 LUMBA:12 BASIKAL:4 KERETA:4 TAKRAW:4 SEMUA:4 RENCANA:4 SURAT:4 PEMBACA:4 PILIHAN:4 UTUSAN:5 PANCAINDERA:4 SERI:4 MESYUARAT:2 BADAN:2 PERHUBUNGAN:2 YANG:5 SEMALAM:2 OLEH:1 UNTUK:2 MENYELESAIKAN:1 ISU:2 BERLAKU:1 INI:2 ITU:3 DIBUAT:1 PADA:1 DATUK:1 BERKATA:1 PENYELESAIAN:1 DILAKUKAN:1 SECARA:1 SERTA:2 TATACARA:1 BAGI:1 SALAH:1 FAHAM:1 RAKYAT:1 DALAM:1 KENYATAAN:2 HARI:1 TIDAK:2 MENYATAKAN:1 KEPADA:1 MANA:2 PIHAK:2 NAMUN:1 SUDAH:1 TENTU:1 KERAJAAN:1 ADALAH:1 MEMPUNYAI:1 KUASA:1 BERBUAT:1 DEMIKIAN:1 MAHU:1 TERLEPAS:1 KAMI:2 BERITA:1 FIRDAUS:1 JADI:1 TUTUP:1 KEPALA:1 BAYI:1 DENGAN:1 TAHUN:1 AYAM:3 RANGKAIAN:1 TERMA:1 DAN:1 POLISI:1 SENARAI:1 KEDAI:1 AKHBAR:1 HAK:1 CIPTA:1 MULIA:2 SATU:1 LAGI:1
https://www.utusan.com.my/terkini/2026/09/firdaus-selesa-jadi-underdog/	FIRDAUS:7 JADI:2 MASUK:3 LANGGAN:3 TERKINI:4 NASIONAL:4 JENAYAH:4 KOMUNITI:4 MAHKAMAH:4 POLITIK:4 TRAGEDI:4 EKONOMI:4 HARTANAH:4 KEWANGAN:4 PRODUK:5 RINGGIT:4 LUAR:5 NEGARA:6 BARAT:4 TENGGARA:4 GAYA:4 AGAMA:4 FESYEN:4 GAJET:4 HIBURAN:4 KELUARGA:4 WANITA:4 KESIHATAN:4 PENDIDIKAN:4 SUKAN:12 BOLA:8 SEPAK:12 BADMINTON:4 LUMBA:12 BASIKAL:4 KERETA:4 TAKRAW:4 SEMUA:4 RENCANA:4 SURAT:4 PEMBACA:4 PILIHAN:5 UTUSAN:5 PANCAINDERA:4 SERI:5 TIGA:2 DARI:2 KIRI:1 KETIKA:2 MAJLIS:3 JERSI:2 DAN:4 PEMAIN:3 PIALA:2 EMAS:2 RAJA:4 MENARA:1 PERBANDARAN:1 JAYA:1 SEMALAM:1 OLEH:2 KUALA:2 LUMPUR:2 PENGALAMAN:2 DUA:2 DALAM:5 PENTADBIRAN:2 PERSATUAN:3 TIDAK:3 MENGANGGAP:2 SEBAGAI:6 CALON:3 PADA:5 BIASA:1 INI:3 SEBALIKNYA:1 BEKAS:1 NAIB:5 PRESIDEN:6 ITU:3 LEBIH:4 TURUN:2 DENGAN:3 BAGI:4 JAWATAN:3 SATU:2 UNTUK:3 KEMBALI:1 MEMBANTU:2 SAYA:4 SUKA:1 KEPADA:4 SELEPAS:3 PERNAH:3 SELAMA:1 DARIPADA:3 SEHINGGA:1 SINI:1 HARI:1 BUKAN:1 ASING:1 APABILA:2 AHLI:1 JAWATANKUASA:3 HINGGA:2 SEBELUM:1 ANTARA:2 TANGGUNGJAWAB:1 YANG:6 IALAH:1 PENGERUSI:1 PENSWASTAAN:1 LIGA:2 PASUKAN:2 NEGERI:1 KELAB:1 BERJAYA:1 BELIAU:1 DIBERI:1 TERMASUK:1 PEMBANGUNAN:1 USAHA:3 MELAHIRKAN:1 RAMAI:1 MUDA:1 TURUT:1 MENGHIDUPKAN:1 SEMULA:1 MERDEKA:1 KEJOHANAN:2 MERUPAKAN:1 KALI:1 PENJURU:1 BAKAL:1 DATUK:1 MAHU:3 SELAIN:1 LANJUT:1 MASIH:1 BANYAK:3 PERKARA:1 PERLU:2 MENGEMBALIKAN:1 PENYOKONG:2 TERHADAP:1 BADAN:1 INDUK:1 KEBANGSAAN:1 TERLAMBAT:1 LAGI:2 HARUS:1 KITA:2 LAKUKAN:1 BOLEH:1 BUAT:1 PELBAGAI:1 PIHAK:1 NAMUN:1 SESIAPA:1 SAJA:1 MELAKUKAN:1 HARIMAU:1 TERLEPAS:1 KAMI:2 BERITA:1 BUKA:1 LALUAN:1 BAHARU:1 BUDAYA:1 LAMA:1 JANGAN:1 BELI:1 UNDI:1 BAWA:1 TERMA:1 POLISI:1 SENARAI:1 KEDAI:1 AKHBAR:1 HAK:1 CIPTA:1 MULIA:2
https://www.utusan.com.my/terkini/2026/09/tutup-kepala-bayi-dengan-plastik-remaja-18-tahun-ditahan/	TUTUP:3 KEPALA:5 BAYI:8 DENGAN:6 TAHUN:4 MASUK:3 LANGGAN:3 TERKINI:4 NASIONAL:4 JENAYAH:4 KOMUNITI:4 MAHKAMAH:4 POLITIK:4 TRAGEDI:4 EKONOMI:4 HARTANAH:4 KEWANGAN:4 PRODUK:5 RINGGIT:4 LUAR:5 NEGARA:5 BARAT:5 TENGGARA:4 GAYA:4 AGAMA:4 FESYEN:4 GAJET:4 HIBURAN:4 KELUARGA:4 WANITA:4 KESIHATAN:4 PENDIDIKAN:4 SUKAN:12 BOLA:4 SEPAK:8 BADMINTON:4 LUMBA:12 BASIKAL:4 KERETA:4 TAKRAW:4 SEMUA:4 RENCANA:4 SURAT:4 PEMBACA:4 PILIHAN:4 UTUSAN:4 PANCAINDERA:4 SERI:4 OLEH:1 WARTAWAN:1 SEORANG:1 WILAYAH:1 JEPUN:1 HARI:2 INI:1 KERANA:1 MENYEBABKAN:1 KEMATIAN:2 LELAKI:1 DUA:1 BULAN:1 MENUTUP:2 MANGSA:2 BEG:2 POLIS:1 BERKATA:1 SUSPEK:2 YANG:1 BAPA:1 KEPADA:1 ITU:4 MENGAKU:1 MELAKUKAN:2 PERBUATAN:1 TETAPI:1 MEMPUNYAI:1 NIAT:1 UNTUK:2 MEMBUNUH:1 MENANGIS:1 KUAT:2 DAN:2 SAYA:2 FIKIR:1 DIA:1 AKAN:1 DIAM:1 JIKA:1 SESUATU:1 SEPERTI:1 SEBELUM:1 MEREKA:1 ANTARA:1 PUKUL:1 PAGI:2 HINGGA:1 PADA:2 SEMALAM:1 KEMUDIAN:1 MENINGGAL:1 DUNIA:1 AKIBAT:1 KEGAGALAN:1 IBU:1 TALIAN:1 KECEMASAN:1 PETANG:1 SAMA:2 AGENSI:1 TIDAK:1 MAHU:1 TERLEPAS:1 KAMI:2 BERITA:1 AYAM:3 RANGKAIAN:1 KETAHANAN:1 BATERI:1 TELEFON:1 PINTAR:1 MASA:1 KINI:1 NEGERI:1 SEMBILAN:1 KONGSI:1 MATA:1 TERMA:1 POLISI:1 SENARAI:1 KEDAI:1 AKHBAR:1 HAK:1 CIPTA:1 MULIA:2 SATU:1 LAGI:1
https://www.utusan.com.my/nasional/2026/09/ayam-brand-perluas-rangkaian-ayam-brand-ayam-carik/	AYAM:26 RANGKAIAN:5 MASUK:3 LANGGAN:3 TERKINI:4 NASIONAL:4 JENAYAH:4 KOMUNITI:4 MAHKAMAH:4 POLITIK:4 TRAGEDI:4 EKONOMI:4 HARTANAH:4 KEWANGAN:4 PRODUK:8 RINGGIT:4 LUAR:4 NEGARA:5 BARAT:4 TENGGARA:4 GAYA:5 AGAMA:4 FESYEN:4 GAJET:4 HIBURAN:4 KELUARGA:5 WANITA:4 KESIHATAN:4 PENDIDIKAN:4 SUKAN:12 BOLA:4 SEPAK:8 BADMINTON:4 LUMBA:12 BASIKAL:4 KERETA:4 TAKRAW:4 SEMUA:4 RENCANA:4 SURAT:4 PEMBACA:4 PILIHAN:4 UTUSAN:5 PANCAINDERA:4 SERI:4 KINI:2 BOLEH:2 JAYA:3 DAN:12 CAWANGAN:1 SELURUH:1 OLEH:1 JENAMA:1 MAKANAN:1 BERKUALITI:1 UNTUK:2 DENGAN:5 TIGA:1 PERISA:3 BAHARU:3 IAITU:1 SOS:4 PEDAS:3 LADA:3 HITAM:3 TERSEBUT:2 MERUPAKAN:3 KEPADA:3 DUA:1 SEDIA:1 ADA:1 KETUA:1 BERKATA:1 SETIAP:1 HADIR:1 KEUNIKAN:1 MENAWARKAN:1 RASA:3 MANIS:1 YANG:7 BERSAMA:2 NASI:2 ROTI:2 MANAKALA:1 DARI:3 KENAL:1 NYA:1 LEBIH:2 MEMBERIKAN:1 HARIAN:1 INOVASI:1 DARIPADA:1 SYARIKAT:1 BAGI:3 MUDAH:1 BUAT:1 PENGGUNA:1 DIMAKAN:2 JUGA:1 TERUS:1 TIN:3 PENYELESAIAN:1 SEMPURNA:1 HIDUP:1 SIBUK:1 HARI:4 INI:3 DALAM:1 SATU:4 KENYATAAN:1 RASMI:1 ITU:2 DIBUAT:1 SIRI:1 JELAJAH:1 SELAMA:1 ENAM:1 HINGGA:1 SEPANJANG:1 TEMPOH:1 SESI:1 SELAIN:2 AKTIVITI:1 PEMBELIAN:2 ATAS:2 TERMASUK:2 PELANGGAN:1 AKAN:2 MENERIMA:2 BEG:2 MAKAN:1 TENGAH:1 SECARA:1 PERCUMA:1 MEREKA:2 HADIAH:1 MENARIK:1 TIDAK:1 MAHU:1 TERLEPAS:1 KAMI:2 BERITA:1 KETAHANAN:1 BATERI:1 TELEFON:1 PINTAR:1 MASA:1 NEGERI:1 SEMBILAN:1 SAMA:1 KUAT:1 KONGSI:1 MATA:1 GUNA:1 BURU:1 DALANG:1 MAKLUMAT:1 BEKALAN:1 SENJATA:1 TERMA:1 POLISI:1 SENARAI:1 KEDAI:1 AKHBAR:1 HAK:1 CIPTA:1 MULIA:2 LAGI:1
https://iklaneka.utusan.com.my/	TARIKH:1 KATEGORI:1 HARTANAH:1 KEDAI:1 UNTUK:9 KILANG:1 LAIN:52 PEJABAT:1 RUMAH:3 TANAH:1 KENDERAAN:1 LELONG:1 MAHKAMAH:1 GADAI:1 PERIBADI:1 SEBUT:2 HARGA:2 JAWATAN:1 KOSONG:1 SEP:24 NOTIS:22 SERVIS:2 UTAMA:2 KAMI:2 HAK:1 CIPTA:1 MULIA:1
https://www.utusan.com.my/nasional/2026/09/kalau-amanah-jangan-takut-disiasat-pm/	KALAU:5 JANGAN:4 TAKUT:4 MASUK:3 LANGGAN:3 TERKINI:4 NASIONAL:4 JENAYAH:4 KOMUNITI:4 MAHKAMAH:4 POLITIK:4 TRAGEDI:4 EKONOMI:5 HARTANAH:4 KEWANGAN:5 PRODUK:5 RINGGIT:4 LUAR:4 NEGARA:9 BARAT:4 TENGGARA:4 GAYA:4 AGAMA:4 FESYEN:4 GAJET:4 HIBURAN:4 KELUARGA:4 WANITA:4 KESIHATAN:4 PENDIDIKAN:4 SUKAN:12 BOLA:4 SEPAK:8 BADMINTON:4 LUMBA:12 BASIKAL:4 KERETA:4 TAKRAW:4 SEMUA:6 RENCANA:4 SURAT:4 PEMBACA:4 PILIHAN:5 UTUSAN:5 PANCAINDERA:4 SERI:5 ARAH:1 JEMAAH:2 KETIKA:2 BEREDAR:1 SELEPAS:2 SOLAT:2 MASJID:2 BUKIT:2 INDAH:2 OLEH:3 PEMIMPIN:1 YANG:16 DENGAN:3 BERSIH:2 TIDAK:10 PERLU:3 TERHADAP:3 SEBARANG:4 ATAU:5 TINDAKAN:4 TERMASUK:1 SURUHANJAYA:1 RASUAH:4 PERDANA:1 MENTERI:3 DATUK:1 BERKATA:6 SEBA:1 POLIS:1 RAJA:1 HASIL:1 DALAM:2 NEGERI:1 MENJADI:1 SUATU:1 SESEORANG:1 INDIVIDU:3 ITU:6 LAKUKAN:1 BELIAU:6 USAHA:3 BUKAN:4 MANA:4 HAK:2 SEBALIKNYA:2 BAGI:4 TADBIR:1 URUS:1 SECARA:1 TELUS:1 DAN:11 HAL:1 INI:10 KERANA:4 KERAJAAN:4 BOLEH:2 SALAH:3 GUNA:2 KUASA:4 TERUS:1 ORANG:2 ADA:5 HARUS:1 LANGKAH:2 MAHU:5 PUN:1 KEPADA:4 SINI:1 SEMALAM:1 JUGA:1 PERKARA:2 LAH:1 MENDAPAT:1 PIHAK:4 AKAN:3 MENERUSKAN:1 TERSEBUT:1 AGENSI:1 KERJA:1 ADIL:1 SEPERTI:1 TERUSKAN:2 TIADA:1 LEPASKAN:1 TETAPI:1 SAYA:7 HENDAK:1 SELAGI:1 PEGANG:1 SUDAH:1 SAMPAI:1 KITA:3 AMBIL:1 TEGAS:1 MASYARAKAT:1 DARI:1 SOAL:2 KAUM:1 SELAMATKAN:3 NAK:1 KEDUDUKAN:1 KUMPULAN:1 WALAUPUN:1 RISIKO:1 MINTA:1 RAKYAT:3 DOA:1 DAPAT:1 CADANGAN:2 RAYA:1 UMUM:1 LEBIH:3 AWAL:2 SERTA:2 AGENDA:2 DIBERI:1 SEBELUM:3 PARLIMEN:1 MASIH:2 MEREKA:2 LAKU:1 NAMUN:1 MENELITI:1 SUPAYA:1 DIPERSEMBAHKAN:1 PERTUAN:1 SEKARANG:2 UNTUK:3 MEMBERSIHKAN:1 DARIPADA:1 KEADAAN:1 TUMPU:1 SEMENTARA:1 HANYA:2 DIPANGGIL:1 MEMBANTU:1 BAJU:3 OREN:2 BERBEZA:2 MEMBERI:1 KERJASAMA:2 DAHULU:1 LAIN:1 TANYA:1 SIASAT:2 DULU:1 KES:1 SERAH:1 BADAN:1 TENTANG:1 WARNA:1 APA:1 TAPI:2 SETAKAT:1 PANDANGAN:1 TAK:1 BERI:1 MUKA:1 HADAPAN:1 TERLEPAS:1 KAMI:2 BERITA:1 PEKERJA:1 ASING:1 TERIMA:1 DARURAT:1 BACAAN:1 UMMAH:1 PAS:1 TERMA:1 POLISI:1 SENARAI:1 KEDAI:1 AKHBAR:1 CIPTA:1 MULIA:2 SATU:1 LAGI:1
https://www.utusan.com.my/nasional/2026/09/serian-diisytihar-darurat-bacaan-ipu-lebih-500/	DARURAT:6 BACAAN:10 LEBIH:4 MASUK:3 LANGGAN:3 TERKINI:4 NASIONAL:4 JENAYAH:4 KOMUNITI:4 MAHKAMAH:4 POLITIK:4 TRAGEDI:4 EKONOMI:4 HARTANAH:4 KEWANGAN:4 PRODUK:5 RINGGIT:4 LUAR:5 NEGARA:5 BARAT:4 TENGGARA:4 GAYA:4 AGAMA:4 FESYEN:4 GAJET:4 HIBURAN:4 KELUARGA:4 WANITA:4 KESIHATAN:8 PENDIDIKAN:4 SUKAN:13 BOLA:4 SEPAK:8 BADMINTON:4 LUMBA:12 BASIKAL:4 KERETA:4 TAKRAW:4 SEMUA:5 RENCANA:4 SURAT:4 PEMBACA:4 PILIHAN:4 UTUSAN:5 PANCAINDERA:4 SERI:5 YANG:7 UDARA:8 OLEH:2 RAHIM:1 PERTUAN:1 SULTAN:1 SELURUH:2 KEADAAN:2 JEREBU:2 MENCAPAI:1 PENCEMARAN:2 DAN:9 KESELAMATAN:1 ORANG:2 RAMAI:2 PERKARA:1 ITU:2 AKTIVITI:1 KERJA:2 PEMBINAAN:1 SERTA:7 MANAKALA:2 PEJABAT:3 SEKTOR:2 AWAM:2 SWASTA:2 KECUALI:2 PERKHIDMATAN:2 BAGI:2 RISIKO:1 KRONIK:1 PERDANA:2 MENTERI:2 BERKATA:2 KEPUTUSAN:1 DIBUAT:1 SETELAH:1 KIRA:1 NASIHAT:2 DATUK:2 ABANG:1 AGENSI:1 MENGENAI:1 KUALITI:4 KAWASAN:2 LANGKAH:3 PERLU:1 SECARA:1 AKAN:3 PENDUDUK:1 KERAJAAN:1 TERUS:2 MEMANTAU:1 DARI:1 SEMASA:2 SEGALA:1 TINDAKAN:2 DENGAN:3 SEGERA:1 TERMASUK:1 MAKLUMAT:2 KEPADA:2 DALAM:1 KENYATAAN:1 SEHINGGA:1 PUKUL:1 PETANG:1 SEMALAM:1 BERADA:2 PADA:4 BAHAYA:2 APABILA:1 STESEN:2 PEMANTAUAN:1 MENURUT:1 LAMAN:1 SESAWANG:1 SISTEM:1 PENGURUSAN:1 KUCHING:1 TURUT:1 IAITU:2 DUA:1 LAGI:2 SANGAT:2 TIDAK:4 SIHAT:3 AMAN:1 SEBELUM:2 INI:2 BOLEH:2 DAERAH:1 SIFAR:1 HINGGA:1 BAIK:1 SEDERHANA:1 DIKATEGORIKAN:1 BERBAHAYA:1 SETIAP:1 JAM:1 BERDASARKAN:2 DARIPADA:1 AMAT:1 KECEMASAN:1 PIHAK:1 BERGANTUNG:1 MUKA:1 HADAPAN:1 MAHU:1 TERLEPAS:1 KAMI:2 BERITA:1 UMMAH:1 AGENDA:1 PAS:1 SASAR:1 HASIL:1 KASAR:1 JUTA:1 PESTA:1 AIR:1 NAIKKAN:1 NAMA:1 KUALA:1 ANTARABANGSA:1 TERMA:1 POLISI:1 SENARAI:1 KEDAI:1 AKHBAR:1 HAK:1 CIPTA:1 MULIA:2 SATU:1
https://www.utusan.com.my/nasional/2026/09/penyatuan-ummah-agenda-pas-hadapi-pru16/	UMMAH:6 AGENDA:6 PAS:15 MASUK:3 LANGGAN:3 TERKINI:4 NASIONAL:8 JENAYAH:4 KOMUNITI:4 MAHKAMAH:4 POLITIK:10 TRAGEDI:4 EKONOMI:5 HARTANAH:4 KEWANGAN:4 PRODUK:5 RINGGIT:4 LUAR:4 NEGARA:6 BARAT:4 TENGGARA:4 GAYA:4 AGAMA:5 FESYEN:4 GAJET:4 HIBURAN:4 KELUARGA:4 WANITA:4 KESIHATAN:4 PENDIDIKAN:4 SUKAN:12 BOLA:4 SEPAK:8 BADMINTON:4 LUMBA:12 BASIKAL:4 KERETA:4 TAKRAW:4 SEMUA:4 RENCANA:4 SURAT:4 PEMBACA:4 PILIHAN:7 UTUSAN:5 PANCAINDERA:4 SERI:5 AWANG:2 DAN:23 DALAM:10 MAJLIS:2 TAHUNAN:2 KALI:2 PUSAT:2 SEMALAM:2 OLEH:1 KOTA:1 BHARU:1 SEBA:1 ANTARA:3 UTAMA:1 RAYA:3 UMUM:1 SEKALI:1 GUS:1 MEMBERI:1 ISYARAT:1 JELAS:1 PARTI:8 ITU:6 MAHU:3 KERJASAMA:7 LAYU:1 PRESIDEN:3 BERKATA:4 WAJIB:1 LANGKAH:1 YANG:13 BAGI:4 BUKAN:7 TIDAK:5 SEBAGAI:4 MASYARAKAT:4 DENGAN:11 MANA:2 PIHAK:1 PERKARA:3 KEBAIKAN:2 KEPADA:3 TANPA:2 PRINSIP:1 PERJUANGAN:1 PADA:6 MASA:3 SAMA:3 PERPADUAN:1 BERERTI:1 HAK:2 PERLU:2 BERJALAN:1 KEADILAN:1 SERTA:1 TERHADAP:1 KEBEBASAN:1 PERLEMBAGAAN:2 USAHA:1 INI:1 SEKADAR:1 NEGERI:4 KAWASAN:1 CAWANGAN:2 UCAPAN:2 JUGA:2 BARISAN:3 SETIAUSAHA:1 AGUNG:1 DATUK:3 LANJUT:1 LAIN:1 BAWAH:1 KONSEP:2 AKAN:4 HUBUNGAN:1 BERSAMA:1 SECARA:1 SATU:4 SEBELUM:1 LEBIH:2 KITA:5 KUASA:1 SELAIN:3 MENGABAIKAN:1 ORANG:1 KAUM:1 SEBAB:1 PILIH:1 SIDANG:1 AKHBAR:2 MENURUT:1 BELIAU:2 DUA:1 BEKAS:1 MAT:1 DIN:1 SUATU:1 KETIKA:2 DAHULU:1 MEREKA:1 SUPAYA:1 IAITU:5 BERBEZA:1 BEBERAPA:1 BESAR:1 ADA:3 BANYAK:1 PENGALAMAN:1 SEJAK:1 SEHINGGA:1 PERJANJIAN:2 PUN:1 BAHARU:1 MALAH:1 PERNAH:1 BERLAKU:1 SURUHANJAYA:1 MERUPAKAN:2 AWAL:1 SELEPAS:1 MERDEKA:2 TUJUH:1 STRATEGIK:1 PERSEDIAAN:1 EMPAT:1 SETIAP:2 KERUSI:2 DEWAN:1 PARLIMEN:2 LALU:1 MESTI:1 SASARAN:1 PERAK:1 PERIKATAN:1 JENTERA:2 TURUT:1 PEMILIHAN:1 CALON:2 SIFAT:1 MEMINTA:1 SELURUH:1 AHLI:1 DIRI:1 PENYELESAIAN:1 MENGISI:1 HALA:1 TUJU:1 TINDAKAN:1 MUKA:1 HADAPAN:1 TERLEPAS:1 KAMI:2 BERITA:1 SASAR:1 HASIL:1 KASAR:1 JUTA:1 PESTA:1 AIR:1 NAIKKAN:1 NAMA:1 KUALA:2 ANTARABANGSA:1 PELANCONGAN:1 BERI:1 BUAT:1 RAKYAT:1 RAJA:1 TERMA:1 POLISI:1 SENARAI:1 KEDAI:1 CIPTA:1 MULIA:2 LAGI:1
https://www.utusan.com.my/berita/2026/09/rashid-sangkal-dakwaan-madinah/	MASUK:3 LANGGAN:5 AGAMA:2 FESYEN:2 GAJET:2 HIBURAN:2 KELUARGA:4 WANITA:2 KESIHATAN:2 PENDIDIKAN:2 TERKINI:2 NASIONAL:2 JENAYAH:2 KOMUNITI:2 MAHKAMAH:2 POLITIK:3 TRAGEDI:2 EKONOMI:2 HARTANAH:2 KEWANGAN:3 PRODUK:2 RINGGIT:2 LUAR:2 NEGARA:5 BARAT:2 TENGGARA:2 SUKAN:7 BOLA:2 SEPAK:4 BADMINTON:2 LUMBA:6 BASIKAL:2 KERETA:2 TAKRAW:2 SEMUA:3 RENCANA:2 SURAT:2 PEMBACA:2 PANCAINDERA:2 SERI:2 AKAUN:2 KANAN:1 PANDANGAN:2 PADA:8 SESI:1 BUAL:1 BICARA:1 UMMAH:2 REALITI:2 DAN:14 MASA:4 DEPAN:3 TABUNG:6 HAJI:7 HOTEL:1 SEMALAM:2 TURUT:4 SERTA:2 KETUA:3 PEGAWAI:3 OLEH:3 INTAN:1 UNTUK:11 TELAH:4 HADIR:4 HADAPAN:3 KAMI:8 BELIAU:10 MEMINTA:1 BERSAMA:2 PENGARAH:1 KETIKA:2 ITU:8 SAKSI:3 SECARA:5 SEORANG:2 DEMI:1 PENJELASAN:4 BEKAS:1 SURUHANJAYA:3 BUNG:1 TIDAK:7 DIBERI:2 LUANG:1 MEMBERI:3 KETERANGAN:3 KEPADA:3 YANG:7 JUGA:2 PENGERUSI:2 BERKATA:3 SEKALI:2 GUS:1 DIPANGGIL:3 LANGSUNG:2 DARIPADA:1 SEBELUM:3 TARIKH:1 IAITU:1 SELAIN:1 MEJA:2 KITA:5 SUDAH:2 KEHADIRAN:1 BAGI:1 MEMBERIKAN:2 ADA:3 PENUH:1 SELEPAS:2 DIA:1 SINI:1 INI:2 RASA:1 KERANA:2 DALAM:6 WALAUPUN:1 BERBUAT:1 DEMIKIAN:1 JAWATAN:1 DARI:1 HINGGA:1 BERADA:2 PEJABAT:1 JABATAN:1 KEMAJUAN:1 NAMUN:1 TETAP:1 RUANG:1 APABILA:1 SOALAN:2 KEMUDIAN:1 JAWAPAN:3 BAWAH:4 SEBAGAI:2 PERNYATAAN:2 LAGI:2 SYOR:2 KINI:1 HAMPIR:3 AKHIR:1 USAHA:1 ASPEK:1 KAWAL:5 SELIA:6 KATA:1 TERHADAP:1 AKTA:5 TADBIR:2 URUS:2 BAHARU:1 DAPAT:1 MEMAKAN:1 PERLU:2 SEKARANG:2 IALAH:1 LENGKAP:1 HANYA:1 MENYELESAIKAN:1 BEBERAPA:1 PERKARA:1 TEMPOH:1 ATAU:1 DUA:1 AKAN:2 SEDANG:2 CADANGAN:1 RANGKA:2 KERJA:2 MELETAKKAN:2 OPERASI:1 JAWATANKUASA:1 SEKURITI:1 GABENOR:1 BANK:1 CABANG:2 PELABURAN:2 PERBINCANGAN:1 SELAMA:1 ENAM:1 BULAN:1 BAHAWA:1 ADALAH:1 LEBIH:1 RELEVAN:1 PENGAWAL:1 UTAMA:1 STRUKTUR:1 UTUSAN:1 MUKA:1 MAHU:1 TERLEPAS:1 BERITA:1 INDIVIDU:1 KELIMA:1 PEGUAM:2 TULAR:2 RAHIM:2 AMBIL:2 SALAH:2 GUNA:2 JUTA:2 DANA:2 DIRI:2 SENDIRI:2 AHLI:2 AGENSI:1 TEKAN:1 MUSUH:1 TERMA:1 POLISI:1 SENARAI:1 KEDAI:1 AKHBAR:1 HAK:1 CIPTA:1 MULIA:1
https://www.utusan.com.my/tag/utusan-pelajar/	UTUSAN:7 PELAJAR:6 MASUK:4 LANGGAN:3 TERKINI:4 NASIONAL:18 JENAYAH:4 KOMUNITI:4 MAHKAMAH:4 POLITIK:4 TRAGEDI:4 EKONOMI:4 HARTANAH:4 KEWANGAN:4 PRODUK:4 RINGGIT:4 LUAR:4 NEGARA:4 BARAT:4 TENGGARA:4 GAYA:4 AGAMA:4 FESYEN:4 GAJET:4 HIBURAN:4 KELUARGA:4 WANITA:5 KESIHATAN:5 PENDIDIKAN:4 SUKAN:12 BOLA:4 SEPAK:8 BADMINTON:4 LUMBA:12 BASIKAL:4 KERETA:4 TAKRAW:4 SEMUA:4 RENCANA:4 SURAT:4 PEMBACA:4 PILIHAN:4 PANCAINDERA:4 SERI:4 KANAK:2 HARI:1 KEPIMPINAN:1 KEKUATAN:1 KEADAAN:1 BENGKEL:1 JAWI:2 KAMPUS:1 ANGKAT:1 MARTABAT:1 INOVASI:3 KUMPULAN:1 JOHAN:1 KONVENSYEN:1 UNIVERSITI:1 AWAM:1 FASIH:1 BAHASA:1 BIMBANG:1 JEREBU:1 ALAM:3 KELAS:1 PINTAR:1 UBAH:1 PENGALAMAN:1 MASA:1 DEPAN:1 SEKOLAH:1 SEDIA:1 TUALA:1 PERCUMA:1 MENJAWAB:2 SOALAN:2 SAINS:1 KELESTARIAN:1 BERITA:4 KERJASAMA:1 DAN:3 PEMBANGUNAN:1 BAHARU:1 DITERIMA:1 DENGAN:2 PELABUR:1 MELALUI:1 MASYARAKAT:1 PROGRAM:1 JOM:1 MURID:1 MAHIR:1 MEMBACA:1 DUA:1 TAHUN:1 CIKGU:1 KENANGAN:1 ABADI:1 MATEMATIK:1 BAB:1 LAJU:1 PECUTAN:1 TERMA:1 POLISI:1 SENARAI:1 KEDAI:1 AKHBAR:1 KAMI:1 HAK:1 CIPTA:1 MULIA:1
https://www.utusan.com.my/nasional/2026/09/jangan-tunggu-pelajar-berada-dalam-krisis-baru-bertindak-psima/	JANGAN:2 TUNGGU:2 PELAJAR:7 BERADA:3 DALAM:9 KRISIS:4 BARU:2 MASUK:3 LANGGAN:3 TERKINI:4 NASIONAL:4 JENAYAH:4 KOMUNITI:4 MAHKAMAH:4 POLITIK:4 TRAGEDI:4 EKONOMI:4 HARTANAH:4 KEWANGAN:4 PRODUK:4 RINGGIT:4 LUAR:4 NEGARA:6 BARAT:4 TENGGARA:4 GAYA:4 AGAMA:4 FESYEN:4 GAJET:4 HIBURAN:4 KELUARGA:4 WANITA:4 KESIHATAN:10 PENDIDIKAN:9 SUKAN:12 BOLA:4 SEPAK:8 BADMINTON:4 LUMBA:12 BASIKAL:4 KERETA:4 TAKRAW:4 SEMUA:4 RENCANA:4 SURAT:4 PEMBACA:4 PILIHAN:4 UTUSAN:6 PANCAINDERA:4 SERI:4 OLEH:1 SUDAH:1 TIBA:1 MENGAKTIFKAN:2 AHLI:7 PSIKOLOGI:16 SECARA:2 LEBIH:2 SISTEMATIK:1 SEKTOR:2 SEBAGAI:1 SEBAHAGIAN:1 DARIPADA:2 USAHA:1 INFRASTRUKTUR:3 MAKA:1 DENGAN:4 ITU:1 PERSATUAN:2 PANDANGAN:1 MENGENAI:1 KEPERLUAN:2 KEPADA:4 SEKOLAH:4 BAGI:2 KAUNSELOR:4 SEDIA:1 ADA:2 INI:2 BUKAN:2 SOAL:1 KITA:3 KEDUA:1 YANG:8 HARI:2 SEMAKIN:1 KOMPLEKS:2 DAN:13 PENDEKATAN:3 EMOSI:1 AWAL:2 RUJUKAN:3 PULA:1 BOLEH:2 PERKHIDMATAN:3 TERSEBUT:2 MELALUI:2 PENILAIAN:1 KES:2 TELAH:1 BANYAK:1 MELABUR:1 FIZIKAL:1 KINI:1 PERLU:3 MEMBERIKAN:1 PERHATIAN:1 SAMA:3 SERIUS:1 MANUSIA:2 SISTEM:4 SUPAYA:1 ATAU:1 DAERAH:1 KAWASAN:1 MEMPUNYAI:1 TINGGI:1 PADA:1 MASA:2 LALUAN:1 JELAS:2 IBU:1 BAPA:1 KLINIK:1 HOSPITAL:1 SERTA:2 PSIKIATRI:1 KANAK:4 TIDAK:2 SEHINGGA:1 SEORANG:1 SEBELUM:1 TINDAKAN:1 TURUT:1 CADANGAN:1 PEMBANGUNAN:2 MENTAL:2 KEBANGSAAN:1 TENAGA:1 KERJA:1 PENGURUSAN:1 KERJASAMA:1 ANTARA:1 SEKADAR:1 AGENDA:1 ADALAH:1 PELABURAN:1 KESELAMATAN:1 INSAN:1 DEPAN:1 PRESIDEN:1 PENSYARAH:1 KANAN:1 PROGRAM:1 KLINIKAL:1 TINGKAH:1 LAKU:1 FAKULTI:1 SAINS:1 MAHU:1 TERLEPAS:1 KAMI:2 BERITA:1 KEPIMPINAN:1 KEKUATAN:1 KEADAAN:1 BENGKEL:1 JAWI:2 KAMPUS:1 ANGKAT:1 MARTABAT:1 INOVASI:1 KUMPULAN:1 JOHAN:1 KONVENSYEN:1 UNIVERSITI:1 AWAM:1 TERMA:1 POLISI:1 SENARAI:1 KEDAI:1 AKHBAR:1 HAK:1 CIPTA:1 MULIA:1
https://www.utusan.com.my/nasional/2026/09/graduan-tvet-perlu-kuasai-kepimpinan-disiplin/	GRADUAN:5 PERLU:5 KEPIMPINAN:6 MASUK:3 LANGGAN:3 TERKINI:4 NASIONAL:4 JENAYAH:4 KOMUNITI:5 MAHKAMAH:4 POLITIK:4 TRAGEDI:4 EKONOMI:4 HARTANAH:4 KEWANGAN:4 PRODUK:5 RINGGIT:4 LUAR:4 NEGARA:10 BARAT:4 TENGGARA:4 GAYA:4 AGAMA:4 FESYEN:4 GAJET:4 HIBURAN:4 KELUARGA:4 WANITA:4 KESIHATAN:4 PENDIDIKAN:7 SUKAN:12 BOLA:4 SEPAK:8 BADMINTON:4 LUMBA:12 BASIKAL:4 KERETA:4 TAKRAW:4 SEMUA:4 RENCANA:4 SURAT:4 PEMBACA:4 PILIHAN:4 UTUSAN:6 PANCAINDERA:4 SERI:4 TENGAH:1 BERSAMA:1 MAHASISWA:7 DARIPADA:2 SELURUH:2 YANG:8 NEGERI:1 SEMBILAN:1 BARU:3 INI:5 OLEH:1 SERAMAI:1 MENJADI:1 DAN:15 TAHAN:2 MEMPUNYAI:2 KETUA:1 SETIAUSAHA:1 TINGGI:2 DATUK:1 BERKATA:3 PEMBANGUNAN:2 INSAN:1 DARI:1 ASPEK:1 HARI:4 DENGAN:3 SERTA:3 SEMANGAT:3 BAGI:1 MEREKA:1 MAMPU:3 KEPADA:1 MASYARAKAT:2 BUKAN:1 SAHAJA:1 CEMERLANG:1 DALAM:7 TETAPI:1 JUGA:1 KEKUATAN:1 MAKA:1 AKTIF:1 BADAN:1 SEPERTI:1 RELA:3 SISWA:1 SISWI:1 MELAHIRKAN:2 KETIKA:1 MAJLIS:1 PROGRAM:4 JABATAN:2 KERJASAMA:1 SUKARELAWAN:1 ITU:3 SELAMA:1 ENAM:1 HINGGA:1 INSPIRASI:1 TRANSFORMASI:1 MADANI:3 TERSEBUT:1 MEMBERI:1 PENEKANAN:1 TERHADAP:1 JATI:1 DIRI:2 BUDAYA:2 KERJA:1 SELARI:1 IHSAN:1 PENGALAMAN:1 SEPANJANG:2 MEMBANTU:1 KEYAKINAN:1 PERPADUAN:1 KEM:1 PELBAGAI:1 AKTIVITI:1 TERMASUK:1 KAWAD:1 TANGAN:1 PANDU:1 ARAH:1 ASAS:1 SENJATA:2 API:2 KHIDMAT:1 BAKTI:1 MALAM:1 PENGURUSAN:1 SEBANYAK:1 KALI:1 IAITU:1 KOTA:1 BHARU:1 SULTAN:4 HAJI:1 MIZAN:1 ABIDIN:1 TUANKU:1 KUCHING:1 BANTING:1 TURUT:1 AGENDA:1 PELAJAR:2 TIDAK:1 MAHU:1 TERLEPAS:1 KAMI:2 BERITA:1 JANGAN:1 TUNGGU:1 BERADA:1 KRISIS:1 JUARA:1 MENJAWAB:1 SOALAN:1 MATEMATIK:1 BAB:1 FUNGSI:1 TERMA:1 POLISI:1 SENARAI:1 KEDAI:1 AKHBAR:1 HAK:1 CIPTA:1 MULIA:2 SATU:1 LAGI:1
https://www.utusan.com.my/nasional/2026/09/sk-tambulaong-juara-pertandingan-boules-sabah-2026/	JUARA:3 MASUK:3 LANGGAN:3 TERKINI:4 NASIONAL:4 JENAYAH:4 KOMUNITI:5 MAHKAMAH:4 POLITIK:6 TRAGEDI:4 EKONOMI:4 HARTANAH:4 KEWANGAN:4 PRODUK:5 RINGGIT:4 LUAR:4 NEGARA:4 BARAT:4 TENGGARA:4 GAYA:4 AGAMA:4 FESYEN:4 GAJET:4 HIBURAN:4 KELUARGA:4 WANITA:4 KESIHATAN:4 PENDIDIKAN:4 SUKAN:15 BOLA:4 SEPAK:8 BADMINTON:4 LUMBA:12 BASIKAL:4 KERETA:4 TAKRAW:4 SEMUA:4 RENCANA:4 SURAT:4 PEMBACA:4 PILIHAN:4 UTUSAN:6 PANCAINDERA:4 SERI:4 DALAM:8 MAJLIS:4 NEGERI:5 BARU:5 INI:3 OLEH:1 ATLET:1 DIBERI:1 RUANG:1 UNTUK:4 PRESTASI:2 SERTA:3 SEKALI:1 GUS:1 MELAHIRKAN:1 LEBIH:6 RAMAI:1 PELAPIS:1 PENTAS:1 TINGGI:4 PENGERUSI:1 PENGANJUR:1 GURU:2 BESAR:4 SEKOLAH:8 KEBANGSAAN:1 BERKATA:3 YANG:5 ITU:6 MEMBERI:1 PENGALAMAN:1 KEPADA:3 MURID:3 RENDAH:1 SELAIN:1 BAKAT:2 BAHARU:1 ATAU:1 BUKAN:1 SAHAJA:1 PERMAINAN:1 MALAH:1 KETAHANAN:1 MENTAL:1 KEYAKINAN:1 DIRI:1 SEMANGAT:1 PASTI:1 DAPAT:3 TERUS:2 DAN:9 SUPAYA:2 MAMPU:1 MENCAPAI:2 SEHINGGA:1 PADA:3 KEJOHANAN:5 PASUKAN:6 PERLU:2 SETIAP:1 PERLAWANAN:1 SEBAGAI:1 KELEMAHAN:1 MANAKALA:2 KAMPUNG:4 BAHAGIA:4 TEMPAT:2 KEDUA:1 SETIAUSAHA:2 MENTERI:2 KOS:2 HIDUP:2 DATUK:2 KONGSI:1 DENGAN:2 BAHAGIAN:1 IALAH:1 LOK:1 ULU:2 KAMPONG:1 PEKAN:1 TUAN:1 RUMAH:1 DARIPADA:1 JUMLAH:1 MASING:4 DUA:1 TIGA:1 TUJUH:1 LAIN:1 SATU:2 BELIAU:1 MEMPUNYAI:1 PIHAK:1 IBU:1 BAPA:1 PELAJAR:2 TIDAK:1 MAHU:1 TERLEPAS:1 KAMI:2 BERITA:1 JANGAN:1 TUNGGU:1 BERADA:1 KRISIS:1 GRADUAN:1 KEPIMPINAN:1 MENJAWAB:1 SOALAN:1 MATEMATIK:1 BAB:1 FUNGSI:1 TERMA:1 POLISI:1 SENARAI:1 KEDAI:1 AKHBAR:1 HAK:1 CIPTA:1 MULIA:2 LAGI:1
https://www.utusan.com.my/nasional/2026/09/smk-sanglang-sk-manir-ungguli-aia-healthiest-schools-2026/	MASUK:3 LANGGAN:3 TERKINI:4 NASIONAL:4 JENAYAH:4 KOMUNITI:6 MAHKAMAH:4 POLITIK:4 TRAGEDI:4 EKONOMI:4 HARTANAH:4 KEWANGAN:4 PRODUK:5 RINGGIT:4 LUAR:5 NEGARA:5 BARAT:4 TENGGARA:4 GAYA:4 AGAMA:4 FESYEN:4 GAJET:4 HIBURAN:4 KELUARGA:4 WANITA:4 KESIHATAN:4 PENDIDIKAN:9 SUKAN:12 BOLA:4 SEPAK:8 BADMINTON:4 LUMBA:12 BASIKAL:4 KERETA:4 TAKRAW:4 SEMUA:5 RENCANA:4 SURAT:4 PEMBACA:4 PILIHAN:4 UTUSAN:6 PANCAINDERA:4 SERI:4 WANG:2 ABIDIN:1 DENGAN:6 WAKIL:2 SEKOLAH:28 YANG:33 MENJADI:2 PEMENANG:2 BAGI:6 KATEGORI:4 PADA:5 MAJLIS:3 ANUGERAH:4 PALING:2 SIHAT:6 KUALA:1 LUMPUR:1 BARU:7 INI:7 OLEH:1 KEPADA:8 EDISI:1 KETIGA:1 LEBIH:8 KERAJAAN:1 SWASTA:1 DAN:24 ANTARABANGSA:1 DARI:3 SELURUH:1 HINGGA:1 LALU:1 ITU:4 TERUS:2 SEJAK:1 USAHA:1 BUDAYA:2 HIDUP:2 DALAM:9 JUMLAH:2 DITERIMA:1 TAHUN:3 PERTAMA:2 SEBELUM:2 BERTAMBAH:1 DUA:1 KALI:2 TERSEBUT:7 KESEDARAN:1 SERTA:3 SEMAKIN:2 TINGGI:1 WARGA:1 UNTUK:8 PERSEKITARAN:2 AKTIF:3 MURID:19 TURUT:5 SEJARAH:1 APABILA:3 BUAT:1 JENIS:1 KEBANGSAAN:3 MENERIMA:3 KESEMUA:1 MENANG:1 BERDASARKAN:1 PROJEK:7 GURU:1 KELESTARIAN:1 JANGKA:1 PANJANG:1 SEBANYAK:1 HADIAH:1 TUNAI:1 RENDAH:2 JUARA:3 MEMBERI:1 PEMBANGUNAN:1 PROGRAM:3 KHAS:5 MELALUI:3 PERTANIAN:4 SECARA:2 BERKATA:8 BOLEH:3 SELEPAS:3 TAMAT:2 MENURUT:2 BELIAU:5 LOKASI:1 BERADA:2 KAWASAN:3 BANDAR:1 SEBAGAI:2 PIHAK:4 MAHU:4 MEMPEROLEH:1 SAMA:1 RATA:1 SEPERTI:3 ARUS:1 PERDANA:1 KAMI:5 MEREKA:16 MEMPUNYAI:3 NANTI:1 SUPAYA:1 SESUATU:1 DILAKUKAN:1 TIDAK:6 BERGANTUNG:1 ORANG:1 LAIN:2 KETIKA:1 IBU:3 KOTA:1 MANGGA:1 DARIPADA:1 TAPAK:1 PENJAGAAN:1 POKOK:3 SEHINGGA:1 HASIL:2 AKTIVITI:2 SAIZ:2 BUAH:2 TUAIAN:1 LANGSUNG:1 MEMBANTU:4 MEMAHAMI:2 KONSEP:1 MATEMATIK:2 BAHASA:1 PEGANG:1 UKUR:1 TIMBANG:1 BERAT:3 SEBENARNYA:1 SEDANG:1 BELAJAR:2 MUDAH:1 PELAJARAN:1 PENGALAMAN:1 MINAT:1 HADIR:1 SETIAP:2 HARI:2 DIBERIKAN:2 TANGGUNGJAWAB:2 DITANAM:1 TERMASUK:1 MEMANTAU:1 TANAMAN:2 SELAIN:2 RASA:1 SERONOK:3 DATANG:3 KERANA:1 ADA:3 BENDA:1 LAKUKAN:1 MELIHAT:2 MEMBESAR:1 BERBUAH:1 JUGA:2 EMOSI:1 TENANG:1 HANYA:1 TERTUMPU:1 SEMATA:1 MATA:1 SEBALIKNYA:1 DAPAT:2 SANTAI:1 PENGGUNAAN:2 JENTERA:1 KERJASAMA:1 MESIN:1 RUMPUT:1 OPERASI:1 SAWAH:1 JADI:1 SANGAT:1 MASA:1 DEPAN:1 SERAMAI:1 KINI:1 UTAMA:1 IALAH:1 MASIH:2 BAPA:2 KURANG:2 YAKIN:1 ANAK:3 MALU:1 BAHAWA:1 PENDEKATAN:1 BERBEZA:1 GEMBIRA:1 SEMENTARA:2 PENGURUS:1 PELAJAR:3 LALUAN:1 AKAN:2 MENDUDUKI:1 MENERUSKAN:1 PENGAJIAN:1 BIDANG:1 PULA:1 INISIATIF:2 KADAR:1 BADAN:2 KETUA:1 RAMAI:1 PEMAKANAN:1 MELAKUKAN:1 FIZIKAL:1 MENCARI:1 PENYELESAIAN:1 ADALAH:1 PENOLONG:1 APLIKASI:1 SEMASA:1 TERLEPAS:1 BERITA:1 JANGAN:1 TUNGGU:1 KRISIS:1 GRADUAN:1 PERLU:1 KEPIMPINAN:1 MENJAWAB:1 SOALAN:1 BAB:1 FUNGSI:1 TERMA:1 POLISI:1 SENARAI:1 KEDAI:1 AKHBAR:1 HAK:1 CIPTA:1 MULIA:2 SATU:1 LAGI:1
https://www.utusan.com.my/nasional/2026/09/tips-menjawab-soalan-matematik-spm-bab-8-tingkatan-2-graf-fungsi/	MENJAWAB:2 SOALAN:2 MATEMATIK:2 BAB:2 FUNGSI:2 UTUSAN:6 MASUK:3 LANGGAN:3 TERKINI:4 NASIONAL:4 JENAYAH:4 KOMUNITI:4 MAHKAMAH:4 POLITIK:4 TRAGEDI:4 EKONOMI:4 HARTANAH:4 KEWANGAN:4 PRODUK:5 RINGGIT:4 LUAR:4 NEGARA:4 BARAT:4 TENGGARA:4 GAYA:4 AGAMA:4 FESYEN:4 GAJET:4 HIBURAN:4 KELUARGA:4 WANITA:4 KESIHATAN:4 PENDIDIKAN:4 SUKAN:12 BOLA:4 SEPAK:8 BADMINTON:4 LUMBA:12 BASIKAL:4 KERETA:4 TAKRAW:4 SEMUA:4 RENCANA:4 SURAT:4 PEMBACA:4 PILIHAN:4 PANCAINDERA:4 SERI:4 OLEH:1 PELAJAR:2 TIDAK:1 MAHU:1 TERLEPAS:1 KAMI:2 BERITA:1 JANGAN:1 TUNGGU:1 BERADA:1 DALAM:1 KRISIS:1 BARU:1 GRADUAN:1 PERLU:1 KEPIMPINAN:1 JUARA:1 TERMA:1 DAN:1 POLISI:1 SENARAI:1 KEDAI:1 AKHBAR:1 HAK:1 CIPTA:1 MULIA:2 SATU:1 LAGI:1
https://www.utusan.com.my/nasional/2026/09/majoriti-mahu-pbakl-diteruskan-sebagai-acara-tahunan/	MAJORITI:3 MAHU:3 SEBAGAI:13 ACARA:5 TAHUNAN:3 MASUK:3 LANGGAN:3 TERKINI:4 NASIONAL:7 JENAYAH:4 KOMUNITI:4 MAHKAMAH:4 POLITIK:4 TRAGEDI:4 EKONOMI:6 HARTANAH:4 KEWANGAN:4 PRODUK:5 RINGGIT:4 LUAR:4 NEGARA:13 BARAT:4 TENGGARA:4 GAYA:4 AGAMA:4 FESYEN:4 GAJET:4 HIBURAN:4 KELUARGA:6 WANITA:4 KESIHATAN:4 PENDIDIKAN:5 SUKAN:12 BOLA:4 SEPAK:8 BADMINTON:4 LUMBA:12 BASIKAL:4 KERETA:4 TAKRAW:4 SEMUA:4 RENCANA:4 SURAT:4 PEMBACA:6 PILIHAN:4 UTUSAN:5 PANCAINDERA:4 SERI:4 SEMBILAN:1 DARI:4 KIRI:2 DAN:20 KETUA:1 PEGAWAI:1 KOTA:2 BUKU:15 TUJUH:2 BERSAMA:1 PASUKAN:1 YANG:16 OLEH:4 MULIA:3 MAJLIS:1 KEBANGSAAN:1 BARU:3 INI:10 SERTA:7 PENILAIAN:1 PESTA:6 ANTARABANGSA:2 KUALA:1 LUMPUR:1 INSTITUT:1 DARUL:1 SEBANYAK:2 ITU:1 MENGESAHKAN:3 BAHAWA:6 BUKAN:2 SAHAJA:2 TERUS:5 MENJADI:3 MALAH:2 SEMAKIN:2 KUKUH:3 BUDAYA:5 MEMBACA:4 AGENDA:2 PEMBANGUNAN:4 ILMU:5 PERATUS:15 HATI:2 SECARA:3 TERHADAP:4 SEKALI:3 GUS:3 DENGAN:4 TAHUN:2 PENGURUSAN:1 SUSUN:1 ATUR:1 KEMUDAHAN:1 PROGRAM:3 PENGALAMAN:1 SEPANJANG:1 LEBIH:2 BERJAYA:3 RAKYAT:1 MANAKALA:4 MEMBERIKAN:3 STRATEGIK:2 TURUT:4 KERAJAAN:1 PERLU:3 KEYAKINAN:2 MASYARAKAT:6 IALAH:2 ASET:1 SUDUT:1 TINGKAH:1 LAKU:1 DATANG:2 KHUSUS:1 UNTUK:2 SEMENTARA:2 MENCARI:1 BAHARU:1 FUNGSI:1 UTAMA:1 PASARAN:1 MASIH:1 WALAUPUN:1 KINI:1 REKREASI:1 KUALITI:1 BACAAN:1 MENDAPAT:1 MAKLUM:1 BALAS:1 AMAT:1 APABILA:4 DISKAUN:1 MENARIK:2 TAWARAN:1 PENERBIT:3 FAKTOR:1 PEMBELIAN:1 SEPERTI:1 BENGKEL:1 JUGA:2 TARIKAN:1 MENGANGGAP:1 TERSEBUT:2 TELAH:2 DARIPADA:4 KEPADA:5 PENULIS:1 UMUM:1 DALAM:4 SATU:2 RUANG:1 GENERASI:1 MUDA:1 IAITU:1 PELAJAR:3 SEKOLAH:1 PENGAJIAN:1 TINGGI:1 HAMPIR:2 SEPARUH:1 ANTARA:1 HINGGA:1 SOSIAL:1 PALING:2 MENGETAHUI:1 MELALUI:2 DIIKUTI:2 KOMUNIKASI:1 STRATEGI:1 PEMASARAN:2 CAPAIAN:1 KATEGORI:1 BANYAK:1 KARYA:1 SASTERA:1 KOMIK:1 ATAU:1 MANGA:1 DIRI:1 JAWATANKUASA:2 BERKATA:2 ASAS:2 BAGI:3 PADA:2 MASA:2 HADAPAN:2 JELAS:1 MERUPAKAN:1 SYARIKAT:2 LIMA:1 KALI:2 TREND:1 MENCAPAI:1 PENGETAHUAN:1 AKAN:1 RELEVAN:1 KEHENDAK:1 KEPERLUAN:1 MELAHIRKAN:1 SELAIN:1 KEJAYAAN:1 BUAH:1 SESI:1 HAK:2 CIPTA:2 TIGA:1 RAKAN:1 TIDAK:1 TERLEPAS:1 KAMI:2 BERITA:1 JANGAN:1 TUNGGU:1 BERADA:1 KRISIS:1 GRADUAN:1 KEPIMPINAN:1 JUARA:1 TERMA:1 POLISI:1 SENARAI:1 KEDAI:1 AKHBAR:1 LAGI:1
https://www.utusan.com.my/tag/pilihan-editor/	PILIHAN:6 UTUSAN:5 MASUK:3 LANGGAN:3 TERKINI:4 NASIONAL:4 JENAYAH:4 KOMUNITI:4 MAHKAMAH:4 POLITIK:4 TRAGEDI:4 EKONOMI:5 HARTANAH:4 KEWANGAN:5 PRODUK:4 RINGGIT:4 LUAR:4 NEGARA:5 BARAT:4 TENGGARA:4 GAYA:4 AGAMA:4 FESYEN:4 GAJET:4 HIBURAN:4 KELUARGA:4 WANITA:4 KESIHATAN:4 PENDIDIKAN:4 SUKAN:12 BOLA:4 SEPAK:8 BADMINTON:4 LUMBA:12 BASIKAL:4 KERETA:4 TAKRAW:4 SEMUA:4 RENCANA:4 SURAT:4 PEMBACA:4 PANCAINDERA:4 SERI:4 BERITA:15 TAMBAH:1 BAIK:1 SISTEM:1 POTONG:1 GAJI:1 SUAMI:2 SWASTA:1 BAYAR:1 NAFKAH:2 DARIPADA:1 SEDIA:2 SIAPA:1 PANTAU:1 TASIK:1 BERA:1 TAPAK:1 KETUANAN:1 BUKAN:3 RASIS:1 PENUH:1 DISKRIMINASI:1 KRISIS:1 NEGERI:1 SEMBILAN:1 BINCANG:1 DENGAN:1 TUANKU:1 KERAJAAN:2 PERLU:2 PELAN:1 TURUN:1 NAIK:1 HARGA:1 MINYAK:1 LESEN:1 GUNA:1 ELEKTRIK:1 BERSATU:1 AMBIL:1 ALIH:1 BEBAN:1 CUKAI:1 RAKYAT:1 HARAP:1 DAPAT:1 KEMBALI:1 MELIHAT:1 PANTAUAN:1 MATA:1 PANTAI:1 BAHAYA:1 IBU:1 HIDAP:1 SAKIT:1 KRONIK:1 GAGAH:1 JAGA:1 ANAK:1 PAS:1 WAWASAN:1 SEMULA:1 KEMASUKAN:1 TUJUH:1 HILANG:1 SELEPAS:1 KELUAR:1 MEMANCING:1 IKAN:1 GENERASI:1 MUDA:1 WAJAH:1 TERMA:1 DAN:1 POLISI:1 SENARAI:1 KEDAI:1 AKHBAR:1 KAMI:1 HAK:1 CIPTA:1 MULIA:1
https://www.utusan.com.my/seri/2026/09/maureen-penjaga-legasi-madam-kwans/	PENJAGA:2 MASUK:3 LANGGAN:5 INSPIRASI:2 LIKU:2 HIDUP:2 CANTIK:2 RESIPI:4 TERKINI:2 NASIONAL:2 JENAYAH:2 KOMUNITI:2 MAHKAMAH:3 POLITIK:2 TRAGEDI:2 EKONOMI:2 HARTANAH:2 KEWANGAN:2 PRODUK:4 LUAR:2 NEGARA:3 BARAT:2 TENGGARA:2 GAYA:2 AGAMA:2 FESYEN:2 GAJET:2 HIBURAN:2 KELUARGA:2 WANITA:2 KESIHATAN:3 SUKAN:6 BOLA:2 SEPAK:4 BADMINTON:2 LUMBA:6 BASIKAL:2 KERETA:2 TAKRAW:2 SEMUA:3 RENCANA:2 SURAT:2 PEMBACA:2 PANCAINDERA:2 AKAUN:2 OLEH:1 SEPANJANG:1 TAHUN:4 PELBAGAI:2 DAN:20 RANJAU:1 SUDAH:2 NAMUN:1 BUKAN:4 DALAM:6 DUNIA:4 YANG:22 PALING:3 SEBALIKNYA:4 BELIAU:2 BIMBANG:1 GAGAL:1 MENERUSKAN:1 ITU:10 SAYA:17 TAKUT:1 SEJAK:3 LAMA:1 MATA:1 TANGAN:1 SENDIRI:3 CONTOHNYA:4 SEMASA:1 PANDEMIK:1 HASIL:1 SEHINGGA:3 PERATUS:1 SEDANGKAN:1 GAJI:1 PEKERJA:2 KOS:1 OPERASI:3 TETAP:1 PERLU:3 BILA:3 BERCAKAP:1 TENTANG:1 PERKARA:4 INI:7 SEKARANG:1 MASIH:1 MEMANG:1 SANGAT:1 MENAKUTKAN:1 SAHAJA:1 BOLEH:2 HILANG:1 MALAH:4 JUGA:4 BAKAL:1 LENYAP:1 KEPADA:4 SERI:1 BARU:3 BAGI:3 SEKADAR:3 TERUS:3 TURUT:3 RASA:4 MAKANAN:9 DAHULU:2 DUA:1 IALAH:2 UNTUK:11 MENTAH:2 SAMBIL:1 KUALITI:2 PADA:3 BESAR:3 SEORANG:4 PERCAYA:1 BENDA:1 TIDAK:16 SUSAH:1 TETAPI:4 DATANG:4 DARIPADA:7 SANTAN:1 SEMUANYA:1 KELAPA:1 HARI:3 BEKALAN:2 LAGI:3 DARI:2 BEGITU:1 IKAN:2 TERBAIK:1 PULAU:1 KINI:2 TENGGIRI:1 MEMBUAT:2 OTAK:2 SEMAKIN:1 MENCARI:4 HAMPIR:2 SEMULA:3 SETIAP:3 ASAL:2 DAPAT:2 MENJADI:2 LEBIH:3 APABILA:5 CAWANGAN:4 KERANA:2 KEKAL:3 DAPUR:1 PUSAT:1 TEKNOLOGI:1 TERMASUK:1 MEMASAK:1 SERTA:3 TOLONG:2 SEKEJAP:2 MEMBANTU:3 IBU:2 ATAU:5 MESRA:1 NIAT:1 BUAT:1 SEMENTARA:1 WAKTU:1 TIGA:1 DEKAD:1 SEBENARNYA:1 KERJA:2 JADI:1 RESTORAN:2 DIBUKA:1 BERITAHU:1 SUAMI:1 SANGKA:1 RUPA:1 BERADA:2 SINI:1 TUGAS:1 BEKAS:1 PRAMUGARI:1 DENGAN:6 MELAKUKAN:1 PEMBANGUNAN:1 CUMA:1 ANAK:1 KAMPUNG:1 BERASAL:1 PERNAH:2 MENGANGGAP:1 LAYAK:1 JIKA:1 ADA:2 TAHU:1 CUBA:2 BELAJAR:2 SEBAB:1 MASALAH:2 TURUN:1 PADANG:1 MENCUCI:1 PINGGAN:1 BEBERAPA:1 MEMAHAMI:1 TIMBUL:1 PENYELESAIAN:1 KALAU:2 SEDAP:2 BUANG:1 ANTARA:3 NASIHAT:1 SENTIASA:1 DIPEGANG:1 JANGAN:1 MENGHIDANGKAN:1 PELANGGAN:4 SUPAYA:1 TERLALU:1 ORANG:1 LAIN:2 TREND:1 BERANI:1 MENCIPTA:1 SESUATU:1 PESANAN:1 TERHADAP:1 ERTI:1 KEJAYAAN:2 MINUMAN:1 MENURUT:1 BERDASARKAN:1 KEUNTUNGAN:1 JUMLAH:1 INGATAN:1 SESEORANG:1 NASI:2 RENDANG:1 AYAM:1 GORENG:1 KEMUDIAN:1 DIA:4 TERINGAT:1 SAJIAN:1 KAMI:3 KISAH:1 KENANGAN:1 MUNGKIN:1 SELAMA:1 LELAKI:1 WARGA:1 BIDANG:1 SAMA:2 IAITU:1 KUETIAU:1 MALAM:1 DUDUK:1 TEMPAT:2 KADANG:2 BERSAMA:1 KAWAN:1 DIRI:4 SEBELUM:1 MENINGGAL:1 MEMINTA:1 SEBAGAI:2 MERUPAKAN:1 ISTIMEWA:1 AKAN:2 SAMPAI:1 MESYUARAT:1 SEKALI:1 MASA:1 TENANG:1 BERHENTI:1 PERJALANAN:1 KELEMAHAN:1 SELALU:1 STAF:1 PIHAK:1 MEMBERI:1 PERHATIAN:1 CARA:1 BERBUAL:1 AGAR:1 JAUH:1 SURI:1 HATI:1 DATUK:1 LALU:1 BERBEZA:1 CATATAN:1 BIASA:1 MENGHARGAI:1 KEHIDUPAN:1 PROFESOR:1 WALAUPUN:1 KEJADIAN:2 BURUK:1 MENIMPA:1 SISI:1 MUDAH:1 SOAL:1 PILIHAN:1 MAHU:1 TERLEPAS:1 BERITA:1 GERAN:1 JUTA:1 KECIL:1 LIMA:1 LOKASI:1 BAHAYA:1 KES:1 RASUAH:1 KEMBALI:1 TINGGI:1 BOTOL:1 BINA:1 TERMA:1 POLISI:1 SENARAI:1 KEDAI:1 AKHBAR:1 HAK:1 CIPTA:1 MULIA:2 SATU:1
https://www.utusan.com.my/category/seri/inspirasi/	INSPIRASI:22 UTUSAN:1 MASUK:3 LANGGAN:5 LIKU:2 HIDUP:3 CANTIK:2 RESIPI:2 TERKINI:2 NASIONAL:2 JENAYAH:2 KOMUNITI:2 MAHKAMAH:2 POLITIK:2 TRAGEDI:2 EKONOMI:2 HARTANAH:2 KEWANGAN:2 PRODUK:3 LUAR:2 NEGARA:2 BARAT:2 TENGGARA:2 GAYA:2 AGAMA:2 FESYEN:2 GAJET:2 HIBURAN:2 KELUARGA:2 WANITA:6 KESIHATAN:2 SUKAN:6 BOLA:2 SEPAK:4 BADMINTON:2 LUMBA:6 BASIKAL:2 KERETA:2 TAKRAW:2 SEMUA:2 RENCANA:2 SURAT:2 PEMBACA:2 PANCAINDERA:2 AKAUN:2 ADA:1 PENGORBANAN:1 NUR:1 KENA:1 BUAT:1 WALAUPUN:1 PESAKIT:1 SUDAH:2 REZEKI:1 LEBIH:2 JIKA:2 BERSAMA:1 TAHUN:2 BERNIAGA:1 SAYA:1 MASIH:1 RELEVAN:1 MATLAMAT:1 BUKAN:1 LAGI:2 KEJAR:1 MEMPUNYAI:1 TANGGUNGJAWAB:1 YANG:1 BESAR:1 TIADA:2 BATASAN:1 SEBAGAI:1 PEMIMPIN:1 BOLEH:1 JADI:3 KERJAYA:1 PENGALAMAN:1 DORONG:2 APLIKASI:1 MAMPU:1 BERJAYA:2 DIBERI:1 JALAN:1 UNTUK:1 UBAH:2 DARI:1 TENTERA:1 KLINIK:1 DAPUR:2 SEMAI:1 MINAT:1 MEMASAK:1 PAYUNG:1 GERAI:1 KERAP:1 SUARA:1 ANAK:2 AUTISME:1 CIKGU:1 PELAJAR:1 TANGGAPAN:1 HANYA:1 DUDUK:1 LAPUK:1 PAKAI:1 DOKTOR:1 GIGI:1 TERMA:1 DAN:1 POLISI:1 SENARAI:1 KEDAI:1 AKHBAR:1 KAMI:1 HAK:1 CIPTA:1 MULIA:2 SATU:1
https://www.utusan.com.my/nasional/2026/09/geran-rm200-juta-bantu-suntik-modal-peniaga-kecil/	GERAN:7 JUTA:5 KECIL:8 MASUK:3 LANGGAN:3 TERKINI:4 NASIONAL:4 JENAYAH:4 KOMUNITI:4 MAHKAMAH:5 POLITIK:4 TRAGEDI:4 EKONOMI:4 HARTANAH:4 KEWANGAN:6 PRODUK:6 RINGGIT:4 LUAR:4 NEGARA:4 BARAT:4 TENGGARA:4 GAYA:4 AGAMA:4 FESYEN:4 GAJET:4 HIBURAN:4 KELUARGA:5 WANITA:4 KESIHATAN:4 PENDIDIKAN:4 SUKAN:12 BOLA:4 SEPAK:8 BADMINTON:4 LUMBA:12 BASIKAL:4 KERETA:4 TAKRAW:4 SEMUA:4 RENCANA:4 SURAT:4 PEMBACA:4 PILIHAN:5 UTUSAN:6 PANCAINDERA:4 SERI:5 DARI:5 KAMPUNG:3 KUALA:2 KUIH:2 BERHARAP:2 SEJAHTERA:4 MADANI:4 DAPAT:4 MEMBANTU:4 SEPERTINYA:2 KOS:4 DAN:5 PEMBELIAN:2 MENTAH:2 OLEH:1 YANG:5 BAKAL:1 KERAJAAN:2 MAMPU:1 MEMBERI:2 KEPADA:4 PASAR:2 MALAM:2 SERTA:3 IBU:2 RUMAH:2 DALAM:1 ITU:2 SELAIN:1 RUANG:1 UNTUK:5 PENDAPATAN:1 SINI:2 BERKATA:2 AMAT:2 BAGI:3 SELAMA:1 INI:2 BERGANTUNG:1 SENDIRI:2 SEPANJANG:1 ENAM:2 TAHUN:2 DIA:1 TIDAK:2 PERNAH:1 MENERIMA:1 SAYA:2 BOLEH:2 SEBAGAI:2 LAGI:2 NUR:1 OPERASI:1 KUANTITI:1 PENGELUARAN:1 BEBAN:1 PERLU:1 MENGELUARKAN:1 SETIAP:1 HARI:2 KELMARIN:1 PERDANA:1 MENTERI:1 DATUK:1 IKHTIAR:1 RAKYAT:1 KEBANGSAAN:1 PEMBIAYAAN:1 MIKRO:1 DENGAN:1 PERUNTUKAN:1 BILION:1 TURUT:1 MAHU:1 TERLEPAS:1 KAMI:2 BERITA:1 LIMA:1 LOKASI:1 BAHAYA:1 KES:1 RASUAH:1 KEMBALI:1 TINGGI:1 BOTOL:1 BINA:1 SEGERA:1 SEKOLAH:1 LEBIH:1 TERMA:1 POLISI:1 SENARAI:1 KEDAI:1 AKHBAR:1 HAK:1 CIPTA:1 MULIA:2 SATU:1
https://www.utusan.com.my/category/berita/	BERITA:20 UTUSAN:5 MASUK:3 LANGGAN:3 TERKINI:4 NASIONAL:4 JENAYAH:4 KOMUNITI:4 MAHKAMAH:5 POLITIK:4 TRAGEDI:4 EKONOMI:4 HARTANAH:4 KEWANGAN:4 PRODUK:5 RINGGIT:4 LUAR:4 NEGARA:4 BARAT:4 TENGGARA:4 GAYA:4 AGAMA:4 FESYEN:4 GAJET:4 HIBURAN:4 KELUARGA:4 WANITA:4 KESIHATAN:4 PENDIDIKAN:4 SUKAN:12 BOLA:4 SEPAK:8 BADMINTON:4 LUMBA:12 BASIKAL:4 KERETA:5 TAKRAW:4 SEMUA:4 RENCANA:4 SURAT:4 PEMBACA:4 PILIHAN:4 PANCAINDERA:4 SERI:4 TOLAK:1 DARURAT:2 PAS:7 MAHU:2 EMPAT:1 KERUSI:2 GANTUNG:1 SERTA:1 PEMAKAIAN:1 BAJU:1 OREN:1 KEMUDI:1 LAKSANA:1 MANSUH:1 LEPAS:2 TANPA:1 BEBAS:1 ABU:1 ISTERI:1 JANGAN:1 HANYA:1 TUMPU:1 USAHA:1 MENANG:1 PERLU:2 SEDIA:1 PERINTAH:1 TIADA:1 UNTUK:1 SISA:1 KUMBAHAN:1 BABI:1 ISYTIHAR:1 KAMI:2 KEHILANGAN:1 SEORANG:1 SAHABAT:2 BINCANG:1 BAIK:3 KAPAL:1 TINDAKAN:1 TEGAS:1 UMMAH:1 MESTI:1 JADI:1 AGENDA:1 UTAMA:1 DUA:2 MAUT:1 KETIKA:1 BERBASIKAL:1 TEPI:1 LEBUH:1 RAYA:1 HARI:1 MERAH:1 MAHA:1 KALI:1 SEPERTI:1 HUBUNGAN:1 DENGAN:1 SOKONG:1 CABANG:1 PELABURAN:1 SERAMAI:1 ANAK:1 PEKERJA:1 DAPAT:1 KEWARGANEGARAAN:1 TERMA:1 DAN:1 POLISI:1 SENARAI:1 KEDAI:1 AKHBAR:1 HAK:1 CIPTA:1 MULIA:2 SATU:1 LAGI:1
https://www.utusan.com.my/nasional/2026/09/lima-lokasi-di-sarawak-rekod-ipu-bahaya/	LIMA:5 LOKASI:7 BAHAYA:3 MASUK:3 LANGGAN:3 TERKINI:4 NASIONAL:4 JENAYAH:4 KOMUNITI:4 MAHKAMAH:5 POLITIK:4 TRAGEDI:4 EKONOMI:4 HARTANAH:4 KEWANGAN:4 PRODUK:5 RINGGIT:4 LUAR:4 NEGARA:4 BARAT:4 TENGGARA:4 GAYA:4 AGAMA:4 FESYEN:4 GAJET:4 HIBURAN:4 KELUARGA:4 WANITA:5 KESIHATAN:6 PENDIDIKAN:4 SUKAN:12 BOLA:4 SEPAK:8 BADMINTON:4 LUMBA:12 BASIKAL:4 KERETA:4 TAKRAW:4 SEMUA:4 RENCANA:4 SURAT:4 PEMBACA:4 PILIHAN:5 UTUSAN:6 PANCAINDERA:4 SERI:4 KEADAAN:3 JEREBU:4 YANG:2 DEWAN:1 NEGERI:1 KELMARIN:1 OLEH:1 DAN:16 JAYA:1 MASIH:2 PENCEMARAN:4 UDARA:4 PADA:4 DENGAN:6 BACAAN:6 SETAKAT:1 PUKUL:1 PETANG:1 SEMALAM:1 LAMAN:1 SESAWANG:1 SISTEM:1 JABATAN:1 ALAM:1 DIIKUTI:1 KUCHING:1 EMPAT:2 LAGI:3 IAITU:4 AMAN:1 SANGAT:1 TIDAK:5 SIHAT:4 ENAM:1 KOTA:2 SATU:2 SEMENANJUNG:1 JOHAN:1 SETIA:1 PAKAR:1 PERUBATAN:2 AWAM:1 FAKULTI:1 UNIVERSITI:1 KEBANGSAAN:1 PUTEH:2 BERKATA:2 KEPADA:6 RISIKO:2 MENYEBABKAN:3 KEHAMILAN:1 TERMASUK:1 BAYI:1 LAHIR:1 BERAT:1 BADAN:1 RENDAH:1 TERHADAP:1 MANUSIA:1 HAIWAN:1 PERKAITAN:1 DARI:1 BIOLOGI:1 ANTARA:4 KEJADIAN:1 ITU:3 BOLEH:3 SALUR:1 DARAH:3 PLASENTA:2 MANAKALA:1 HAMIL:2 LEBIH:2 MUDAH:1 PERLU:1 BAGI:1 DIRI:1 SERTA:3 KANDUNGAN:1 KURANG:1 DARIPADA:1 SAMPAI:1 PARU:4 SEBELUM:1 MEMASUKI:1 MENGGANGGU:1 KEROSAKAN:1 BUKAN:1 SAHAJA:1 IBU:1 MALAH:1 JANGKA:1 PANJANG:1 SEHINGGA:1 PERATUS:4 HALUS:1 TURUT:1 KEBARANGKALIAN:1 SESEORANG:1 MENGALAMI:1 TINGGI:2 HINGGA:3 SELAIN:2 MENAMBAH:1 KEMASUKAN:1 HOSPITAL:1 AKIBAT:1 KEGAGALAN:1 JANTUNG:1 NITROGEN:1 OZON:1 SALURAN:1 SECARA:1 PENURUNAN:1 FUNGSI:1 KRONIK:2 BERGANTUNG:1 TEMPOH:1 SERANGAN:1 PENYAKIT:1 JANGKITAN:1 MAHU:1 TERLEPAS:1 KAMI:2 BERITA:1 GERAN:1 JUTA:1 KECIL:1 KES:1 RASUAH:1 KEMBALI:1 BOTOL:1 BINA:1 SEGERA:1 SEKOLAH:1 TAHUN:1 TERMA:1 POLISI:1 SENARAI:1 KEDAI:1 AKHBAR:1 HAK:1 CIPTA:1 MULIA:2
https://www.utusan.com.my/nasional/2026/09/kes-rasuah-solar-rosmah-kembali-ke-mahkamah-tinggi-2/	KES:7 RASUAH:4 KEMBALI:3 MAHKAMAH:16 TINGGI:7 MASUK:3 LANGGAN:3 TERKINI:4 NASIONAL:4 JENAYAH:5 KOMUNITI:4 POLITIK:4 TRAGEDI:4 EKONOMI:4 HARTANAH:4 KEWANGAN:4 PRODUK:5 RINGGIT:4 LUAR:5 NEGARA:4 BARAT:4 TENGGARA:4 GAYA:4 AGAMA:4 FESYEN:4 GAJET:4 HIBURAN:4 KELUARGA:4 WANITA:4 KESIHATAN:4 PENDIDIKAN:4 SUKAN:12 BOLA:4 SEPAK:8 BADMINTON:4 LUMBA:12 BASIKAL:4 KERETA:4 TAKRAW:4 SEMUA:5 RENCANA:4 SURAT:4 PEMBACA:4 PILIHAN:5 UTUSAN:5 PANCAINDERA:4 SERI:5 OLEH:4 PROJEK:2 SEKOLAH:2 BANDAR:1 AKAN:4 KUALA:1 LUMPUR:1 BAGI:1 KETERANGAN:18 DARIPADA:2 SAKSI:4 ITU:11 KEPUTUSAN:3 SUARA:1 TIGA:1 HAKIM:8 RAYUAN:4 YANG:13 UNTUK:3 MEMASUKKAN:1 BAHARU:7 ADALAH:1 DATUK:5 BERSAMA:1 DAN:10 TURUT:3 DIBUAT:3 DENGAN:2 TERSEBUT:6 TERHADAP:6 PENJARA:1 TAHUN:1 DENDA:1 JUTA:2 ATAS:2 KESALAHAN:2 INI:5 POLIS:1 DUA:2 MINGGU:1 SELEPAS:2 TARIKH:1 PENGURUSAN:1 PADA:2 JUGA:2 PERLU:2 DILAKUKAN:1 SEBELUM:3 KINI:1 MERUPAKAN:1 KETIKA:2 BERKATA:2 TIDAK:2 SAMA:5 ADA:5 BENAR:3 ATAU:5 SEBALIKNYA:4 HANYA:1 RELEVAN:1 MEMPUNYAI:1 KEBOLEHPERCAYAAN:1 SATU:2 BAWAH:2 SUMPAH:2 MELALUI:1 BALAS:2 PERHATIAN:2 BAHAWA:2 KEPADA:4 LIABILITI:1 MEMBERIKAN:1 PALSU:1 ISU:2 KESAN:1 DIBERI:1 BICARA:2 BERGANTUNG:1 DALAM:2 MEMBUAT:3 DITERIMA:1 SECARA:3 LANGSUNG:1 MENYENTUH:2 IAITU:1 AKTIF:1 MEMINTA:1 MENERIMA:1 BALIK:1 FAKTA:4 BOLEH:2 ASAS:1 UTAMA:1 MENJADI:1 SABITAN:1 ARAH:1 PEMERHATIAN:1 TERTAKLUK:1 HASIL:1 SERTA:1 PIHAK:4 HADAPAN:1 KELAK:1 SEORANG:1 AKIBAT:1 INTEGRITI:1 MENYEBABKAN:1 KEGAGALAN:1 KEADILAN:1 SEMENTARA:1 PEGUAM:1 KEDUA:1 KEMUDIAN:1 LAIN:1 TERMASUK:1 MAHU:1 TERLEPAS:1 KAMI:2 BERITA:1 SALUR:1 PEMBIAYAAN:1 PACU:1 NANAS:1 GERAN:1 KECIL:1 LIMA:1 LOKASI:1 BAHAYA:1 BOTOL:1 BINA:1 TERMA:1 POLISI:1 SENARAI:1 KEDAI:1 AKHBAR:1 HAK:1 CIPTA:1 MULIA:2 LAGI:1
https://www.utusan.com.my/nasional/2026/09/4200-botol-terbuang-bina-klcc/	BOTOL:9 BINA:3 MASUK:3 LANGGAN:3 TERKINI:4 NASIONAL:4 JENAYAH:4 KOMUNITI:5 MAHKAMAH:5 POLITIK:4 TRAGEDI:4 EKONOMI:4 HARTANAH:4 KEWANGAN:4 PRODUK:5 RINGGIT:4 LUAR:4 NEGARA:4 BARAT:4 TENGGARA:4 GAYA:4 AGAMA:4 FESYEN:4 GAJET:4 HIBURAN:4 KELUARGA:4 WANITA:5 KESIHATAN:4 PENDIDIKAN:4 SUKAN:12 BOLA:4 SEPAK:8 BADMINTON:4 LUMBA:12 BASIKAL:4 KERETA:4 TAKRAW:4 SEMUA:4 RENCANA:4 SURAT:4 PEMBACA:4 PILIHAN:5 UTUSAN:6 PANCAINDERA:4 SERI:4 PENDUDUK:8 TERUJA:1 HADAPAN:1 DARIPADA:1 AIR:1 KAMPUNG:6 SUNGAI:4 PAPAN:4 MUKIM:3 KUALA:3 OLEH:2 LEBIH:2 YANG:4 DARI:1 PANTAI:3 MENARA:1 LUMPUR:1 METER:1 SINI:1 KETUA:1 BERKATA:4 IDEA:2 ITU:7 DAN:3 SEBELUM:1 HARI:5 KEBANGSAAN:2 INI:2 MASA:2 DENGAN:3 KOS:1 SUMBANGAN:1 PERATUS:1 SEMULA:1 KETIKA:1 SEMALAM:1 NELAYAN:1 KERANA:2 TIDAK:2 MAHU:2 DILAKUKAN:1 SECARA:1 KIRA:2 EMPAT:1 HINGGA:1 ENAM:1 TURUN:1 PADA:3 BIASA:1 MANAKALA:1 BERTAMBAH:1 SETIAP:1 BUNGA:1 RAYA:1 SEBAGAI:1 SIAP:1 DALAM:1 TEMPOH:1 DUA:1 USAHA:2 MENJADI:1 IDENTITI:1 SAMA:1 HUBUNGAN:1 SEMENTARA:1 PENGHULU:1 DICONTOHI:1 LAIN:1 KREATIVITI:1 SEMANGAT:1 TERLEPAS:1 KAMI:2 BERITA:1 GERAN:1 JUTA:1 KECIL:1 LIMA:1 LOKASI:1 BAHAYA:1 KES:1 RASUAH:1 KEMBALI:1 TINGGI:1 SEGERA:1 SEKOLAH:1 TAHUN:1 TERMA:1 POLISI:1 SENARAI:1 KEDAI:1 AKHBAR:1 HAK:1 CIPTA:1 MULIA:2 SATU:1 LAGI:1
https://www.utusan.com.my/minda-pengarang/	MINDA:2 UTUSAN:5 MASUK:3 LANGGAN:3 TERKINI:5 NASIONAL:4 JENAYAH:4 KOMUNITI:4 MAHKAMAH:4 POLITIK:10 TRAGEDI:4 EKONOMI:4 HARTANAH:4 KEWANGAN:4 PRODUK:4 RINGGIT:4 LUAR:4 NEGARA:5 BARAT:4 TENGGARA:4 GAYA:4 AGAMA:4 FESYEN:4 GAJET:4 HIBURAN:4 KELUARGA:4 WANITA:5 KESIHATAN:5 PENDIDIKAN:4 SUKAN:12 BOLA:4 SEPAK:8 BADMINTON:4 LUMBA:12 BASIKAL:4 KERETA:4 TAKRAW:4 SEMUA:4 RENCANA:4 SURAT:4 PEMBACA:4 PILIHAN:4 PANCAINDERA:4 SERI:6 MENTAL:2 PEKERJA:1 MANA:1 AMBIL:1 PEDULI:1 HAJI:1 ASLI:1 AKHBAR:2 INI:5 BAHAWA:1 SERAMAI:1 AWAM:1 PASTI:1 BERADA:1 DALAM:4 KATEGORI:1 TINGGI:1 TERMASUK:1 MEMPUNYAI:1 MEMBUNUH:1 DIRI:1 MENJADI:3 BACA:10 KENA:1 UBAH:1 ITU:1 SAHAJA:1 DUA:3 ISU:4 YANG:5 PERHATIAN:3 ORANG:2 RAMAI:2 IAITU:1 BUDI:1 MADANI:1 DAN:9 ELEKTRIK:1 SUDAH:3 OLEH:2 KERAJAAN:4 SELEPAS:1 MENDAPAT:1 DARIPADA:3 KOS:1 TERUS:1 MEMANG:1 AGAK:1 BAGI:1 KETIKA:2 APABILA:4 KADAR:1 POTONGAN:2 PADI:1 ATAU:2 BASAH:1 PIHAK:2 KILANG:1 BERTAMBAH:1 KIRA:2 ENAM:1 PERATUS:1 LAGI:2 ANTARA:1 KUASA:1 RAKYAT:4 BAKAR:2 KEPUTUSAN:1 MEMBERIKAN:1 KEPADA:3 DATUK:2 UNTUK:3 MENJALANI:2 BAWAH:1 RUMAH:3 SATU:1 BAB:1 MENGENAI:1 APA:1 MAKNA:1 SEMALAM:1 BEKAS:1 PERDANA:1 MENTERI:1 SECARA:2 SEHINGGA:1 TERTAKLUK:1 DENDA:1 BIN:1 ABU:1 SEORANG:1 WARTAWAN:1 PERNAH:1 SOAL:1 GENERASI:1 MUDA:1 SEMAKIN:1 KURANG:1 DEKAT:1 DUNIA:1 PERLU:2 TAHUN:1 HARI:2 KEBANGSAAN:1 LEBIH:1 SEKADAR:1 ACARA:1 TAHUNAN:1 JALUR:1 GEMILANG:1 JANGAN:2 SAMPAI:1 HILANG:1 SABAR:1 DENGAN:2 MAT:1 ADA:1 UTAMA:1 DIBERIKAN:1 SELURUH:1 PERTAMA:1 MASALAH:1 ANJING:1 LIAR:1 KEDUA:1 KEGIATAN:1 WARGA:1 ASING:1 AGUNG:1 PUN:1 NAMUN:1 MASIH:2 TERASA:1 PARA:2 PENGANALISIS:1 BERCAKAP:1 BEGITU:1 JUGA:1 PARTI:1 MENGUASAI:1 TIDAK:1 SETUJU:1 PEMIMPIN:1 AGENSI:1 SEBAHAGIAN:1 PENGARAH:1 SYARIKAT:1 MILIK:1 KERANA:1 PELBAGAI:1 FAHAM:1 PUNCA:1 SELATAN:1 TAWAR:1 KERJASAMA:1 PEMANDU:1 LORI:1 BUANG:1 SISA:1 KIMIA:1 BERI:1 AMARAN:1 SENTUH:1 HAK:2 ASASI:1 POLIS:1 KESAN:1 MOTOSIKAL:1 LANGGAR:1 MURID:1 PEREMPUAN:1 SOSIAL:1 TERMA:1 POLISI:1 SENARAI:1 KEDAI:1 KAMI:1 CIPTA:1 MULIA:1
https://www.utusan.com.my/commentary/mahu-pekerja-asing-tapi-tidak-sudi-terima/	MAHU:8 PEKERJA:17 ASING:16 TAPI:2 TIDAK:9 TERIMA:2 MASUK:4 LANGGAN:4 TERKINI:4 NASIONAL:4 JENAYAH:4 KOMUNITI:4 MAHKAMAH:4 POLITIK:4 TRAGEDI:4 EKONOMI:5 HARTANAH:4 KEWANGAN:4 PRODUK:5 RINGGIT:4 LUAR:5 NEGARA:7 BARAT:4 TENGGARA:4 GAYA:4 AGAMA:4 FESYEN:4 GAJET:4 HIBURAN:4 KELUARGA:5 WANITA:4 KESIHATAN:4 PENDIDIKAN:4 SUKAN:12 BOLA:4 SEPAK:8 BADMINTON:4 LUMBA:12 BASIKAL:4 KERETA:4 TAKRAW:4 SEMUA:5 RENCANA:4 SURAT:4 PEMBACA:4 PILIHAN:5 UTUSAN:5 PANCAINDERA:4 SERI:4 OLEH:2 BIN:1 ABU:2 BAKAR:2 SEJAK:1 INI:7 RAKYAT:12 YANG:14 MENGANGGAP:1 KEHADIRAN:3 SEMAKIN:2 MENGGANGGU:1 MEREKA:7 UNTUK:3 PEKERJAAN:14 MALAH:2 TULAR:1 SOSIAL:1 KONONNYA:1 BUKAN:6 SAHAJA:1 MENJADI:2 SESETENGAH:1 KERANA:4 SANGGUP:2 MENERIMA:1 UPAH:3 LEBIH:4 RENDAH:1 DAN:8 BEKERJA:2 DALAM:4 TEMPOH:1 PANJANG:1 ISU:5 TIMBUL:2 APABILA:3 LEMBAH:1 WARGA:1 PADA:4 CUTI:1 UMUM:1 HARI:2 RASUL:1 KEBANGSAAN:1 KELUAR:1 ADA:3 PEMANDU:1 PELANCONG:1 TETAPI:3 TELAH:1 PIHAK:1 ITU:3 SESUATU:1 BAHARU:1 SETIAP:2 KALI:1 SAMA:3 SEBENARNYA:1 MEMBANTU:1 ATAU:3 SEBALIKNYA:1 MENUTUP:1 RUANG:1 KEPADA:5 NAMUN:1 RASA:1 PUAS:1 HATI:1 SATU:4 TANGGAPAN:1 SUKAR:3 BANYAK:3 SEKTOR:4 DEKAT:1 DENGAN:3 KEHIDUPAN:1 HARIAN:1 MASIH:1 BERGANTUNG:2 TENAGA:2 KERJA:4 DARIPADA:1 PEMBINAAN:1 PERKHIDMATAN:1 MENGISI:2 JIKA:2 SIAPA:1 PULA:2 AKAN:2 MELAKUKAN:2 SELAMA:1 SEMATA:1 MATA:1 MENGENAI:2 TURUT:1 RAPAT:1 JENIS:1 KADAR:1 WAKTU:1 LOKASI:1 TERSEBUT:1 MUNGKIN:1 MENDAPAT:2 TIADA:1 GAJI:2 BEBAN:1 TUGAS:1 KEADAAN:2 OPERASI:1 BERJALAN:1 MASA:2 KESUKARAN:1 PERNAH:1 SEORANG:1 PEMILIK:2 RESTORAN:1 TERKENAL:1 IPOH:1 WALAUPUN:1 DIBERIKAN:1 TINGGI:1 SITUASI:1 ORANG:1 SELAGI:1 KURANG:1 TERHADAP:3 TERUS:1 KEBIMBANGAN:1 KESAN:1 JUGA:1 BOLEH:2 TERMASUK:1 KEMUDAHAN:1 AWAM:1 IMIGRESEN:1 SERTA:1 HAK:2 PENYELESAIAN:1 HANYA:1 TERTUMPU:1 MENAMBAH:1 JUMLAH:1 BESAR:1 IALAH:1 BAGAIMANA:1 PASARAN:1 MAMPU:1 MENARIK:1 RAMAI:2 ALIH:1 KINI:1 DILAKUKAN:1 FAKTOR:1 PRODUKTIVITI:1 AUTOMASI:1 TEMPAT:1 PERLU:2 DIBERI:1 PERHATIAN:1 BERANI:1 MENJAWAB:1 JELAS:1 IAITU:1 ADAKAH:1 KITA:2 BENAR:2 CUMA:1 HASIL:1 TANPA:1 MELIHAT:1 BERADA:1 ADALAH:1 BERITA:1 MULIA:4 AKHBAR:2 KEDAI:3 ANDA:1 PAGI:1 JEREBU:1 FASA:1 DARURAT:2 NAK:1 SECANGKIR:1 MAKIN:1 GURU:1 KENA:1 DUA:1 BERADIK:1 ANGGOTA:1 KONGSI:1 GELAP:1 ANTARA:1 LAPAN:1 BUNUH:1 LELAKI:1 LEMAS:2 TANJUNG:1 LOMPAT:1 LAGI:3 MAYAT:1 HIJAU:1 MACAM:1 DAH:1 VIDEO:1 TERMA:1 POLISI:1 SENARAI:1 KAMI:1 CIPTA:1
https://www.utusan.com.my/commentary/apabila-baja-yang-ditunggu-pesawah-dijadikan-bom/	APABILA:3 BAJA:13 YANG:19 BOM:3 UTUSAN:8 MASUK:4 LANGGAN:4 TERKINI:4 NASIONAL:4 JENAYAH:4 KOMUNITI:4 MAHKAMAH:4 POLITIK:4 TRAGEDI:4 EKONOMI:4 HARTANAH:4 KEWANGAN:4 PRODUK:5 RINGGIT:4 LUAR:4 NEGARA:13 BARAT:4 TENGGARA:4 GAYA:4 AGAMA:4 FESYEN:4 GAJET:4 HIBURAN:4 KELUARGA:4 WANITA:4 KESIHATAN:4 PENDIDIKAN:4 SUKAN:12 BOLA:4 SEPAK:8 BADMINTON:4 LUMBA:12 BASIKAL:4 KERETA:4 TAKRAW:4 SEMUA:5 RENCANA:4 SURAT:4 PEMBACA:4 PILIHAN:4 PANCAINDERA:4 SERI:4 OLEH:1 TUNGGU:1 UNTUK:6 PADI:2 TETAPI:5 ADA:3 PULA:2 PIHAK:1 POKET:2 SENDIRI:2 DENGAN:1 JIRAN:1 LEBIH:7 ITU:5 DIKATAKAN:4 MEMPUNYAI:1 LETUPAN:1 KALAU:4 BENAR:2 INI:5 BUKAN:5 LAGI:6 SOAL:3 HILANG:1 TENGAH:2 JALAN:1 MAKANAN:4 DAN:12 KESELAMATAN:2 SEMALAM:1 MENGENAI:1 KEGIATAN:3 KELUAR:5 SELATAN:1 DIBERI:1 PERHATIAN:1 SERIUS:1 KERANA:1 NYAWA:1 HARTA:1 BENDA:1 JANGAN:3 SAMPAI:4 ISU:1 HANGAT:1 DUA:2 KEMUDIAN:1 SENYAP:1 TANPA:1 JAWAPAN:1 SIAPA:2 BUAT:1 BAGAIMANA:1 BEKALAN:3 KEPADA:5 BOLEH:3 SEJAK:1 BILA:2 BERLAKU:2 BERAPA:1 BANYAK:1 SUDAH:2 PERLU:3 DIJAWAB:1 MENURUT:1 SUMBER:1 INDIVIDU:1 TERSEBUT:1 SECARA:2 SEBELUM:1 SEMULA:1 PADA:2 HARGA:1 JAUH:1 TINGGI:1 SATU:5 SEHINGGA:1 UNTUNG:2 BERPULUH:1 PULUH:1 SEDIKIT:1 WANG:1 MUNGKIN:2 ORANG:1 KESAN:1 MELALUI:1 LORI:1 ATAU:1 LALUAN:1 SUNGAI:1 KAWASAN:4 SEMPADAN:1 JIKA:3 MAHU:2 SEBAGAI:1 BIASA:1 TERLEPAS:1 GUNI:1 CUBA:1 JARI:1 KERAJAAN:5 BERADA:1 TAMPUK:1 HARI:1 MENYELESAIKAN:1 APA:1 JUGA:1 KELEMAHAN:1 RAKYAT:1 TIDAK:2 ALASAN:1 MELIHAT:1 MASALAH:2 APATAH:1 KADAR:1 DIRI:1 BERAS:2 SEBANYAK:1 PERATUS:1 SASARAN:1 MEMANG:1 SEKADAR:2 PANDAI:1 ANGKA:1 ASAS:1 BENDANG:2 MASIH:1 SELESAI:1 SAWAH:2 SEMAKIN:3 TERHAD:1 TENAGA:1 KERJA:1 KOS:1 RACUN:1 ANAK:1 MUDA:1 KURANG:1 MENERUSKAN:1 PEKERJAAN:1 DALAM:1 KEADAAN:1 SETIAP:1 ADALAH:1 KERUGIAN:1 USAHA:1 PENGELUARAN:1 KAWALAN:1 DARIPADA:1 HINGGA:1 SINDIKET:2 DAKWA:1 MASA:1 SAMA:1 TANAMAN:1 MESTI:1 BAHARU:1 TERMASUK:1 KOMODITI:1 MENJADI:1 BERITA:1 MULIA:4 MAKIN:1 RAMAI:1 GURU:1 KENA:1 BERADIK:1 ANGGOTA:1 KONGSI:1 GELAP:1 ANTARA:1 LAPAN:1 BUNUH:1 LELAKI:1 LEMAS:2 TANJUNG:1 LOMPAT:1 MAYAT:1 HIJAU:1 MACAM:1 DAH:1 DARURAT:1 GAGAL:1 KES:1 SAYA:1 CUMA:1 RUJUK:1 DATUK:1 UDARA:1 BAHAYA:1 VIDEO:1 TERMA:1 POLISI:1 SENARAI:1 KEDAI:1 AKHBAR:1 KAMI:1 HAK:1 CIPTA:1
https://www.utusan.com.my/commentary/ssr-beras-80-peratus-realiti-atau-sekadar-slogan/	BERAS:15 PERATUS:7 REALITI:2 ATAU:5 SEKADAR:2 SLOGAN:2 MASUK:3 LANGGAN:4 TERKINI:4 NASIONAL:4 JENAYAH:4 KOMUNITI:4 MAHKAMAH:4 POLITIK:4 TRAGEDI:4 EKONOMI:5 HARTANAH:4 KEWANGAN:4 PRODUK:5 RINGGIT:4 LUAR:4 NEGARA:17 BARAT:4 TENGGARA:4 GAYA:4 AGAMA:4 FESYEN:4 GAJET:4 HIBURAN:4 KELUARGA:4 WANITA:4 KESIHATAN:4 PENDIDIKAN:4 SUKAN:12 BOLA:4 SEPAK:8 BADMINTON:4 LUMBA:12 BASIKAL:4 KERETA:4 TAKRAW:4 SEMUA:4 RENCANA:4 SURAT:4 PEMBACA:4 PILIHAN:4 UTUSAN:6 PANCAINDERA:4 SERI:5 OLEH:5 HAJI:1 ASLI:2 PENGERUSI:1 SUARA:1 TANI:1 SUPAYA:1 PERTANIAN:4 DAN:11 MAKANAN:5 MENYELESAIKAN:2 DAHULU:1 MASALAH:5 ASAS:1 BAGI:1 PENGELUARAN:5 PADI:6 PERLU:2 TINDAKAN:3 SERIUS:3 KENYATAAN:3 ITU:6 PEMAIN:1 TERHADAP:1 PIHAK:3 YANG:8 MASIH:4 GAGAL:2 PELBAGAI:3 ISU:1 SEBELUM:3 INI:6 MENTERI:2 DATUK:2 BAHAWA:1 JAUH:1 UNTUK:3 MENCAPAI:2 DALAM:4 DENGAN:2 KADAR:3 DIRI:1 SEBANYAK:2 MENURUT:1 KETIKA:2 BAWAH:1 KATA:1 BELIAU:1 SECARA:1 LEBIH:4 AGRESIF:1 JADI:1 APA:2 PERKARA:1 MENGIMPORT:1 SEHINGGA:1 KIRA:2 JUTA:1 PADA:4 IMPORT:1 BILION:1 JUMLAH:1 AKAN:1 TERUS:4 SETIAP:2 TAHUN:3 PENURUNAN:2 KEPERLUAN:1 NAMUN:3 JIKA:2 TERSEBUT:1 SEPERTINYA:2 BAHARU:1 DARIPADA:2 LAMUNAN:1 SEDANGKAN:1 TELAH:1 BANYAK:2 KALI:2 PERSATUAN:1 MALAH:1 AKHBAR:3 JUGA:1 TIDAK:3 PUTUS:2 TERMASUK:2 MUKA:1 HADAPAN:2 SEMAKIN:2 SEKALI:1 LAGI:6 KEPADA:2 KELMARIN:1 ANTARA:2 KERAP:2 ADALAH:3 BENIH:1 KURANG:1 BAJA:1 LEWAT:1 SAMPAI:2 CUKUP:1 JENTERA:1 BELUM:2 LIMA:2 TEMPOH:2 DUA:2 KERAJAAN:1 RUNGUTAN:1 AGENSI:1 ADA:1 MANA:2 MUNGKIN:1 SUSUT:1 PERNAH:1 MENGALAMI:1 TEKNOLOGI:3 DIKATAKAN:1 TINGGI:1 KEMAJUAN:2 BIDANG:1 INISIATIF:1 DILANCARKAN:1 SERTA:1 SUDAH:1 LAMA:1 SASARAN:1 BERLAKU:1 SEBALIKNYA:1 EMPAT:1 SEGERA:1 KRISIS:1 MASA:1 BERITA:1 MULIA:4 MAKIN:1 RAMAI:1 GURU:1 KENA:1 BERADIK:1 ANGGOTA:1 KONGSI:1 GELAP:1 LAPAN:1 BUNUH:1 LELAKI:1 LEMAS:2 TANJUNG:1 LOMPAT:1 SATU:2 MAYAT:1 HIJAU:1 MACAM:1 DAH:1 BUKAN:1 DARURAT:1 KES:1 SAYA:1 CUMA:1 MAHU:1 RUJUK:1 UDARA:1 BAHAYA:1 VIDEO:1 TERMA:1 POLISI:1 SENARAI:1 KEDAI:1 KAMI:1 HAK:1 CIPTA:1
https://www.utusan.com.my/commentary/segera-selenggara-baiki-sekolah/	SEGERA:4 SEKOLAH:16 UTUSAN:7 MASUK:3 LANGGAN:4 TERKINI:4 NASIONAL:4 JENAYAH:4 KOMUNITI:4 MAHKAMAH:4 POLITIK:4 TRAGEDI:4 EKONOMI:4 HARTANAH:4 KEWANGAN:4 PRODUK:4 RINGGIT:4 LUAR:4 NEGARA:5 BARAT:4 TENGGARA:4 GAYA:4 AGAMA:5 FESYEN:4 GAJET:4 HIBURAN:4 KELUARGA:4 WANITA:4 KESIHATAN:4 PENDIDIKAN:5 SUKAN:13 BOLA:4 SEPAK:8 BADMINTON:4 LUMBA:12 BASIKAL:4 KERETA:4 TAKRAW:4 SEMUA:7 RENCANA:4 SURAT:4 PEMBACA:4 PILIHAN:4 PANCAINDERA:4 SERI:5 OLEH:1 PERDANA:1 MENTERI:1 TENTANG:1 PERUNTUKAN:4 BAGI:7 JENIS:2 PADA:1 SEBANYAK:1 PERATUS:1 DARIPADA:2 BILION:2 KEPADA:1 SANGAT:1 KATA:1 DATUK:1 ITU:3 ALIRAN:1 TERMASUK:3 KEBANGSAAN:2 DAN:17 TAHFIZ:1 PONDOK:1 SERTA:3 KHAS:1 YANG:8 SISTEM:2 HASRAT:2 KERAJAAN:3 PERLU:4 TELUS:1 DAPAT:2 DILAKUKAN:1 JANGAN:2 PULA:1 ADA:5 BIROKRASI:1 SEHINGGA:1 BOLEH:2 DALAM:3 KEMUDAHAN:3 PRASARANA:1 TERBAIK:1 UNTUK:3 RAKYAT:2 SETAKAT:1 LALU:1 LEBIH:4 SELURUH:1 PASTI:1 MEMPUNYAI:2 BANGUNAN:5 TIDAK:4 SELAMAT:2 DARI:1 STRUKTUR:1 SEBAGAI:1 MASA:2 SAMA:1 DIKATEGORIKAN:1 BAWAH:1 TUJUH:2 IAITU:2 SEBELUM:2 INI:4 NAN:1 SUDAH:3 LAMA:3 BEROPERASI:1 SEMULA:2 KIRA:2 ASPEK:1 SAIZ:1 FIZIKAL:1 PELAJAR:2 KETIKA:1 JUGA:3 PERGERAKAN:1 HARIAN:1 TINGKAH:1 LAKU:1 PENILAIAN:1 BUAT:1 TERHADAP:1 JARAK:1 KEKUATAN:1 KONKRIT:1 TANGAN:1 KEUPAYAAN:1 MENAHAN:1 BEBAN:1 APABILA:1 ATAU:1 KAWASAN:1 TANGGA:1 MENJADI:2 KEADAAN:1 DUA:1 TAHUN:3 SATU:1 MASING:2 KANAK:3 ENAM:1 NAK:1 UMUR:1 SEBAHAGIAN:1 TUJUAN:1 SUPAYA:2 KEROSAKAN:3 KECIL:1 SERIUS:1 KOS:1 TINGGI:1 HANYA:2 BERLAKU:1 TINDAKAN:1 BILA:2 MENANTI:1 SANA:1 SINI:1 HAUS:1 ISU:1 BUKAN:1 SEKADAR:1 SOAL:1 SECARA:1 LANGSUNG:1 DENGAN:5 KESELAMATAN:1 WARGA:1 KUALITI:1 PERSEKITARAN:1 GURU:1 MASIH:1 SALAH:1 BUMBUNG:1 TANDAS:1 ELEKTRIK:1 BILIK:1 DARJAH:1 ASAS:1 MEMANG:1 NAMUN:1 SEDIA:1 JIKA:1 IKHLAS:1 KITA:1 AMAT:1 BERHARAP:1 KERJA:1 CEPAT:1 BERKUALITI:1 IALAH:1 BERITA:1 KANAN:1 MULIA:3 AKHBAR:2 KEDAI:3 ANDA:1 SETIAP:1 PAGI:1 SEJAK:1 MEREKA:1 MANDAT:1 KEDUDUKAN:1 RAJA:3 MUFTI:1 PEKERJA:1 TERKEJUT:1 JUMPA:1 BOM:1 PEGUAM:1 ADAT:1 MOHON:1 MAJLIS:1 TELITI:1 KRISIS:2 NEGERI:2 SEMBILAN:1 PUSAT:1 TAK:1 CAMPUR:1 AWAM:1 TERIMA:1 JUTA:1 LAPOR:1 TOLAK:1 RASUAH:1 JEREBU:1 MANA:1 BAGAIMANA:1 CARA:1 LAGI:1 VIDEO:1 TERMA:1 POLISI:1 SENARAI:1 KAMI:1 HAK:1 CIPTA:1
https://www.utusan.com.my/commentary/bila-kita-hendak-merdeka-dari-rasuah/	BILA:2 KITA:5 HENDAK:2 DARI:2 RASUAH:8 MASUK:3 LANGGAN:4 TERKINI:4 NASIONAL:4 JENAYAH:4 KOMUNITI:4 MAHKAMAH:4 POLITIK:4 TRAGEDI:4 EKONOMI:6 HARTANAH:4 KEWANGAN:4 PRODUK:5 RINGGIT:4 LUAR:4 NEGARA:13 BARAT:4 TENGGARA:4 GAYA:4 AGAMA:5 FESYEN:4 GAJET:4 HIBURAN:4 KELUARGA:4 WANITA:4 KESIHATAN:4 PENDIDIKAN:4 SUKAN:12 BOLA:4 SEPAK:8 BADMINTON:4 LUMBA:12 BASIKAL:4 KERETA:4 TAKRAW:4 SEMUA:5 RENCANA:4 SURAT:4 PEMBACA:4 PILIHAN:4 UTUSAN:6 PANCAINDERA:4 SERI:4 OLEH:3 HARI:1 KEBANGSAAN:1 YANG:8 SEMALAM:1 BANYAK:2 BOLEH:1 SELURUH:1 RAKYAT:4 MENGHARGAI:4 PENGORBANAN:2 PEJUANG:1 SEMANGAT:2 PERPADUAN:2 KEAMANAN:2 DAN:19 MENAMBAHKAN:1 KERJASAMA:1 KEBEBASAN:2 LAGI:4 BUKAN:4 SEKADAR:1 DARIPADA:2 PENJAJAHAN:1 TETAPI:2 JUGA:4 TANGGUNGJAWAB:1 UNTUK:4 TERBIT:1 HASIL:2 DALAM:1 PELBAGAI:2 KAUM:1 BANGSA:1 SEBAGAI:1 HARUS:2 NIKMAT:1 WIRA:1 NGAN:1 KEPADA:2 PEMBANGUNAN:2 KEMAJUAN:1 SERTA:3 TERUS:3 MASYARAKAT:3 DEMI:2 GENERASI:1 AKAN:7 DATANG:1 TIADA:1 TIDAK:2 TAMAK:1 SUKA:1 MEMBERI:1 MENERIMA:1 WAJIB:1 KERANA:2 ITU:2 JATI:1 DIRI:2 IMEJ:1 SYARIKAT:1 JABATAN:2 SELAIN:1 INI:7 BUDAYA:1 JUJUR:2 SEKALI:2 GUS:2 SISTEM:2 PENTADBIRAN:1 KERAJAAN:2 ATAU:1 MANA:2 SETIAP:1 KEPUTUSAN:1 DIBUAT:1 PERIBADI:1 RAK:1 JIKA:1 TANPA:1 ADA:2 TINDAKAN:1 NYA:1 HILANG:1 TERHADAP:1 AGENSI:1 AWAM:1 KEADILAN:2 MALAH:2 KADAR:1 TINGGI:1 KEADAAN:1 PELABUR:1 ASING:1 MELABUR:1 SEJAK:1 ENAM:1 TAHUN:5 LALU:1 SEBANYAK:1 KES:5 SALAH:1 GUNA:1 KUASA:1 DILAKUKAN:1 SURUHANJAYA:1 DENGAN:3 PENYELESAIAN:1 PULA:2 BILION:1 SEHINGGA:1 KINI:1 PERASUAH:2 SAHAJA:1 JERUNG:1 JUMLAH:2 IAITU:1 PADA:2 SETAKAT:1 BAGI:2 DIIKUTI:1 STATISTIK:1 JELAS:1 SOSIAL:1 INTEGRITI:1 SEWAJIBNYA:1 HABIS:1 JANGAN:1 RUANG:1 PUN:1 BUMI:1 BULAN:1 KALI:1 BERSAMA:1 SAMA:1 MAJU:1 SEJAHTERA:1 IALAH:1 BERITA:1 MULIA:4 MAKIN:1 RAMAI:1 GURU:1 KENA:1 DUA:1 BERADIK:1 ANGGOTA:1 KONGSI:1 GELAP:1 ANTARA:1 LAPAN:1 BUNUH:1 LELAKI:1 LEMAS:2 TANJUNG:1 LOMPAT:1 SATU:2 MAYAT:1 HIJAU:1 MACAM:1 DAH:1 DARURAT:1 GAGAL:1 SAYA:1 CUMA:1 MAHU:1 RUJUK:1 DATUK:1 LEBIH:1 UDARA:1 BAHAYA:1 VIDEO:1 TERMA:1 POLISI:1 SENARAI:1 KEDAI:1 AKHBAR:1 KAMI:1 HAK:1 CIPTA:1
https://www.utusan.com.my/nasional/2026/09/ketahanan-bateri-taruhan-pengeluar-telefon-pintar-masa-kini/	KETAHANAN:7 BATERI:12 TELEFON:8 PINTAR:5 MASA:3 KINI:4 MASUK:3 LANGGAN:3 TERKINI:4 NASIONAL:4 JENAYAH:4 KOMUNITI:4 MAHKAMAH:4 POLITIK:4 TRAGEDI:4 EKONOMI:4 HARTANAH:4 KEWANGAN:4 PRODUK:6 RINGGIT:4 LUAR:4 NEGARA:4 BARAT:4 TENGGARA:4 GAYA:4 AGAMA:4 FESYEN:4 GAJET:4 HIBURAN:4 KELUARGA:4 WANITA:4 KESIHATAN:5 PENDIDIKAN:4 SUKAN:12 BOLA:4 SEPAK:8 BADMINTON:4 LUMBA:12 BASIKAL:4 KERETA:4 TAKRAW:4 SEMUA:4 RENCANA:4 SURAT:4 PEMBACA:4 PILIHAN:4 UTUSAN:6 PANCAINDERA:4 SERI:4 PELAKON:1 PADA:3 MAJLIS:1 BUKIT:1 BINTANG:1 KUALA:2 LUMPUR:2 BARU:2 INI:5 OLEH:1 DALAM:5 SYARIKAT:1 BUKAN:1 HANYA:1 TERTUMPU:1 PENGELUARAN:1 MODEL:1 YANG:11 DAN:6 SEBALIKNYA:1 JUGA:1 KEPADA:1 MEMPUNYAI:2 JANGKA:3 LEBIH:3 LAMA:3 DENGAN:7 DIKATAKAN:1 ANTARA:1 FAKTOR:1 UTAMA:2 TARIKAN:1 PENGGUNA:2 KETIKA:3 PERKARA:1 TERSEBUT:1 MAMPU:1 BESAR:1 KUASA:2 SEHINGGA:2 BERKATA:1 KEUPAYAAN:1 ITU:4 TURUT:2 APABILA:1 PERANTI:4 MENDAPAT:1 BAGI:3 LANGSUNG:1 UJIAN:1 ELEKTRONIK:1 PALING:1 TEMPOH:1 SELAMA:1 JAM:2 MINIT:1 TEKNOLOGI:4 ANOD:1 SILIKON:1 GENERASI:1 KEEMPAT:1 DARIPADA:1 MENAWARKAN:1 PENGGUNAAN:2 SAMBIL:1 REKA:1 BENTUK:1 NIPIS:1 UNTUK:3 PRESTASI:3 MELAKUKAN:1 AKTIVITI:1 SISTEM:2 MEMBANTU:2 KEKAL:2 SEJUK:1 WALAUPUN:2 BAWAH:1 PANAS:1 MATAHARI:1 KENYATAAN:1 SEBAGAI:2 AKAN:1 MULA:1 MELALUI:1 PERISIAN:1 MEMBERIKAN:1 PENGALAMAN:1 LANCAR:1 SERTA:2 SELAIN:1 FUNGSI:1 BANK:1 MUDAH:1 ALIH:1 MENGECAS:1 LAIN:1 SEPERTI:1 FON:1 TELINGA:1 TANPA:1 WAYAR:1 PERJALANAN:1 PANJANG:1 PULA:1 MENJADI:1 PEMBANGUNAN:1 ALGORITMA:1 SENDIRI:1 ENAM:2 LAPISAN:1 SECARA:1 KEADAAN:1 SEPANJANG:1 HARI:1 KAPASITI:1 PERATUS:1 SELEPAS:1 TAHUN:1 TIDAK:1 MAHU:1 TERLEPAS:1 KAMI:2 BERITA:1 NEGERI:2 SEMBILAN:2 SAMA:1 KUAT:1 KONGSI:1 MATA:1 GUNA:1 BURU:1 DALANG:1 MAKLUMAT:1 BEKALAN:1 SENJATA:1 TERMA:1 POLISI:1 SENARAI:1 KEDAI:1 AKHBAR:1 HAK:1 CIPTA:1 MULIA:2 SATU:1 LAGI:1
https://www.utusan.com.my/nasional/2026/09/negeri-sembilan-star-city-sama-kuat-kongsi-mata-di-paroi/	NEGERI:5 SEMBILAN:5 SAMA:3 KUAT:3 KONGSI:3 MATA:3 MASUK:4 LANGGAN:3 TERKINI:4 NASIONAL:4 JENAYAH:4 KOMUNITI:4 MAHKAMAH:4 POLITIK:4 TRAGEDI:4 EKONOMI:4 HARTANAH:4 KEWANGAN:4 PRODUK:5 RINGGIT:4 LUAR:4 NEGARA:4 BARAT:4 TENGGARA:4 GAYA:4 AGAMA:4 FESYEN:4 GAJET:4 HIBURAN:4 KELUARGA:4 WANITA:4 KESIHATAN:4 PENDIDIKAN:4 SUKAN:12 BOLA:7 SEPAK:8 BADMINTON:4 LUMBA:12 BASIKAL:4 KERETA:4 TAKRAW:4 SEMUA:4 RENCANA:4 SURAT:4 PEMBACA:4 PILIHAN:4 UTUSAN:6 PANCAINDERA:4 SERI:5 AKSI:1 PASUKAN:5 KETIKA:2 BERAKSI:1 DALAM:3 PERLAWANAN:4 LIGA:2 STADIUM:2 TUANKU:2 HARI:1 INI:1 OLEH:3 HASRAT:1 UNTUK:1 PERTAMA:1 TIDAK:2 SELEPAS:3 HANYA:1 SINI:1 PETANG:1 TADI:1 KEPUTUSAN:1 ITU:4 TERNYATA:1 TUAN:2 RUMAH:2 YANG:4 HAMPIR:1 MASA:2 MINIT:4 TELAH:1 PUN:1 TAMAT:1 PENDAHULUAN:1 PADA:3 MELALUI:1 MENERIMA:1 DARI:2 TENGAH:1 PADANG:1 SEBELUM:2 MENUJU:1 PEMAIN:4 BERASAL:1 MUDAH:1 PENJAGA:2 DAN:2 CUBA:1 DARIPADA:3 KETINGGALAN:1 NAMUN:1 JENTERA:1 SERANGAN:1 SERING:1 BARISAN:2 PERTAHANAN:3 SEPARUH:1 KEDUA:1 TERUS:1 LAWAN:1 IMPORT:1 DIRI:1 KAWALAN:1 KEDUDUKAN:1 APABILA:2 MEMPEROLEH:1 KOTAK:1 SEMULA:1 SEMANGAT:1 DENGAN:1 JARINGAN:1 AKHIR:1 MELAKUKAN:1 DERAS:1 KANAN:1 MAHU:1 TERLEPAS:1 KAMI:2 BERITA:1 GUNA:1 BURU:1 DALANG:1 MAKLUMAT:1 BEKALAN:1 SENJATA:1 WABAK:1 CAMPAK:1 TERBURUK:1 NYAWA:1 KANAK:2 TERMA:1 POLISI:1 SENARAI:1 KEDAI:1 AKHBAR:1 HAK:1 CIPTA:1 MULIA:2 SATU:1 LAGI:1
https://www.utusan.com.my/nasional/2026/09/politik-boleh-tunggu-sekarang-masa-bekerja-untuk-rakyat-tze-tzin/	POLITIK:10 BOLEH:3 TUNGGU:2 SEKARANG:3 MASA:8 BEKERJA:6 UNTUK:13 RAKYAT:16 UTUSAN:6 MASUK:3 LANGGAN:3 TERKINI:4 NASIONAL:4 JENAYAH:4 KOMUNITI:4 MAHKAMAH:4 TRAGEDI:4 EKONOMI:4 HARTANAH:4 KEWANGAN:4 PRODUK:5 RINGGIT:4 LUAR:4 NEGARA:4 BARAT:4 TENGGARA:4 GAYA:4 AGAMA:4 FESYEN:4 GAJET:4 HIBURAN:4 KELUARGA:4 WANITA:4 KESIHATAN:4 PENDIDIKAN:4 SUKAN:12 BOLA:4 SEPAK:8 BADMINTON:4 LUMBA:12 BASIKAL:4 KERETA:4 TAKRAW:4 SEMUA:4 RENCANA:4 SURAT:4 PEMBACA:4 PILIHAN:9 PANCAINDERA:4 SERI:5 OLEH:2 MAT:1 KERAJAAN:5 TIDAK:2 PERLU:5 RAYA:5 SEBALIKNYA:1 YANG:7 MASIH:4 SEBELUM:2 PENTADBIRAN:1 TAMAT:1 TERUS:2 MENYELESAIKAN:1 SEGALA:1 MASALAH:1 PENGARAH:1 STRATEGI:1 PARTI:1 KEADILAN:1 BERKATA:3 KETIKA:2 INI:2 ADA:3 KIRA:2 SATU:2 SETENGAH:1 TAHUN:4 MANDAT:5 LIMA:3 SEKALI:2 GUS:2 TIADA:1 KEPERLUAN:2 LEBIH:2 AWAL:2 MENGAPA:1 KITA:4 CUKUP:1 AKAN:1 TIBA:1 DAN:7 MELETAKKAN:1 TEMPAT:1 PERTAMA:1 SELEPAS:1 PROGRAM:1 MADANI:1 SEKOLAH:1 KEBANGSAAN:1 SUNGAI:1 SINI:1 HARI:1 BELIAU:3 JUGA:2 KETUA:1 CABANG:1 BAYAN:1 BARU:1 DEMIKIAN:1 PRESIDEN:1 DATUK:1 MAHU:4 SUPAYA:2 UMUM:1 BAGI:1 MENGEMBALIKAN:1 KEPADA:8 MENURUT:1 KINI:1 PELBAGAI:1 TERMASUK:1 KESAN:1 DARIPADA:1 PERANG:2 KONFLIK:1 SYARIKAT:1 SERTA:2 ANTARA:1 BELUM:1 SELESAI:1 MEREKA:2 MEMBERI:1 USAHA:1 HARGA:1 MINYAK:1 KOS:1 HIDUP:1 PADA:1 SAMA:1 PEKERJAAN:1 JADI:2 KERJA:1 ITU:2 DIBERIKAN:1 TANGGUNGJAWAB:1 JANJI:1 MEMBERIKAN:1 SELAMA:1 WAKIL:1 TEMPOH:1 DENGAN:1 BUKAN:1 UJAR:1 TERLEPAS:1 KAMI:2 BERITA:1 KERJASAMA:1 SUKAR:1 REALITI:1 ROSAK:1 AKIBAT:1 SERANGAN:1 HARAM:1 PEMIMPIN:1 TRILION:1 SEHINGGA:1 TERMA:1 POLISI:1 SENARAI:1 KEDAI:1 AKHBAR:1 HAK:1 CIPTA:1 MULIA:2 LAGI:1
https://www.utusan.com.my/nasional/politik/2026/09/izzam-mohd-yusop-ketuai-bersatu-perlis-terengganu/	BERSATU:14 MASUK:3 LANGGAN:3 TERKINI:4 NASIONAL:4 JENAYAH:4 KOMUNITI:4 MAHKAMAH:4 POLITIK:5 TRAGEDI:4 EKONOMI:4 HARTANAH:4 KEWANGAN:4 PRODUK:5 RINGGIT:4 LUAR:4 NEGARA:5 BARAT:4 TENGGARA:4 GAYA:4 AGAMA:4 FESYEN:4 GAJET:4 HIBURAN:4 KELUARGA:4 WANITA:4 KESIHATAN:4 PENDIDIKAN:4 SUKAN:12 BOLA:4 SEPAK:8 BADMINTON:4 LUMBA:12 BASIKAL:4 KERETA:4 TAKRAW:4 SEMUA:4 RENCANA:4 SURAT:4 PEMBACA:4 PILIHAN:4 UTUSAN:5 PANCAINDERA:4 SERI:5 OLEH:1 JAYA:1 PRESIDEN:1 PARTI:1 DAN:7 MASING:2 SEBAGAI:1 KETUA:3 BADAN:3 NEGERI:3 SETIAUSAHA:1 AGUNG:1 DATUK:1 BERKATA:1 KEDUA:1 DUA:1 ITU:2 KUASA:1 MULAI:1 LALU:1 MENURUT:1 DALAM:4 KENYATAAN:1 YANG:4 MERUPAKAN:2 BAHAGIAN:2 PADANG:1 BESAR:1 SEMENTARA:1 PULA:1 DIBERI:1 TANGGUNGJAWAB:1 BERDASARKAN:1 PENGALAMAN:1 LUAS:1 PENTADBIRAN:1 AWAM:1 YAKIN:2 AKAN:1 IDEA:1 SEGAR:1 STRATEGIK:1 BAGI:1 PERJUANGAN:1 RAKYAT:1 TIDAK:1 MAHU:1 TERLEPAS:1 KAMI:2 BERITA:1 INISIATIF:1 PACU:1 EKSPORT:1 NASIB:1 MASA:1 PAS:1 UMMAH:1 TERMA:1 POLISI:1 SENARAI:1 KEDAI:1 AKHBAR:1 HAK:1 CIPTA:1 MULIA:2 SATU:1 LAGI:1
https://www.utusan.com.my/nasional/2026/09/nasib-bersatu-dalam-pn-dibincang-dalam-masa-terdekat/	NASIB:4 BERSATU:5 DALAM:10 MASA:4 MASUK:3 LANGGAN:3 TERKINI:4 NASIONAL:5 JENAYAH:4 KOMUNITI:4 MAHKAMAH:4 POLITIK:4 TRAGEDI:4 EKONOMI:4 HARTANAH:4 KEWANGAN:4 PRODUK:5 RINGGIT:4 LUAR:4 NEGARA:4 BARAT:4 TENGGARA:4 GAYA:4 AGAMA:4 FESYEN:4 GAJET:4 HIBURAN:4 KELUARGA:4 WANITA:4 KESIHATAN:4 PENDIDIKAN:4 SUKAN:12 BOLA:4 SEPAK:8 BADMINTON:4 LUMBA:12 BASIKAL:4 KERETA:4 TAKRAW:4 SEMUA:4 RENCANA:4 SURAT:4 PEMBACA:4 PILIHAN:5 UTUSAN:5 PANCAINDERA:4 SERI:5 OLEH:2 DAN:4 KOTA:1 BHARU:1 KEDUDUKAN:2 PARTI:5 PERIKATAN:1 SETIAUSAHA:1 AGUNG:1 DATUK:1 BERKATA:2 AKAN:1 MESYUARAT:4 ITU:1 SAYA:1 PENGERUSI:1 UNTUK:2 MENGELUARKAN:1 NOTIS:1 PADA:1 BULAN:1 INI:3 JUGA:1 KUALA:1 LUMPUR:1 KITA:1 NAK:2 LIHAT:1 ANGGOTA:1 MUNGKIN:1 ADA:1 BARU:1 YANG:1 SIDANG:1 TAHUNAN:1 PAS:3 PUSAT:1 SINI:1 HARI:1 TERSEBUT:1 TURUT:1 MEMBINCANGKAN:1 SOAL:1 RAYA:1 NEGERI:1 HABIS:1 TIDAK:1 MAHU:1 TERLEPAS:1 KAMI:2 BERITA:1 YAKIN:1 UMMAH:1 WAKIL:1 SYARIKAT:1 TANYA:1 CALON:1 DARI:1 MENANG:1 TERMA:1 POLISI:1 SENARAI:1 KEDAI:1 AKHBAR:1 HAK:1 CIPTA:1 MULIA:2 SATU:1 LAGI:1
https://www.utusan.com.my/teka-silang-kata/	TEKA:13 KATA:13 UTUSAN:5 MASUK:4 LANGGAN:3 TERKINI:5 NASIONAL:4 JENAYAH:4 KOMUNITI:4 MAHKAMAH:4 POLITIK:4 TRAGEDI:4 EKONOMI:6 HARTANAH:4 KEWANGAN:4 PRODUK:5 RINGGIT:4 LUAR:4 NEGARA:4 BARAT:4 TENGGARA:5 GAYA:4 AGAMA:4 FESYEN:4 GAJET:4 HIBURAN:5 KELUARGA:4 WANITA:4 KESIHATAN:4 PENDIDIKAN:4 SUKAN:12 BOLA:4 SEPAK:8 BADMINTON:4 LUMBA:12 BASIKAL:4 KERETA:4 TAKRAW:4 SEMUA:4 RENCANA:4 SURAT:4 PEMBACA:4 PILIHAN:4 PANCAINDERA:4 SERI:4 SIRI:11 APABILA:1 KITA:1 JAGA:1 DIRI:1 KEMAS:1 DAN:2 WANGI:1 REZEKI:1 AKAN:1 BERITA:5 PAS:3 MAHU:1 KEMUDI:1 PROGRAM:1 MAKANAN:1 PERCUMA:1 BUAT:1 PELAJAR:1 GURU:1 SAKIT:1 LAKSANA:1 MANSUH:1 LEPAS:2 TANPA:1 BEBAS:1 ABU:1 ISTERI:1 JANGAN:1 HANYA:1 TUMPU:1 USAHA:1 MENANG:1 KERUSI:1 PERLU:1 SEDIA:1 PERINTAH:1 KERJASAMA:1 PERKASA:1 BAKAT:1 BANK:1 PROJEK:1 LOJI:1 AIR:1 JUTA:1 TIADA:1 UNTUK:1 SISA:1 KUMBAHAN:1 BABI:1 TERMA:1 POLISI:1 SENARAI:1 KEDAI:1 AKHBAR:1 KAMI:1 HAK:1 CIPTA:1 MULIA:2 SATU:1 LAGI:1
https://www.utusan.com.my/ekonomi/2026/09/opr-dijangka-kekal-2-75-peratus-sehingga-akhir-tahun/	KEKAL:5 PERATUS:10 SEHINGGA:3 AKHIR:2 TAHUN:4 UTUSAN:7 MASUK:3 LANGGAN:3 TERKINI:4 NASIONAL:4 JENAYAH:4 KOMUNITI:4 MAHKAMAH:4 POLITIK:4 TRAGEDI:4 EKONOMI:8 HARTANAH:4 KEWANGAN:4 PRODUK:5 RINGGIT:6 LUAR:4 NEGARA:6 BARAT:4 TENGGARA:4 GAYA:4 AGAMA:4 FESYEN:4 GAJET:4 HIBURAN:4 KELUARGA:4 WANITA:4 KESIHATAN:4 PENDIDIKAN:4 SUKAN:12 BOLA:4 SEPAK:8 BADMINTON:4 LUMBA:12 BASIKAL:4 KERETA:4 TAKRAW:4 SEMUA:4 RENCANA:4 SURAT:4 PEMBACA:4 PILIHAN:5 PANCAINDERA:4 SERI:4 KADAR:8 PADA:12 SEJAK:2 GAMBAR:1 HIASAN:1 OLEH:1 JAYA:1 PARAS:3 SEMASA:3 INFLASI:7 YANG:9 SEMAKIN:2 REDA:1 SEKALI:1 GUS:1 MEMBERI:2 RUANG:4 KEPADA:4 BANK:3 LEBIH:3 PENGANALISIS:1 UNIVERSITI:1 KUALA:1 LUMPUR:1 BERKATA:2 TERAS:2 BERADA:4 BESAR:1 UNTUK:8 TANPA:1 PERLU:3 SELAGI:2 DALAM:4 JULAT:1 HINGGA:1 SEPERTI:1 KERAJAAN:1 SELAIN:1 RIZAB:1 PERSEKUTUAN:1 SYARIKAT:1 TIDAK:4 FAEDAH:5 TIADA:2 KEPERLUAN:2 MENURUNKAN:2 MASIH:1 ADA:1 NAMUN:1 BERKEMUNGKINAN:2 ITU:2 DENGAN:1 RENDAH:3 DAN:9 PERGERAKAN:1 AKAN:2 MENJADI:3 ANTARA:2 FAKTOR:1 UTAMA:1 KEPUTUSAN:1 TINGGI:1 SUSUT:1 DOLAR:1 MUNGKIN:1 TERHADAP:2 MATA:1 WANG:1 MULA:2 MEMPUNYAI:1 BANYAK:1 KELMARIN:1 MESYUARAT:2 JAWATANKUASA:1 BUAT:1 KALI:2 KELAPAN:2 TURUT:3 MANAKALA:1 BAGI:3 INI:4 MENURUT:1 KESAN:1 PERKARA:1 DIPANTAU:1 SELEPAS:1 PENUH:1 ELEKTRIK:1 KEADAAN:2 PRESTASI:2 EKSPORT:1 ALIRAN:1 PELABURAN:4 LANGSUNG:1 ASING:1 SUKU:1 KETIGA:1 JUGA:1 HALA:2 TUJU:2 PERLAHAN:1 SEBAGAI:1 LANJUT:1 BELIAU:1 KETIKA:2 HARGA:1 TERLALU:1 PANAS:1 TINDAKAN:1 SERTA:2 PENGGUNAAN:1 ISI:1 RUMAH:1 ADALAH:1 PERSEKITARAN:1 TERUS:1 PROJEK:1 BAWAH:1 PELAN:2 INDUK:1 BAHARU:1 TENAGA:1 PINJAMAN:2 MAHU:1 TERLEPAS:1 KAMI:2 BERITA:1 BENAR:1 AHLI:1 PARLIMEN:1 PUSAT:1 TERMA:1 POLISI:1 SENARAI:1 KEDAI:1 AKHBAR:1 HAK:1 CIPTA:1 MULIA:2 SATU:1 LAGI:1
https://www.utusan.com.my/ekonomi/2026/09/mag-bakal-bina-fasiliti-katering-baharu-di-klia/	BAKAL:4 BINA:2 FASILITI:5 KATERING:6 BAHARU:6 UTUSAN:6 MASUK:4 LANGGAN:3 TERKINI:4 NASIONAL:4 JENAYAH:4 KOMUNITI:4 MAHKAMAH:4 POLITIK:4 TRAGEDI:4 EKONOMI:4 HARTANAH:4 KEWANGAN:4 PRODUK:5 RINGGIT:4 LUAR:4 NEGARA:5 BARAT:6 TENGGARA:4 GAYA:4 AGAMA:4 FESYEN:4 GAJET:4 HIBURAN:4 KELUARGA:4 WANITA:5 KESIHATAN:4 PENDIDIKAN:4 SUKAN:12 BOLA:4 SEPAK:8 BADMINTON:4 LUMBA:12 BASIKAL:4 KERETA:4 TAKRAW:4 SEMUA:4 RENCANA:4 SURAT:4 PEMBACA:4 PILIHAN:4 PANCAINDERA:4 SERI:4 BAKAR:2 TENGAH:1 BERSAMA:1 KETUA:3 PEGAWAI:3 SYARIKAT:3 TIGA:2 DARI:2 KANAN:1 DAN:8 KIRI:1 SELEPAS:3 MAJLIS:1 RANGKAIAN:3 KEMUDAHAN:1 SINI:1 SEMALAM:2 OLEH:1 KUALA:4 LUMPUR:4 LAPANGAN:1 TERBANG:1 ANTARABANGSA:3 UNIT:1 PERKHIDMATAN:5 BAGI:6 KEUPAYAAN:2 MAKANAN:2 DALAM:4 TERSEBUT:1 SIAP:1 PADA:6 SUKU:2 KEEMPAT:1 SEBELUM:1 MULA:2 BEROPERASI:2 SECARA:2 RASMI:1 KEDUA:1 LANGKAH:1 STRATEGIK:1 INI:4 SEHINGGA:1 HARIAN:2 HAMPIR:1 DUA:1 KALI:4 KAPASITI:1 SEMASA:2 KEPERLUAN:1 KUMPULAN:4 SERTA:4 PELANGGAN:2 PIHAK:2 KETIGA:1 PEMBANGUNAN:2 TELAH:1 KERJA:2 TANAH:1 SEJAK:2 LALU:1 MEMPEROLEH:1 LESEN:2 DARAT:1 DARIPADA:4 AWAM:1 SELAIN:1 ITU:2 PROJEK:1 TURUT:3 MENDAPAT:1 SEMENTARA:2 PELABURAN:1 PRESIDEN:1 KAPTEN:1 BERKATA:1 PEMBINAAN:1 SAJIAN:2 YANG:2 BERKUALITI:1 TINGGI:1 DENGAN:2 FASA:1 ASAS:1 DAYA:2 MELETAKKAN:1 KEDUDUKAN:1 TERBAIK:1 UNTUK:1 MASA:2 HADAPAN:1 PUSAT:1 TERHADAP:1 PERATUS:4 KEPADA:2 MANAKALA:1 KETEPATAN:1 KEKAL:1 KADAR:1 SEMULA:1 LALUAN:4 TERUS:3 SELATAN:1 KUASA:2 FREKUENSI:2 EMPAT:1 SEBAGAI:1 SATU:2 MENAWARKAN:1 TANPA:2 HENTI:1 ANAK:1 PASARAN:1 SEDIA:1 ADA:1 PERJALANAN:1 MENAMBAH:1 JEPUN:1 PULA:1 AKAN:1 KEMAJUAN:1 TAHUN:1 MELAWAT:1 MAS:1 TIDAK:1 MAHU:1 TERLEPAS:1 KAMI:2 BERITA:1 KRISIS:1 KOS:1 API:1 LEBIH:1 MAYAT:1 LELAKI:1 IDENTITI:1 RUANG:1 SIMPAN:1 TAYAR:1 PELAN:1 KESELAMATAN:1 PINTU:1 WARGA:1 KURANG:1 SIUMAN:1 TERMA:1 POLISI:1 SENARAI:1 KEDAI:1 AKHBAR:1 HAK:1 CIPTA:1 MULIA:2 LAGI:1
https://www.utusan.com.my/ekonomi/2026/09/amfirst-reit-cadang-lupus-menara-ambank-pada-harga-rm331-juta/	CADANG:2 MENARA:7 PADA:7 HARGA:3 JUTA:11 UTUSAN:6 MASUK:3 LANGGAN:3 TERKINI:4 NASIONAL:4 JENAYAH:4 KOMUNITI:4 MAHKAMAH:4 POLITIK:4 TRAGEDI:4 EKONOMI:4 HARTANAH:5 KEWANGAN:4 PRODUK:5 RINGGIT:4 LUAR:5 NEGARA:4 BARAT:4 TENGGARA:4 GAYA:4 AGAMA:4 FESYEN:4 GAJET:4 HIBURAN:4 KELUARGA:4 WANITA:4 KESIHATAN:4 PENDIDIKAN:4 SUKAN:12 BOLA:4 SEPAK:8 BADMINTON:4 LUMBA:12 BASIKAL:4 KERETA:5 TAKRAW:4 SEMUA:5 RENCANA:4 SURAT:4 PEMBACA:4 PILIHAN:4 PANCAINDERA:4 SERI:4 OLEH:1 NUR:1 JAYA:1 JALAN:1 SENG:1 KEPADA:4 BERHAD:3 DALAM:5 BERKATA:2 CADANGAN:4 ITU:8 BAGI:2 PIHAK:2 MENJUAL:1 ASET:7 MERUPAKAN:2 SEBAHAGIAN:1 DARIPADA:4 STRATEGI:2 UNTUK:1 DAN:9 TERMASUK:2 RENDAH:3 SEMULA:2 INISIATIF:1 SERTA:4 LEBIH:2 TINGGI:2 KEPELBAGAIAN:1 KEMAMPANAN:1 PENDAPATAN:2 JANGKA:2 PANJANG:1 BANGUNAN:2 PEJABAT:2 KHUSUS:1 TINGKAT:1 DENGAN:2 TUJUH:1 TEMPAT:1 LETAK:1 TERLETAK:1 KAWASAN:1 TIGA:1 EMAS:1 KUALA:2 LUMPUR:2 PELABURAN:3 SECARA:1 OPERASI:1 BERSIH:3 YANG:8 SEPANJANG:1 DEKAD:1 LALU:1 KADAR:3 SEWA:1 SEDERHANA:1 PURATA:2 TEMPOH:1 TERSEBUT:2 ADALAH:1 PERATUS:2 HASIL:3 KEKAL:3 TERHAD:1 BEKALAN:1 STRUKTUR:1 PASARAN:1 SEMAKIN:1 BAHARU:1 SPESIFIKASI:1 BAWAH:1 KOS:3 PINJAMAN:1 MENYEBABKAN:2 MEMPUNYAI:1 ASAL:1 KERUGIAN:1 KIRA:5 KEUNTUNGAN:2 KASAR:1 BERDASARKAN:1 JUMLAH:1 SETAKAT:1 MENURUT:1 SELEPAS:1 SEBANYAK:1 TERTAKLUK:1 UNIT:2 MESYUARAT:1 AKAN:1 DATANG:1 JIKA:1 KEBENARAN:1 TIADA:1 KEADAAN:1 SELESAI:1 SUKU:1 PERTAMA:1 TIDAK:1 MAHU:1 TERLEPAS:1 KAMI:2 BERITA:1 LANCAR:1 BON:1 HATI:1 TERHADAP:1 KESAN:1 SEKTOR:1 JUAL:1 KUMPULAN:1 EMPAT:1 ANUGERAH:2 MAJLIS:1 TAHUNAN:1 TERMA:1 POLISI:1 SENARAI:1 KEDAI:1 AKHBAR:1 HAK:1 CIPTA:1 MULIA:2 SATU:1 LAGI:1
https://www.utusan.com.my/ekonomi/2026/09/pertimbang-semula-hoc-bantu-rakyat-miliki-rumah/	SEMULA:3 RAKYAT:4 RUMAH:8 UTUSAN:7 MASUK:3 LANGGAN:3 TERKINI:4 NASIONAL:4 JENAYAH:4 KOMUNITI:5 MAHKAMAH:4 POLITIK:4 TRAGEDI:4 EKONOMI:5 HARTANAH:10 KEWANGAN:4 PRODUK:5 RINGGIT:4 LUAR:4 NEGARA:6 BARAT:4 TENGGARA:4 GAYA:4 AGAMA:4 FESYEN:4 GAJET:4 HIBURAN:4 KELUARGA:4 WANITA:4 KESIHATAN:4 PENDIDIKAN:4 SUKAN:12 BOLA:4 SEPAK:8 BADMINTON:4 LUMBA:12 BASIKAL:4 KERETA:4 TAKRAW:4 SEMUA:4 RENCANA:4 SURAT:4 PEMBACA:4 PILIHAN:4 PANCAINDERA:4 SERI:4 KOR:2 TIGA:1 DARI:3 KIRI:2 BERSAMA:1 DUA:3 DAN:12 KANAN:1 KETIKA:1 PADA:3 MAJLIS:2 PUSAT:1 SEMALAM:1 OLEH:1 KUALA:1 LUMPUR:1 PERSATUAN:1 PEMAJU:4 BERHARAP:2 KERAJAAN:4 DAPAT:2 KEMPEN:2 PEMILIKAN:2 DENGAN:3 LEBIH:4 BANYAK:1 PRESIDEN:1 DATUK:1 ITU:1 SEBAGAI:4 INISIATIF:2 KERJASAMA:2 AWAM:1 SWASTA:1 DALAM:6 SELAIN:2 MEMBANTU:1 PASARAN:2 SECARA:3 MAMPU:5 MILIK:2 BUKAN:1 SAHAJA:1 PERLU:2 MALAH:1 MAJU:4 UNTUK:3 KEDUA:1 ASPEK:3 INI:3 KITA:2 MAHU:2 YANG:12 MAMPAN:3 MASA:2 TERUS:3 KOS:3 PEMBINAAN:2 KEPERLUAN:3 INFRASTRUKTUR:1 SERTA:6 KAWAL:1 SELIA:1 SEMAKIN:3 KOMPLEKS:1 SETIAP:1 MUNGKIN:1 KELIHATAN:1 NAMUN:1 MEMBERI:1 KESAN:1 LANGSUNG:1 TERHADAP:5 DAYA:3 PROJEK:1 SEMASA:1 BELIAU:1 BERKATA:2 JUGA:1 BARU:1 DILANCARKAN:1 SEKTOR:1 TEMPOH:1 AKAN:3 DATANG:1 KAMI:3 MELALUI:1 RAPAT:1 ANTARA:1 KIRA:1 REALITI:1 KEKAL:1 KOMITED:1 SATU:3 LAGI:2 KEHIDUPAN:1 DEPAN:1 IALAH:1 KELESTARIAN:1 SELURUH:1 TENAGA:2 BOLEH:1 BAHARU:1 AIR:1 HIJAU:5 PENGGUNAAN:1 ALAM:2 PEMBANGUNAN:4 MEREKA:1 BANGUNAN:3 KINI:1 BADAN:1 TELAH:1 JUTA:1 KAKI:1 PERSEGI:1 MERUPAKAN:1 AMAT:1 KUKUH:1 HADAPAN:1 RENDAH:1 KARBON:1 SAMPING:1 PENDEKATAN:1 TIDAK:1 TERLEPAS:1 BERITA:1 GALAK:1 TEKNOLOGI:1 TINGKAT:1 TAWAR:1 TUNAI:1 SEHINGGA:1 SASAR:1 BILION:1 GERGASI:1 HIDUP:1 SELEPAS:1 SYARIKAT:1 GAGAL:1 BAYAR:1 HUTANG:1 DPN:1 GUNA:1 RAYA:1 TERMA:1 POLISI:1 SENARAI:1 KEDAI:1 AKHBAR:1 HAK:1 CIPTA:1 MULIA:2
https://www.utusan.com.my/ekonomi	EKONOMI:24 UTUSAN:5 MASUK:4 LANGGAN:4 TERKINI:4 NASIONAL:5 JENAYAH:4 KOMUNITI:4 MAHKAMAH:4 POLITIK:4 TRAGEDI:4 HARTANAH:5 KEWANGAN:13 PRODUK:5 RINGGIT:4 LUAR:4 NEGARA:4 BARAT:4 TENGGARA:4 GAYA:4 AGAMA:4 FESYEN:4 GAJET:4 HIBURAN:4 KELUARGA:5 WANITA:5 KESIHATAN:4 PENDIDIKAN:4 SUKAN:12 BOLA:4 SEPAK:8 BADMINTON:4 LUMBA:12 BASIKAL:4 KERETA:4 TAKRAW:4 SEMUA:5 RENCANA:4 SURAT:4 PEMBACA:4 PILIHAN:5 PANCAINDERA:4 SERI:4 UNTUNG:3 SEBELUM:3 CUKAI:3 KEPADA:6 JUTA:19 HASIL:4 DALAM:7 TEMPOH:4 TIGA:3 TAHUN:5 KEKAL:8 PALING:3 CADANG:3 BELI:3 TANAH:6 KERJASAMA:3 PACU:3 SEKTOR:12 DOMESTIK:3 PADA:9 SUKU:4 KEDUA:4 SALUR:3 PEMBIAYAAN:3 MELALUI:3 SURI:3 INSPIRASI:4 KAPASITI:3 PERLU:7 PENGGUNA:5 PEMBINAAN:3 MANFAAT:4 UTAMA:3 BELANJAWAN:4 SEHINGGA:3 MULIA:3 AKHBAR:2 KEDAI:4 ANDA:1 SETIAP:1 PAGI:1 SEJAK:1 BILA:1 MEREKA:1 ADA:1 MANDAT:1 KEDUDUKAN:1 RAJA:3 JANGAN:1 MUFTI:1 PEKERJA:1 TERKEJUT:1 JUMPA:1 BOM:1 LAMA:1 PEGUAM:1 ADAT:1 MOHON:1 MAJLIS:1 TELITI:1 KRISIS:2 NEGERI:3 SEMBILAN:2 KERAJAAN:2 PUSAT:3 TAK:1 BOLEH:1 CAMPUR:1 AWAM:1 TERIMA:1 LAPOR:1 TOLAK:1 RASUAH:1 JEREBU:2 MANA:1 RAKYAT:1 BAGAIMANA:1 CARA:1 LAGI:3 VIDEO:1 DIBUKA:2 DENGAN:3 KADAR:2 JADI:2 BAHARU:1 LEMBAH:1 TAWAR:2 TINGKAT:1 TAMU:1 BAWA:2 KEHIDUPAN:1 ALAM:1 HARGA:6 MINYAK:3 MENTAH:2 LEBIH:7 TERA:2 METERAI:2 PERJANJIAN:2 BILION:3 CAPAI:2 PERATUS:3 PROJEK:3 SIAP:2 AWAL:2 SETAKAT:2 EMAS:1 SASAR:4 CAWANGAN:2 AKHIR:1 BAYU:1 BUKA:3 LABUR:2 NAIK:3 PETI:1 SEJUK:1 LANCAR:1 MINUMAN:1 EDISI:1 KHAS:1 BERITA:4 SERAI:1 OPERASI:1 IPOH:1 RESIPI:1 TAUHU:1 TUAH:1 HALAL:2 RUMAH:2 HOTEL:1 SUMBER:1 REZEKI:1 SUAMI:1 ISTERI:1 ARKIB:1 KOPI:1 DEPAN:1 DARIPADA:1 KECIL:1 LAIN:2 SEGERA:2 ADAPTASI:2 DILANCARKAN:2 DAN:4 GALERI:2 AGUNG:1 PERGERAKAN:1 SAYAP:1 PUTERI:1 GAMBAR:2 TERBAIK:2 SUKMA:2 AKSI:1 BAGI:1 LIMA:1 HARI:1 RAYA:2 PELAN:1 TURUN:1 JALAN:1 BUKAN:1 SUSUT:1 PROTON:1 MAS:1 PASARAN:1 EKSPORT:1 TRILION:1 LAPAN:1 BULAN:1 BAHRU:1 SUNGAI:1 PURATA:1 GAJI:1 UPAH:1 WARGANEGARA:1 HOSPITAL:1 TAMAN:1 TEKNOLOGI:1 TINGGI:1 TANJONG:1 CIPTA:2 NASI:1 GORENG:2 KAMPUNG:1 DANA:1 ASING:1 KEMBALI:1 ALIRAN:1 MINGGU:1 INI:1 PELANCONGAN:1 TIDAK:1 SEKATA:1 RENDAH:1 DARI:1 JENAMA:1 KENTANG:1 UKUR:1 ISI:1 JANGKA:1 PANJANG:1 TERMA:1 POLISI:1 SENARAI:1 KAMI:1 HAK:1
https://www.utusan.com.my/ekonomi/2026/08/saham-perbankan-utiliti-terajui-pasaran-minggu-ini/	PASARAN:12 MINGGU:5 INI:8 MASUK:3 LANGGAN:3 HARTANAH:6 PANDUAN:2 HALAL:2 NIAGA:2 PILIHAN:3 TERKINI:4 NASIONAL:5 JENAYAH:4 KOMUNITI:4 MAHKAMAH:5 POLITIK:4 TRAGEDI:4 EKONOMI:6 KEWANGAN:6 PRODUK:5 LUAR:4 NEGARA:4 BARAT:4 TENGGARA:4 GAYA:4 AGAMA:4 FESYEN:4 GAJET:4 HIBURAN:4 KELUARGA:4 WANITA:4 KESIHATAN:4 SUKAN:12 BOLA:4 SEPAK:8 BADMINTON:4 LUMBA:12 BASIKAL:4 KERETA:4 TAKRAW:4 SEMUA:4 RENCANA:4 SURAT:4 PEMBACA:4 PANCAINDERA:4 SERI:4 PARAS:4 MATA:5 PADA:5 WALAUPUN:1 AKTIVITI:3 UNTUNG:2 OLEH:4 JAYA:1 SEKTOR:10 DAN:20 JANGKA:1 TERUS:2 MENJADI:5 UTAMA:5 DENGAN:3 BERADA:1 SASARAN:1 UNTUK:2 KEDUA:2 DUA:1 ITU:2 KEKAL:8 PELABUR:5 KUKUH:4 KEPADA:6 DOMESTIK:2 YANG:15 TAHAN:2 SEKALI:3 GUS:3 PERISAI:1 TENGAH:2 HAMPIR:1 TIDAK:2 BERUBAH:1 SUSUT:1 ATAU:2 PERATUS:1 HATI:1 SERTA:5 NAMUN:3 PENGGUNA:1 DALAM:6 PENGARAH:1 PENGANALISIS:1 STRATEGI:1 PELABURAN:3 JANTAN:1 BERKATA:4 DARI:1 SUDUT:1 PEMILIHAN:1 LIMA:1 PERKHIDMATAN:1 PEMBINAAN:3 BERDASARKAN:1 SAIZ:1 BESAR:2 GERGASI:1 SEPERTI:1 BANK:1 SEBAGAI:2 MASING:2 BILION:6 TENAGA:5 PULA:2 MANAKALA:3 SAMPING:1 SEMULA:2 UTUSAN:2 MENGENAI:1 HALA:1 TUJU:1 HASIL:4 BON:4 BAGI:4 PENILAIAN:2 KOS:4 PEMBIAYAAN:2 FAEDAH:3 BERSIH:2 PEMULIHAN:1 LEBIH:5 BALIK:1 JABATAN:1 SYARIKAT:2 BELIAU:1 TURUT:2 BAHARU:1 TEKNOLOGI:2 AKIBAT:2 SEKATAN:2 PUSAT:4 HARGA:2 MINYAK:2 MENTAH:1 ATAS:1 KEBIMBANGAN:1 INFLASI:2 ALIRAN:3 DANA:2 ASING:3 RISIKO:3 SELEPAS:1 PENJUAL:1 SEJAK:1 LALU:1 KEKUATAN:1 BARU:2 SECARA:2 TETAPI:1 SEMAKIN:1 KEMAMPANAN:1 SEMENTARA:1 PENSYARAH:1 KANAN:1 UNIVERSITI:1 SAINS:1 TEMPOH:2 LAMA:1 BOLEH:2 ASAS:1 PENDAPATAN:1 MAMPU:1 PRESTASI:1 KADAR:1 TINGGI:3 PANJANG:1 PINJAMAN:1 KUALITI:1 ASET:1 KEADAAN:1 KAUNTER:1 BERKUALITI:1 MEMPUNYAI:3 KUNCI:1 KIRA:2 TUNAI:1 HUTANG:1 BAIK:1 JUGA:1 MEMBUAT:1 KETIKA:1 TURUN:1 NAIK:1 MASIH:1 TERHADAP:1 MEMBERI:2 KESAN:1 KERANA:1 ISU:1 TERSEBUT:1 KINI:1 BUKAN:1 SEKADAR:1 SEBALIKNYA:1 INFRASTRUKTUR:2 BEKALAN:3 KAWAL:1 SELIA:1 PEMBANGUNAN:1 SEBAHAGIAN:1 MENCARI:1 LOKASI:1 TANAH:1 SEPARUH:1 KEJURUTERAAN:1 MENERIMA:1 DARIPADA:1 EKSPORT:1 MUNGKIN:1 MAHU:2 TERLEPAS:1 KAMI:2 BERITA:1 BUAH:1 PINGGANG:1 BABI:1 HARI:1 TUBUH:1 PESAKIT:1 TOLAK:1 DARURAT:1 ABU:1 PAS:1 EMPAT:1 KERUSI:1 TERMA:1 POLISI:1 SENARAI:1 KEDAI:1 AKHBAR:1 HAK:1 CIPTA:1 MULIA:2 SATU:1 LAGI:1
https://www.utusan.com.my/ekonomi/2026/08/harga-arang-batu-tekan-prestasi-malayan-cement/	HARGA:13 ARANG:7 BATU:7 TEKAN:2 PRESTASI:2 MASUK:3 LANGGAN:3 HARTANAH:6 PANDUAN:2 HALAL:2 NIAGA:2 PILIHAN:2 TERKINI:4 NASIONAL:4 JENAYAH:4 KOMUNITI:4 MAHKAMAH:5 POLITIK:4 TRAGEDI:4 EKONOMI:4 KEWANGAN:9 PRODUK:6 LUAR:4 NEGARA:5 BARAT:4 TENGGARA:4 GAYA:4 AGAMA:4 FESYEN:4 GAJET:4 HIBURAN:4 KELUARGA:4 WANITA:4 KESIHATAN:4 SUKAN:12 BOLA:4 SEPAK:8 BADMINTON:4 LUMBA:12 BASIKAL:4 KERETA:4 TAKRAW:4 SEMUA:4 RENCANA:4 SURAT:4 PEMBACA:4 PANCAINDERA:4 SERI:4 TERHADAP:3 OLEH:1 JAYA:1 KOS:2 NAMUN:1 SYARIKAT:4 KEKAL:1 MENARIK:3 ALIRAN:2 TEMPAHAN:2 KUKUH:1 DARIPADA:2 UNIT:4 MENURUT:2 PENYELIDIKAN:3 ITU:7 BERKATA:3 MENURUNKAN:1 KEUNTUNGAN:4 TERAS:4 BAGI:13 TAHUN:6 DAN:8 MASING:2 SEBANYAK:1 PERATUS:3 LIMA:2 YANG:2 LEBIH:1 TINGGI:1 SERTA:1 KADAR:1 RINGGIT:1 DOLAR:1 KAMI:5 KEPADA:8 SETAN:2 SELAIN:1 SIMEN:3 DOMESTIK:2 DENGAN:3 SASARAN:1 BERDASARKAN:1 KALI:1 PENDAPATAN:4 KUASA:1 KUMPULAN:2 DALAM:4 TURUN:1 NAIK:1 TERUS:1 HALA:1 TUJU:1 USAHA:1 TADBIR:2 URUS:2 EKSPORT:3 KOMODITI:3 PADA:8 LALU:2 AKAN:2 SISTEM:1 TURUT:1 MELANCARKAN:1 RUJUKAN:2 UNTUK:1 UTAMA:1 SEDERHANA:1 IAITU:1 SEPARUH:1 KEDUA:1 WALAUPUN:2 SEBAHAGIAN:1 SEMENTARA:1 SALURAN:2 KONKRIT:4 MILIK:1 MEMPEROLEH:1 BEBERAPA:1 PROJEK:3 DUA:1 TIDUR:1 LEMBAH:1 LALUAN:1 PANTAI:1 TIMUR:1 MANAKALA:2 METER:1 PEMBANGUNAN:1 BILION:3 MEMBERI:1 KESAN:1 KERANA:1 BAHARU:1 SIAP:1 BANCUH:1 BERSIH:2 JUTA:3 PULA:1 PENILAIAN:1 SEBAGAI:1 PIAWAI:1 BAWAH:1 PURATA:1 NISBAH:1 TEMPOH:1 HINGGA:1 MELIHAT:1 RISIKO:1 PARAS:1 SEMASA:1 UTUSAN:1 TIDAK:1 MAHU:2 TERLEPAS:1 BERITA:1 BUAH:1 PINGGANG:1 BABI:1 HARI:1 TUBUH:1 PESAKIT:1 TOLAK:1 DARURAT:1 ABU:1 PAS:1 EMPAT:1 KERUSI:1 TERMA:1 POLISI:1 SENARAI:1 KEDAI:1 AKHBAR:1 HAK:1 CIPTA:1 MULIA:2 SATU:1 LAGI:1
https://www.utusan.com.my/ekonomi/2026/08/inflasi-julai-sederhana-kos-input-diserap-elak-lonjakan/	INFLASI:8 SEDERHANA:5 KOS:7 ELAK:2 MASUK:3 LANGGAN:3 HARTANAH:6 PANDUAN:2 HALAL:2 NIAGA:2 PILIHAN:2 TERKINI:4 NASIONAL:4 JENAYAH:4 KOMUNITI:4 MAHKAMAH:5 POLITIK:4 TRAGEDI:4 EKONOMI:5 KEWANGAN:4 PRODUK:5 LUAR:5 NEGARA:5 BARAT:4 TENGGARA:4 GAYA:4 AGAMA:4 FESYEN:4 GAJET:4 HIBURAN:4 KELUARGA:4 WANITA:4 KESIHATAN:4 SUKAN:12 BOLA:4 SEPAK:8 BADMINTON:4 LUMBA:12 BASIKAL:4 KERETA:4 TAKRAW:4 SEMUA:4 RENCANA:4 SURAT:4 PEMBACA:4 PANCAINDERA:4 SERI:4 BAGI:7 PADA:10 KADAR:8 PERATUS:11 TAHUN:6 OLEH:4 JAYA:1 HARGA:7 PENGGUNA:2 KEKAL:5 TINDAKAN:1 BESAR:1 YANG:6 UNTUK:1 SECARA:3 AGRESIF:1 KEPADA:8 AHLI:1 MAS:2 SELEPAS:1 PENURUNAN:1 BULAN:1 KAMI:3 MEMBERI:1 AMARAN:1 BAHAWA:1 PERBEZAAN:1 ANTARA:1 LALU:1 DENGAN:1 HULU:3 MASIH:1 BELUM:1 BARANG:1 AKHIR:1 DALAM:5 PENYELIDIKAN:1 MENURUT:1 KUMPULAN:1 MAKANAN:2 DAN:5 MINUMAN:1 NAIK:1 MANAKALA:1 RUMAH:2 TERUS:2 SEBALIKNYA:1 KEMUDAHAN:1 AWAM:1 API:2 AUTOMATIK:1 DARIPADA:2 SEN:2 SEKTOR:1 PENYEDERHANAAN:1 PROGRAM:1 BUDI:1 LAYAK:1 ITU:3 BERKATA:1 RISIKO:1 ADA:1 MULA:1 ATAU:2 BERLAKU:2 TENAGA:1 RINGGIT:1 SERTA:1 PELBAGAI:1 LANGKAH:1 KERAJAAN:1 TERMASUK:1 TUNAI:1 AKAN:1 MENJADI:1 BENTENG:1 ISI:1 TERAS:1 TEMPOH:1 RENDAH:1 MELAINKAN:1 KOMODITI:1 DUNIA:1 UTUSAN:1 TIDAK:1 MAHU:2 TERLEPAS:1 BERITA:1 BUAH:1 PINGGANG:1 BABI:1 HARI:1 TUBUH:1 PESAKIT:1 TOLAK:1 DARURAT:1 ABU:1 PAS:1 EMPAT:1 KERUSI:1 TERMA:1 POLISI:1 SENARAI:1 KEDAI:1 AKHBAR:1 HAK:1 CIPTA:1 MULIA:2 SATU:1 LAGI:1
https://www.utusan.com.my/ekonomi/2026/08/bermula-dari-tepi-jalan-sugarcandy-kini-miliki-tiga-cawangan-event-space/	DARI:3 TEPI:3 JALAN:3 KINI:5 TIGA:4 CAWANGAN:10 MASUK:3 LANGGAN:3 HARTANAH:6 PANDUAN:2 HALAL:3 NIAGA:2 PILIHAN:3 TERKINI:4 NASIONAL:4 JENAYAH:4 KOMUNITI:4 MAHKAMAH:5 POLITIK:4 TRAGEDI:4 EKONOMI:4 KEWANGAN:4 PRODUK:6 LUAR:4 NEGARA:4 BARAT:4 TENGGARA:4 GAYA:4 AGAMA:4 FESYEN:4 GAJET:4 HIBURAN:4 KELUARGA:6 WANITA:4 KESIHATAN:4 SUKAN:12 BOLA:4 SEPAK:8 BADMINTON:4 LUMBA:12 BASIKAL:4 KERETA:4 TAKRAW:4 SEMUA:5 RENCANA:4 SURAT:4 PEMBACA:4 PANCAINDERA:4 SERI:4 IMAN:2 KEK:15 KETIKA:2 BARU:2 INI:3 UTUSAN:3 FIRDAUS:1 OLEH:3 KELEBIHAN:1 RASA:4 DAN:19 KREATIVITI:1 MENJADI:1 TITIK:1 TOLAK:2 KEPADA:2 KEJAYAAN:2 JENAMA:1 YANG:9 SEMAKIN:2 KUKUH:1 SEBAGAI:1 ANTARA:1 UTAMA:2 PENGGEMAR:1 MULUT:2 ITU:6 LANGKAH:2 SECARA:6 RUMAH:1 PADA:3 USIA:1 TAHUN:5 SEBELUM:1 BUAH:2 FIZIKAL:1 SERTA:3 RUANG:4 ACARA:3 HARI:5 BERKATA:1 MINAT:1 TERHADAP:1 DUNIA:1 MENJUAL:2 PELBAGAI:1 CAWAN:2 HADAPAN:1 SEKOLAH:1 KEBANGSAAN:1 TAMAN:1 DEMI:2 MENCARI:1 PENDAPATAN:3 TAMAT:1 PENGAJIAN:1 ASASI:1 DALAM:5 BIDANG:1 SAYA:5 BUAT:2 UNTUK:10 RAKAN:3 KEMUDIAN:1 MULA:1 NAIK:2 GAMBAR:1 APABILA:4 RAMAI:1 BERTANYA:1 MAHU:3 TERUS:4 MASA:2 UNIT:1 SETIAP:1 MAMPU:3 HASIL:2 ITULAH:1 SEDIKIT:2 KETUHAR:1 MENYEWA:1 DAPUR:1 KHAS:2 KELAS:1 HIASAN:1 KECIL:2 PERJALANAN:1 SELEPAS:2 LIMA:1 BEROPERASI:1 STRUKTUR:1 PENGURUSAN:1 SEMULA:1 KONGSI:1 JUGA:2 PENGARAH:1 PEMASARAN:1 MEGAT:1 MENYENTUH:1 MENGENAI:2 TIDAK:6 PERNAH:2 FASA:2 SUKAR:1 MEMBUAT:1 KEPUTUSAN:2 TERLALU:1 PANTAS:1 DENGAN:2 ENAM:5 TEMPOH:1 DUA:2 PERINTAH:1 KAWALAN:1 PERGERAKAN:1 WAKTU:1 KAMI:11 SANGAT:2 ADA:4 INGAT:1 BILA:2 AKAN:1 BERTAMBAH:1 KALI:2 NAMUN:2 MASALAH:1 PERLU:1 ALIRAN:1 SEHINGGA:2 LAIN:2 OPERASI:1 WANGSA:1 MAJU:1 ALAM:1 TERNYATA:1 LEGA:1 TETAP:1 SAMA:2 SEPERTI:1 DAHULU:1 SELAIN:1 TURUT:2 SEJAK:1 RAHSIA:1 HARGA:3 BERBALOI:1 TENGAH:2 KOS:1 MENTAH:2 KUALITI:1 MEMANG:1 CONTOHNYA:1 SERBUK:1 DULU:1 TAK:1 SANGGUP:1 GUNA:1 MURAH:1 KERANA:1 PELANGGAN:3 SUDAH:1 TAHU:1 IDEA:1 JUAL:1 MILIK:1 DATANG:1 DARIPADA:1 PENGALAMAN:1 PERIBADI:1 LAHIR:2 JADI:1 LIHAT:1 BAWA:1 ANAK:1 BELI:1 PUAS:1 MUNGKIN:1 BERKURANG:1 TETAPI:1 TEMPAHAN:2 PERKHIDMATAN:3 LAGI:2 TERHAD:1 SEMATA:1 MATA:1 MALAH:1 TREND:1 SEMASA:1 BUNGA:1 KHIDMAT:1 KEJUTAN:1 LENGKAP:1 TETAMU:1 BAGI:2 DEPAN:1 TAMBAH:1 MUDAH:1 ASA:1 SEBARANG:1 UJIAN:1 KALAU:1 KITA:2 BETUL:2 SESUATU:1 JANGAN:1 SENTIASA:2 KENA:1 CUBA:2 MAKLUM:1 BALAS:1 ATAU:1 ADALAH:1 TERBAIK:1 BELAJAR:1 DIRI:1 TERLEPAS:1 BERITA:1 PINGGANG:1 BABI:1 TUBUH:1 PESAKIT:1 DARURAT:1 ABU:1 PAS:1 EMPAT:1 KERUSI:1 TERMA:1 POLISI:1 SENARAI:1 KEDAI:1 AKHBAR:1 HAK:1 CIPTA:1 MULIA:2 SATU:1
https://www.utusan.com.my/terkini/2026/09/as-guna-poligraf-buru-dalang-bocor-maklumat-bekalan-senjata/	GUNA:3 BURU:3 DALANG:3 MAKLUMAT:10 SENJATA:5 MASUK:3 LANGGAN:3 TERKINI:4 NASIONAL:4 JENAYAH:4 KOMUNITI:4 MAHKAMAH:4 POLITIK:4 TRAGEDI:4 EKONOMI:4 HARTANAH:4 KEWANGAN:4 PRODUK:5 RINGGIT:4 LUAR:5 NEGARA:5 BARAT:4 TENGGARA:4 GAYA:4 AGAMA:4 FESYEN:4 GAJET:4 HIBURAN:4 KELUARGA:4 WANITA:4 KESIHATAN:4 PENDIDIKAN:4 SUKAN:12 BOLA:4 SEPAK:8 BADMINTON:4 LUMBA:12 BASIKAL:4 KERETA:4 TAKRAW:4 SEMUA:5 RENCANA:4 SURAT:4 PEMBACA:4 PILIHAN:4 UTUSAN:4 PANCAINDERA:4 SERI:4 BEKALAN:6 OLEH:1 WARTAWAN:2 SYARIKAT:1 UJIAN:6 TERHADAP:4 PEGAWAI:5 TENTERA:6 DAN:10 AWAM:1 PADA:1 BAGI:1 MENGENAI:5 KEKURANGAN:4 PELURU:4 KETIKA:2 PERANG:3 DENGAN:4 MENURUT:2 BEBERAPA:2 ITU:9 KAKITANGAN:2 STAF:1 BERSAMA:2 KUMPULAN:1 PEMIMPIN:2 KANAN:2 YANG:6 MENJADI:1 KEPADA:4 PRESIDEN:2 JARAK:1 JAUH:1 LAPOR:1 TANPA:2 KEBENARAN:2 MENJALANI:3 SAMA:1 ADA:1 MEREKA:2 KRITIKAL:1 KETEGANGAN:1 ANTARA:2 PERSEKUTUAN:1 TIDAK:7 DALAM:2 KERANA:1 PENGERUSI:1 KETUA:1 TURUS:1 JENERAL:1 TERMASUK:2 TIADA:1 SEORANG:2 PUN:1 GAGAL:1 MENJAWAB:1 SOALAN:1 TURUT:1 MENELITI:1 KEMUNGKINAN:1 KERAJAAN:1 SEBAGAI:3 ASING:1 KHUSUS:1 SANGAT:2 TERHAD:1 BERKATA:1 AGENSI:1 PERKARA:1 ATAU:1 NAMUN:1 MEMANDANG:1 SERIUS:1 AKAN:2 STRATEGIK:1 SEBALIKNYA:1 MEMPUNYAI:1 JUMLAH:1 BESAR:2 BELIAU:1 KENYATAAN:1 BERITA:2 PALSU:1 SELAIN:2 MEMBERI:2 AMARAN:2 PENJARA:1 BERAT:1 LAIN:1 SEBAHAGIAN:2 KANDUNGAN:1 BUKU:1 SETIAUSAHA:1 PERTAHANAN:1 ENAM:1 EMPAT:1 BINTANG:1 SECARA:1 RASMI:1 MENYUARAKAN:1 BANTAHAN:1 USAHA:1 SAMBIL:1 KONFLIK:1 MAMPAN:1 SELURUH:1 DUNIA:1 PASUKAN:1 TEPAT:1 MAHU:1 TERLEPAS:1 KAMI:2 NEGERI:1 SEMBILAN:1 WABAK:1 CAMPAK:1 TERBURUK:1 NYAWA:1 KANAK:2 TERMA:1 POLISI:1 SENARAI:1 KEDAI:1 AKHBAR:1 HAK:1 CIPTA:1 MULIA:2 SATU:1 LAGI:1
https://www.utusan.com.my/terkini/2026/09/wabak-campak-terburuk-bangladesh-ragut-986-nyawa-kanak-kanak/	WABAK:9 CAMPAK:9 TERBURUK:4 NYAWA:4 KANAK:26 MASUK:3 LANGGAN:3 TERKINI:4 NASIONAL:4 JENAYAH:4 KOMUNITI:4 MAHKAMAH:4 POLITIK:6 TRAGEDI:4 EKONOMI:4 HARTANAH:4 KEWANGAN:4 PRODUK:5 RINGGIT:4 LUAR:5 NEGARA:5 BARAT:4 TENGGARA:4 GAYA:4 AGAMA:4 FESYEN:4 GAJET:4 HIBURAN:4 KELUARGA:4 WANITA:4 KESIHATAN:5 PENDIDIKAN:4 SUKAN:12 BOLA:4 SEPAK:8 BADMINTON:4 LUMBA:12 BASIKAL:4 KERETA:4 TAKRAW:4 SEMUA:5 RENCANA:4 SURAT:4 PEMBACA:4 PILIHAN:4 UTUSAN:4 PANCAINDERA:4 SERI:4 SEORANG:2 IBU:2 ALAT:1 PADA:4 YANG:9 SEDANG:1 MENERIMA:1 RAWATAN:2 HOSPITAL:4 OLEH:1 WARTAWAN:1 DALAM:5 TEMPOH:1 BEBERAPA:1 DEKAD:1 SEJAK:1 DENGAN:3 JUMLAH:3 KES:5 DAN:7 KINI:3 ITU:7 TERUS:3 WALAUPUN:2 MELANCARKAN:2 KEMPEN:4 SECARA:2 BESAR:3 LEBIH:2 SETIAP:1 HARI:2 KEADAAN:2 SEMAKIN:2 BAYI:1 MENGALAMI:1 AKIBAT:2 PENYAKIT:5 KATIL:1 PESAKIT:1 SERTA:2 BUNYI:1 MESIN:1 OKSIGEN:1 SELURUH:1 KETIKA:1 BAPA:1 SISI:1 ANAK:2 MASING:2 BERKATA:2 SEMBILAN:1 BULAN:2 ANTARA:2 BARU:1 LALU:1 MENINGGAL:2 DUNIA:2 KELUAR:1 HADAPAN:1 KAMI:4 DUA:1 INI:2 KEPADA:2 IALAH:1 SANGAT:1 MUDAH:1 MELALUI:1 BATUK:1 BERSIN:1 BOLEH:3 MENYEBABKAN:1 SERIUS:2 TERMASUK:1 OTAK:1 MASALAH:2 UMUR:1 KECIL:1 MEMPUNYAI:1 KIRA:2 JUTA:1 PENDUDUK:1 USAHA:2 BAGI:4 NAMUN:3 ENAM:1 HINGGA:1 LIMA:1 TAHUN:1 DOKTOR:1 RAMAI:1 TIBA:1 SUDAH:1 BERADA:1 KRITIKAL:1 MANAKALA:1 KEKURANGAN:1 MAKANAN:1 DAYA:1 TAHAN:1 TUBUH:1 MEREKA:1 UNTUK:2 MELAWAN:1 VIRUS:1 TURUT:1 KELEMAHAN:1 DARIPADA:1 KHAS:1 PERDANA:2 MENTERI:2 BIDANG:1 SEBAGAI:1 AMAT:1 DAHSYAT:1 SEBELUM:1 KEMAJUAN:1 PROGRAM:1 RAKYAT:2 BEKAS:1 PULA:1 MOGOK:1 PEKERJA:1 KERAJAAN:1 KEMUDIAN:1 TIDAK:1 MAHU:1 TERLEPAS:1 BERITA:1 TUNGGU:1 SEKARANG:1 MASA:1 BEKERJA:1 HAPUS:1 HUTANG:1 JADI:1 TARIK:1 TENTERA:1 TERMA:1 POLISI:1 SENARAI:1 KEDAI:1 AKHBAR:1 HAK:1 CIPTA:1 MULIA:2 SATU:1 LAGI:1
https://www.utusan.com.my/terkini/2026/09/hapus-hutang-jadi-umpan-tarik-belia-as-sertai-tentera/	HAPUS:3 HUTANG:7 JADI:4 TARIK:3 TENTERA:12 MASUK:3 LANGGAN:3 TERKINI:4 NASIONAL:4 JENAYAH:7 KOMUNITI:4 MAHKAMAH:5 POLITIK:4 TRAGEDI:4 EKONOMI:5 HARTANAH:4 KEWANGAN:4 PRODUK:5 RINGGIT:4 LUAR:5 NEGARA:7 BARAT:6 TENGGARA:4 GAYA:4 AGAMA:4 FESYEN:4 GAJET:4 HIBURAN:4 KELUARGA:4 WANITA:4 KESIHATAN:4 PENDIDIKAN:4 SUKAN:12 BOLA:4 SEPAK:8 BADMINTON:4 LUMBA:12 BASIKAL:4 KERETA:4 TAKRAW:4 SEMUA:4 RENCANA:5 SURAT:4 PEMBACA:4 PILIHAN:4 UTUSAN:4 PANCAINDERA:4 SERI:4 PEGAWAI:2 DARAT:4 PADA:4 SISTEM:1 PELURU:1 LOKASI:1 YANG:10 TIDAK:4 OLEH:2 WARTAWAN:1 MUDA:1 SYARIKAT:1 SEBAGAI:3 UNTUK:3 MENARIK:1 MEREKA:3 BAGI:3 KEMUNGKINAN:1 OPERASI:3 TERHADAP:4 CADANGAN:1 ITU:4 ANGKATAN:1 PENDAPAT:1 DALAM:4 AKHBAR:2 PINJAMAN:1 PELAJARAN:1 KAD:1 DAN:11 LIABILITI:1 LAIN:2 RAKYAT:3 SELEPAS:2 SELAMA:1 ATAU:1 BULAN:1 LANGKAH:1 MAMPU:2 ANGGOTA:5 SECARA:4 SUKARELA:1 BESAR:3 BELIAU:1 TURUT:2 PERANG:2 DENGAN:3 AKAN:1 MELALUI:2 SERANGAN:4 UDARA:2 SEMATA:1 MATA:1 PENCEROBOHAN:1 ANTARA:2 HINGGA:1 JUTA:1 JUMLAH:1 JAUH:1 KIRA:2 KINI:1 AKTIF:1 ARTIKEL:2 CARA:1 KEKURANGAN:1 DILANCARKAN:1 KEADAAN:1 PENDEKATAN:1 INI:1 PALING:1 PENTADBIRAN:1 TULIS:1 SAMBIL:1 PENDUDUK:1 MENERIMA:1 RAMAI:1 TANDA:1 MAHU:3 KONFLIK:1 PIHAK:1 KETEGANGAN:2 MELANCARKAN:2 BERSAMA:1 AKHIR:1 ATAS:2 SERTA:2 BEBERAPA:1 ASET:1 MENCAPAI:1 RANGKA:1 KERJA:1 NAMUN:1 KEMBALI:1 SELAT:1 BALIK:1 SELAIN:2 SEJAK:2 LEBIH:2 ORANG:1 MENYEBABKAN:1 KEPADA:1 PERATUS:1 KEMUDAHAN:1 AWAM:1 WILAYAH:1 PERDANA:1 MENTERI:1 ANTARABANGSA:1 MELAKUKAN:1 TERLEPAS:1 KAMI:2 BERITA:1 KONGSI:1 PENGALAMAN:1 ANAK:1 KETIKA:1 PEGUAM:1 KUCHING:1 SIHAT:1 SEKATAN:1 TERMA:1 POLISI:1 SENARAI:1 KEDAI:1 HAK:1 CIPTA:1 MULIA:2 SATU:1 LAGI:1
https://www.utusan.com.my/luar-negara	LUAR:10 NEGARA:7 UTUSAN:5 MASUK:3 LANGGAN:4 TERKINI:4 NASIONAL:4 JENAYAH:4 KOMUNITI:4 MAHKAMAH:4 POLITIK:4 TRAGEDI:7 EKONOMI:6 HARTANAH:4 KEWANGAN:4 PRODUK:4 RINGGIT:4 BARAT:8 TENGGARA:11 GAYA:4 AGAMA:4 FESYEN:4 GAJET:4 HIBURAN:4 KELUARGA:4 WANITA:6 KESIHATAN:5 PENDIDIKAN:4 SUKAN:12 BOLA:4 SEPAK:8 BADMINTON:4 LUMBA:12 BASIKAL:4 KERETA:4 TAKRAW:4 SEMUA:6 RENCANA:4 SURAT:4 PEMBACA:4 PILIHAN:9 PANCAINDERA:4 SERI:4 SELATAN:5 TAWAR:5 KERJASAMA:3 DENGAN:5 BERI:6 AMARAN:4 KEPADA:5 JANGAN:4 SENTUH:3 ISU:4 HAK:4 ASASI:3 SOSIAL:2 HAKIM:3 SEKAT:5 WARGA:3 EJEN:3 MENTERI:3 KETIKA:3 LELAKI:3 GANTUNG:3 DIRI:3 SELEPAS:4 IBU:3 ENGGAN:3 DUIT:3 BELI:3 GANJA:3 SATU:3 WILAYAH:3 TIADA:3 HUJAN:3 HARI:4 AKIBAT:7 LEBIH:4 JUTA:4 AKAUN:3 MAHU:5 JUAL:3 KAPAL:2 SELAT:4 KORBAN:6 FERI:3 MASIH:4 HILANG:6 TAUFAN:5 EMPAT:5 LAGI:6 MULIA:3 AKHBAR:2 KEDAI:3 ANDA:1 SETIAP:1 PAGI:1 SEJAK:2 BILA:1 MEREKA:1 ADA:2 MANDAT:1 KEDUDUKAN:1 RAJA:6 MUFTI:1 PEKERJA:1 TERKEJUT:1 JUMPA:1 BOM:1 LAMA:1 PEGUAM:1 ADAT:1 MOHON:1 MAJLIS:1 TELITI:1 KRISIS:2 NEGERI:4 SEMBILAN:2 KERAJAAN:3 PUSAT:2 TAK:1 BOLEH:1 CAMPUR:1 AWAM:2 TERIMA:2 LAPOR:1 TOLAK:1 RASUAH:1 JEREBU:2 MANA:1 RAKYAT:1 BAGAIMANA:1 CARA:1 VIDEO:1 LESEN:2 LIMA:3 SYARIKAT:2 KERANA:3 KEBAKARAN:3 HUTAN:4 ANAK:4 PULANG:2 UNTUK:4 OTAK:2 SERANGAN:5 MAUT:3 PERATUS:2 PERANG:2 TERBANG:2 GUNA:2 PENTAS:2 SERANG:2 PASUKAN:2 TENTERA:4 TAWAN:2 GUNUNG:4 STRATEGIK:2 LALUAN:2 DARAT:2 DARI:2 JADI:2 BUKA:2 SEMULA:2 PINTU:2 SEMPADAN:4 HALANG:2 PESAKIT:2 RAWATAN:2 ANTARABANGSA:3 KEMASUKAN:2 PELARIAN:1 INDIVIDU:1 LANCAR:1 ORANG:1 DUNIA:2 BESAR:1 SENJATA:1 KIMIA:1 DEDAH:3 TANGAN:1 MURID:1 PEKAK:1 BELAJAR:1 RUMAH:2 DUA:4 TINGKAT:2 KECIL:2 PEMANCING:2 BINA:2 METERAI:2 PERJANJIAN:2 BAHARU:4 TERHADAP:2 DADAH:2 LANGGAR:2 DAKWA:2 GAGAL:2 KAWAL:2 RAYA:3 MAKIN:1 TUTUP:1 BAHASA:1 PARTI:1 KEKAL:1 DIGANGGU:1 SIBER:1 HARGA:1 PETROL:1 HUTANG:1 PARAS:1 GALERI:1 AGUNG:1 PERGERAKAN:1 SAYAP:1 DAN:2 PUTERI:1 GAMBAR:2 TERBAIK:2 SUKMA:2 AKSI:1 BAGI:1 TEMPOH:1 BERITA:1 FIKIR:1 SAMA:1 TELUR:1 MATA:1 HAMPIR:1 KAWASAN:1 DIPOTONG:1 KERAH:1 ANGGOTA:1 PADAM:1 OPERASI:1 PENUMPANG:1 SELURUH:1 TERMA:1 POLISI:1 SENARAI:1 KAMI:1 CIPTA:1
https://www.utusan.com.my/gaya/hiburan/2026/09/melodi-malam-3-0-sal-priadi-raim-laode-gegar-kota-kinabalu/	MALAM:10 SAL:6 KOTA:6 UTUSAN:1 MASUK:3 LANGGAN:5 AGAMA:2 FESYEN:2 GAJET:2 HIBURAN:2 KELUARGA:2 WANITA:2 KESIHATAN:2 PENDIDIKAN:2 TERKINI:2 NASIONAL:2 JENAYAH:2 KOMUNITI:3 MAHKAMAH:2 POLITIK:2 TRAGEDI:2 EKONOMI:2 HARTANAH:2 KEWANGAN:2 PRODUK:3 RINGGIT:2 LUAR:3 NEGARA:2 BARAT:2 TENGGARA:2 SUKAN:6 BOLA:2 SEPAK:4 BADMINTON:2 LUMBA:6 BASIKAL:2 KERETA:2 TAKRAW:2 SEMUA:2 RENCANA:2 SURAT:2 PEMBACA:2 PANCAINDERA:2 SERI:2 AKAUN:2 OLEH:1 KUALA:1 LUMPUR:1 DUA:1 PENYANYI:1 DAN:9 BAKAL:1 SATU:2 PENTAS:1 BUAT:2 NEGERI:1 BAWAH:1 BAYU:1 PRIA:4 YANG:7 PADA:3 DEPAN:1 SEMBANG:2 KARI:2 ITU:4 AKAN:1 PUKUL:2 MENURUT:2 UNTUK:4 PERSEMBAHAN:2 SUDAH:1 LAMA:1 APATAH:1 LAGI:2 SELEPAS:1 SERING:1 MENGENAI:1 HANGAT:1 PEMINAT:7 MUZIK:5 SAYA:4 SENTIASA:2 TIBA:1 SANGAT:1 TERUJA:1 MEREKA:1 BERHARAP:3 KITA:1 DAPAT:3 BERSAMA:2 PENUH:2 EMOSI:2 SERTA:2 KENANGAN:2 INDAH:2 SEMENTARA:1 SEBAGAI:1 TERBAIK:1 MENJADI:1 HATI:1 PERASAAN:1 SETIAP:1 LAGU:1 DIPERSEMBAHKAN:2 NANTI:1 MENCIPTA:1 PENGARAH:1 BERKATA:1 MERUPAKAN:1 USAHA:1 BERKUALITI:1 DARI:1 KEPADA:1 BUKAN:1 SEKADAR:1 TETAPI:1 PENGALAMAN:1 DALAM:1 LEBIH:1 DEKAT:1 MEMPUNYAI:1 BIASA:1 NOSTALGIA:1 PARA:1 BAGI:1 KATEGORI:1 HARGA:1 BOLEH:1 LAMAN:1 TIDAK:1 MAHU:2 TERLEPAS:1 KAMI:2 BERITA:1 MAYAT:1 EMPAT:1 LEMAS:1 PANTAI:1 LOMPAT:1 PETANG:1 MAHA:1 PEMENANG:1 BAWA:1 PULANG:1 KES:1 YAKIN:1 SISTEM:1 KEADILAN:1 TERMA:1 POLISI:1 SENARAI:1 KEDAI:1 AKHBAR:1 HAK:1 CIPTA:1 MULIA:2
https://www.utusan.com.my/nasional/2026/09/rapat-itu-tidak-semestinya-boleh-jadi-bridesmaid-saya-mereka-pun-sibuk-dengan-komitmen-lain-bella-astillah/	RAPAT:6 ITU:11 TIDAK:9 BOLEH:4 JADI:10 SAYA:3 MEREKA:5 PUN:8 SIBUK:5 DENGAN:8 LAIN:9 UTUSAN:1 MASUK:3 LANGGAN:5 AGAMA:2 FESYEN:2 GAJET:2 HIBURAN:3 KELUARGA:2 WANITA:3 KESIHATAN:2 PENDIDIKAN:2 TERKINI:2 NASIONAL:2 JENAYAH:2 KOMUNITI:2 MAHKAMAH:2 POLITIK:2 TRAGEDI:2 EKONOMI:2 HARTANAH:2 KEWANGAN:2 PRODUK:3 RINGGIT:2 LUAR:2 NEGARA:2 BARAT:2 TENGGARA:2 SUKAN:6 BOLA:2 SEPAK:4 BADMINTON:2 LUMBA:6 BASIKAL:2 KERETA:2 TAKRAW:2 SEMUA:5 RENCANA:2 SURAT:2 PEMBACA:2 PANCAINDERA:2 SERI:2 AKAUN:2 OLEH:1 PELAKON:2 DAN:5 PENYANYI:1 MENJELASKAN:1 TIADA:1 SIAPA:2 YANG:15 HATI:2 PEMILIHAN:2 PEREMPUAN:7 ATAU:2 BAGI:2 KERANA:4 MASING:8 SUDAH:4 ADA:12 KERJA:3 DAYANG:1 ARA:1 AWANG:1 BERKATA:2 DIA:5 BEBERAPA:1 RAKAN:6 UNTUK:3 MENJADI:2 TETAPI:1 ANTARA:2 DAPAT:5 PADA:7 HARI:3 NANTI:1 SEBENARNYA:2 TAPI:5 TAK:7 NAK:5 BUAT:1 PERKARA:4 INI:6 ORANG:6 NAMPAK:1 DATANG:2 HANYA:2 WAKTU:1 MAJLIS:2 DEMIKIAN:1 KETIKA:1 SIDANG:1 KATA:1 RADIO:1 PAGI:1 HUBUNGAN:1 SESEORANG:1 WAJIB:2 KAWAN:2 MEMANG:4 SAMPAI:1 KITA:6 LUPA:1 TANGGUNGJAWAB:1 HORMAT:1 SAHAJA:1 SEKARANG:2 BAIK:1 INDIVIDU:2 TAHU:1 SEMUANYA:1 JEMPUT:1 SEBAB:3 KEHIDUPAN:2 DALAM:2 TERKEJUT:2 APABILA:1 BUKAN:1 BERDASARKAN:1 SEMATA:1 BILA:3 RASA:2 MACAM:4 KEPADA:2 KAHWIN:2 KENA:1 CAKAP:1 JUGA:2 ADIK:1 SENDIRI:1 PERNAH:1 ATAS:1 JADUAL:1 PIHAK:1 TERASA:1 BERLAKU:1 SATU:3 SAMA:1 ALHAMDULILLAH:1 USIA:1 CARI:1 REZEKI:1 DAH:2 ADALAH:1 ISTILAH:1 PERCAYA:1 LEBIH:1 TENGOK:1 BAHAGIA:1 ALASAN:1 SEMBILAN:1 BAKAL:1 SEBAGAI:1 MAHU:1 TERLEPAS:1 KAMI:2 BERITA:1 TUKANG:1 URUT:1 MAUT:1 JATUH:1 TINGKAT:1 EMPAT:1 SEKAT:1 LOKASI:1 PERANTI:1 TENTERA:1 KEPERLUAN:1 PAS:1 TERMA:1 POLISI:1 SENARAI:1 KEDAI:1 AKHBAR:1 HAK:1 CIPTA:1 MULIA:2 LAGI:1
https://www.utusan.com.my/nasional/2026/09/tiada-isu-dengan-penulis-novel-sophilea-pertikaian-selesai-ayu-puteh/	TIADA:3 ISU:5 DENGAN:6 PENULIS:6 SELESAI:6 AYU:7 PUTEH:5 UTUSAN:2 MASUK:3 LANGGAN:5 AGAMA:2 FESYEN:2 GAJET:2 HIBURAN:3 KELUARGA:2 WANITA:2 KESIHATAN:2 PENDIDIKAN:2 TERKINI:2 NASIONAL:2 JENAYAH:2 KOMUNITI:2 MAHKAMAH:3 POLITIK:2 TRAGEDI:2 EKONOMI:3 HARTANAH:2 KEWANGAN:3 PRODUK:3 RINGGIT:2 LUAR:2 NEGARA:2 BARAT:2 TENGGARA:2 SUKAN:6 BOLA:2 SEPAK:4 BADMINTON:2 LUMBA:6 BASIKAL:2 KERETA:2 TAKRAW:2 SEMUA:4 RENCANA:2 SURAT:2 PEMBACA:2 PANCAINDERA:2 SERI:2 AKAUN:2 DATUK:2 OLEH:1 KUALA:1 LUMPUR:1 PEMILIK:1 PENCIL:1 TIDAK:8 TIMBUL:1 ATAU:6 ANTARA:3 HANYA:1 UNTUK:5 DIA:1 DALAM:2 KENYATAAN:5 SEGALA:4 DAN:7 OBLIGASI:1 KEPADA:1 PIHAK:14 KERJA:2 YANG:8 TELAH:1 ITU:1 KAMI:11 SEBARANG:4 BOLEH:2 MENGENAI:1 KEGAGALAN:1 MEMANDANG:1 SERIUS:1 BENAR:1 NAMA:1 BAIK:1 SERTA:2 AKAN:1 AGAK:1 TINDAKAN:2 TERHADAP:1 MANA:4 MASA:1 SAMA:1 PERKARA:3 MENGANGGAP:2 JUGA:1 INGIN:1 BAHAWA:1 HAK:3 SISI:1 ADALAH:1 INI:4 TERMASUK:1 PERLU:1 BERHARAP:2 DAPAT:1 KEDUDUKAN:1 MEMBUAT:1 KEKELIRUAN:1 SEBAGAI:1 LAGI:2 SOSIAL:1 MAHU:1 TERLEPAS:1 BERITA:1 KLINIK:1 TAHUN:1 PRESTASI:1 SETIAP:1 PENGERUSI:1 NEGERI:1 CADANGAN:1 PINDAH:1 LOKASI:1 LIMA:1 TERMA:1 POLISI:1 SENARAI:1 KEDAI:1 AKHBAR:1 CIPTA:1 MULIA:2 SATU:1
https://www.utusan.com.my/nasional/2026/09/pistol-dipegang-adam-corrie-terkena-kening-saya-selepas-babak-letupan-pyro-niezam-zaidi/	PISTOL:7 DIPEGANG:4 KENING:6 SAYA:14 SELEPAS:6 BABAK:9 LETUPAN:6 UTUSAN:2 MASUK:3 LANGGAN:5 AGAMA:2 FESYEN:2 GAJET:2 HIBURAN:2 KELUARGA:2 WANITA:2 KESIHATAN:2 PENDIDIKAN:2 TERKINI:2 NASIONAL:2 JENAYAH:2 KOMUNITI:2 MAHKAMAH:2 POLITIK:2 TRAGEDI:2 EKONOMI:2 HARTANAH:2 KEWANGAN:2 PRODUK:3 RINGGIT:2 LUAR:2 NEGARA:2 BARAT:2 TENGGARA:2 SUKAN:6 BOLA:2 SEPAK:4 BADMINTON:2 LUMBA:6 BASIKAL:2 KERETA:2 TAKRAW:2 SEMUA:5 RENCANA:2 SURAT:2 PEMBACA:2 PANCAINDERA:2 SERI:2 AKAUN:2 OLEH:2 PELATIH:1 KUALA:1 LUMPUR:1 PELAKON:2 DIA:4 MENGALAMI:2 BAHAGIAN:1 SEPUCUK:1 YANG:9 TIDAK:6 TERLEPAS:3 DARIPADA:1 TANGAN:1 KETIKA:4 MENJALANI:2 DALAM:3 FILEM:2 ORANG:5 PERANG:2 ATAU:1 BERKATA:2 INSIDEN:1 ITU:8 BERLAKU:3 APABILA:2 SEBELUM:2 SEBAGAI:1 DAN:5 MENGENAI:1 SEHINGGA:2 KOYAK:1 LALU:1 MULA:2 INGAT:1 PELUH:1 TETAPI:3 DARAH:1 SURUH:2 HOSPITAL:3 MAHU:4 DEMIKIAN:1 PADA:2 SIDANG:1 POSTER:1 RUNUT:1 BUNYI:1 SINI:1 SEMALAM:1 TAMBAH:1 PASUKAN:2 PERUBATAN:2 SITU:1 PERGI:3 KITA:1 ADA:2 TAPI:1 CUMA:2 SAPU:1 UBAT:1 GAMAT:1 SAHAJA:1 MEREKA:2 JUGA:1 SIAP:1 BAWA:1 UNTUK:2 KALAU:2 AKAN:1 TENAGA:1 SEMANGAT:1 LOKASI:1 TURUT:1 SEORANG:1 LAGI:2 PINGGAN:2 MENJADI:1 MERAH:3 KAMI:3 SEDANG:1 BUAT:2 TIBA:2 MATA:3 TERUS:1 JADI:1 SECARA:1 LANGSUNG:1 MEMBERI:1 KESAN:1 DENGAN:1 WATAK:2 MEMANG:1 KELIHATAN:1 MUNGKIN:1 MAKAN:1 NAK:1 BILA:1 TENGOK:1 HASIL:1 RAKAMAN:1 MACAM:1 HIKMAH:1 APA:1 BERITA:1 PAS:1 JANGAN:2 PILIHAN:1 RAYA:1 BINCANG:2 KESELAMATAN:1 SELATAN:1 BURU:1 KERUSI:1 TERMA:1 POLISI:1 SENARAI:1 KEDAI:1 AKHBAR:1 HAK:1 CIPTA:1 MULIA:2 SATU:1
https://www.utusan.com.my/category/galeri/	GALERI:20 UTUSAN:5 MASUK:3 LANGGAN:3 TERKINI:4 NASIONAL:4 JENAYAH:4 KOMUNITI:4 MAHKAMAH:4 POLITIK:4 TRAGEDI:4 EKONOMI:4 HARTANAH:4 KEWANGAN:4 PRODUK:5 RINGGIT:4 LUAR:4 NEGARA:4 BARAT:4 TENGGARA:4 GAYA:4 AGAMA:4 FESYEN:4 GAJET:4 HIBURAN:4 KELUARGA:4 WANITA:4 KESIHATAN:4 PENDIDIKAN:4 SUKAN:13 BOLA:4 SEPAK:9 BADMINTON:4 LUMBA:12 BASIKAL:4 KERETA:4 TAKRAW:6 SEMUA:4 RENCANA:4 SURAT:4 PEMBACA:4 PILIHAN:7 PANCAINDERA:4 SERI:4 GAMBAR:3 TERBAIK:3 SUKMA:2 AKSI:3 JEREBU:1 BAGI:1 TEMPOH:1 LIMA:1 HARI:3 LAGI:2 RAYA:4 NEGERI:3 SEMBILAN:1 PERANG:1 POSTER:1 AKHIR:1 KEMPEN:1 SAMPAH:1 PULAU:1 SIPUT:1 MAKANAN:1 RINGAN:1 YANG:2 CUKUP:1 DENGAN:1 AWAL:1 INI:2 PENGUNDI:1 PADA:1 MINGGU:1 PASUKAN:1 MASIH:1 JUARA:1 PIALA:3 DUNIA:2 KEJOHANAN:1 KEJAYAAN:1 KEPUTUSAN:1 KETIKA:1 BULAN:1 SESI:1 TERMA:1 DAN:1 POLISI:1 SENARAI:1 KEDAI:1 AKHBAR:1 KAMI:1 HAK:1 CIPTA:1 MULIA:2 SATU:1
https://www.utusan.com.my/galeri/2026/08/kompilasi-gambar-terbaik-sukma-2026/	GAMBAR:2 TERBAIK:2 SUKMA:12 UTUSAN:15 MASUK:3 LANGGAN:3 TERKINI:4 NASIONAL:4 JENAYAH:4 KOMUNITI:4 MAHKAMAH:5 POLITIK:4 TRAGEDI:4 EKONOMI:4 HARTANAH:4 KEWANGAN:4 PRODUK:5 RINGGIT:4 LUAR:4 NEGARA:4 BARAT:4 TENGGARA:4 GAYA:4 AGAMA:4 FESYEN:4 GAJET:4 HIBURAN:4 KELUARGA:4 WANITA:8 KESIHATAN:4 PENDIDIKAN:4 SUKAN:24 BOLA:4 SEPAK:8 BADMINTON:4 LUMBA:12 BASIKAL:4 KERETA:4 TAKRAW:4 SEMUA:4 RENCANA:4 SURAT:4 PEMBACA:4 PILIHAN:4 PANCAINDERA:4 SERI:4 DARIPADA:4 MELAKUKAN:1 KETIKA:1 BERAKSI:6 DALAM:6 ACARA:7 LELAKI:5 AKHIR:8 PADA:11 ZON:3 OLEH:1 ASWAD:1 DAN:3 DARI:3 PASUKAN:1 PULAU:2 PINANG:2 BERJAYA:1 PINGAT:3 EMAS:3 STADIUM:2 PEMENANG:1 TERJUN:3 METER:3 NUR:3 PUSAT:4 SINI:1 HARI:2 INI:1 LOMPAT:1 GALAH:1 TERSEBUT:1 DENGAN:1 CATATAN:1 KOMPLEKS:2 RENANG:1 INDIVIDU:1 ATAS:1 WILAYAH:1 PERSEKUTUAN:1 SEBELUM:1 SILAT:1 KATEGORI:1 PUTERI:1 KELAS:1 PERAK:1 PERLAWANAN:1 TENIS:1 JAYA:1 TIDAK:1 MAHU:2 TERLEPAS:1 KAMI:2 BERITA:1 BUAH:1 PINGGANG:1 BABI:1 TUBUH:1 PESAKIT:1 TOLAK:1 DARURAT:1 ABU:1 PAS:1 EMPAT:1 KERUSI:1 TERMA:1 POLISI:1 SENARAI:1 KEDAI:1 AKHBAR:1 HAK:1 CIPTA:1 MULIA:2 SATU:1 LAGI:1
https://www.utusan.com.my/galeri/2026/08/aksi-terbaik-di-sukma-2026/	AKSI:2 TERBAIK:2 SUKMA:10 UTUSAN:13 MASUK:3 LANGGAN:3 TERKINI:4 NASIONAL:4 JENAYAH:4 KOMUNITI:4 MAHKAMAH:5 POLITIK:4 TRAGEDI:4 EKONOMI:4 HARTANAH:4 KEWANGAN:4 PRODUK:5 RINGGIT:4 LUAR:4 NEGARA:4 BARAT:4 TENGGARA:4 GAYA:4 AGAMA:4 FESYEN:4 GAJET:4 HIBURAN:4 KELUARGA:4 WANITA:7 KESIHATAN:4 PENDIDIKAN:4 SUKAN:20 BOLA:4 SEPAK:8 BADMINTON:4 LUMBA:12 BASIKAL:4 KERETA:4 TAKRAW:4 SEMUA:4 RENCANA:4 SURAT:4 PEMBACA:4 PILIHAN:4 PANCAINDERA:4 SERI:4 BERJAYA:2 PINGAT:3 EMAS:2 DALAM:9 ACARA:8 LELAKI:5 AKHIR:5 PADA:8 STADIUM:4 OLEH:1 ASWAD:2 SEBAHAGIAN:1 MELAKUKAN:2 DARI:4 ZON:2 ATLET:3 HANYA:1 PERAK:2 BERAT:2 KATEGORI:1 DEWAN:2 CEMPAKA:1 KAJANG:1 MEMBUAT:1 KANAN:1 SEKALI:1 TEMPAT:1 PERTAMA:1 KETIKA:2 BERAKSI:1 LARI:2 PECUT:2 ANGKATAN:1 ANGKAT:1 TIDAK:2 MAHU:2 TERLEPAS:1 KAMI:2 BERITA:1 BUAH:1 PINGGANG:1 BABI:1 HARI:1 TUBUH:1 PESAKIT:1 TOLAK:1 DARURAT:1 ABU:1 PAS:1 EMPAT:1 KERUSI:1 TERMA:1 DAN:1 POLISI:1 SENARAI:1 KEDAI:1 AKHBAR:1 HAK:1 CIPTA:1 MULIA:2 SATU:1 LAGI:1
https://www.utusan.com.my/galeri/2026/08/fenomena-jerebu-dijangka-berterusan-bagi-tempoh-lima-hari-lagi/	JEREBU:6 BAGI:2 TEMPOH:2 LIMA:2 HARI:7 LAGI:3 UTUSAN:10 MASUK:3 LANGGAN:3 TERKINI:4 NASIONAL:4 JENAYAH:4 KOMUNITI:4 MAHKAMAH:5 POLITIK:4 TRAGEDI:4 EKONOMI:4 HARTANAH:4 KEWANGAN:4 PRODUK:5 RINGGIT:4 LUAR:5 NEGARA:5 BARAT:4 TENGGARA:4 GAYA:4 AGAMA:4 FESYEN:4 GAJET:4 HIBURAN:4 KELUARGA:4 WANITA:4 KESIHATAN:4 PENDIDIKAN:4 SUKAN:12 BOLA:4 SEPAK:8 BADMINTON:4 LUMBA:12 BASIKAL:4 KERETA:4 TAKRAW:4 SEMUA:4 RENCANA:4 SURAT:4 PEMBACA:4 PILIHAN:4 PANCAINDERA:4 SERI:4 ISTANA:1 INI:2 KETIKA:1 PELANCONG:1 PENCEMARAN:2 UDARA:4 KINI:2 KURANG:1 BAIK:1 LEMBAH:2 DAN:5 OLEH:1 ASWAD:1 DALAM:3 STESEN:1 SUBANG:1 ZON:1 RUANG:1 KAWASAN:1 DENGAN:1 BERADA:1 PADA:1 TIDAK:4 SIHAT:3 PIHAK:1 ORANG:1 RAMAI:1 SUPAYA:1 AKTIVITI:1 FIZIKAL:1 JAMBATAN:1 SULTAN:1 KELIHATAN:1 SAMAR:1 DARI:1 BAYAN:2 LEPAS:2 AKIBAT:2 PEMANTAUAN:2 JAM:1 TENGAH:2 BACAAN:1 MANAKALA:2 SEBERANG:4 JAYA:2 BALIK:2 PULAU:4 LAPANGAN:1 TERBANG:1 ANTARABANGSA:1 PINANG:2 KEADAAN:1 ATMOSFERA:1 KABUR:1 SETAKAT:1 KEKAL:1 SEDERHANA:1 MAHU:2 TERLEPAS:1 KAMI:2 BERITA:1 BUAH:1 PINGGANG:1 BABI:1 TUBUH:1 PESAKIT:1 TOLAK:1 DARURAT:1 ABU:1 PAS:1 EMPAT:1 KERUSI:1 TERMA:1 POLISI:1 SENARAI:1 KEDAI:1 AKHBAR:1 HAK:1 CIPTA:1 MULIA:2 SATU:1
https://www.utusan.com.my/galeri/2026/08/kompilasi-gambar-suasana-pilihan-raya-negeri-sembilan/	GAMBAR:2 PILIHAN:12 RAYA:8 NEGERI:12 SEMBILAN:7 UTUSAN:10 MASUK:3 LANGGAN:3 TERKINI:4 NASIONAL:4 JENAYAH:4 KOMUNITI:4 MAHKAMAH:5 POLITIK:4 TRAGEDI:4 EKONOMI:4 HARTANAH:4 KEWANGAN:4 PRODUK:5 RINGGIT:4 LUAR:4 NEGARA:4 BARAT:4 TENGGARA:4 GAYA:4 AGAMA:4 FESYEN:4 GAJET:4 HIBURAN:4 KELUARGA:5 WANITA:4 KESIHATAN:4 PENDIDIKAN:4 SUKAN:12 BOLA:4 SEPAK:8 BADMINTON:4 LUMBA:12 BASIKAL:4 KERETA:4 TAKRAW:4 SEMUA:4 RENCANA:4 SURAT:4 PEMBACA:4 PANCAINDERA:4 SERI:4 PENGUNDI:6 NUR:1 KIRI:1 BERSAMA:1 SELEPAS:1 TANGGUNGJAWAB:4 PADA:5 RAJA:3 OLEH:1 ASWAD:1 KETIKA:2 SURUHANJAYA:1 KAD:1 SISTEM:1 AKSARA:1 OPTIK:1 BAGI:1 KEHADIRAN:1 YANG:1 KELUAR:1 TIDAK:1 MAHU:2 TERLEPAS:1 KAMI:2 BERITA:1 BUAH:1 PINGGANG:1 BABI:1 HARI:1 DALAM:1 TUBUH:1 PESAKIT:1 TOLAK:1 DARURAT:1 ABU:1 PAS:1 EMPAT:1 KERUSI:1 TERMA:1 DAN:1 POLISI:1 SENARAI:1 KEDAI:1 AKHBAR:1 HAK:1 CIPTA:1 MULIA:2 SATU:1 LAGI:1
https://www.utusan.com.my/galeri/2026/07/perang-poster-menjelang-akhir-kempen-pilihan-raya/	PERANG:2 POSTER:2 AKHIR:2 KEMPEN:4 PILIHAN:11 RAYA:7 UTUSAN:10 MASUK:3 LANGGAN:3 TERKINI:4 NASIONAL:5 JENAYAH:4 KOMUNITI:4 MAHKAMAH:5 POLITIK:4 TRAGEDI:4 EKONOMI:4 HARTANAH:4 KEWANGAN:4 PRODUK:5 RINGGIT:4 LUAR:4 NEGARA:4 BARAT:4 TENGGARA:4 GAYA:4 AGAMA:4 FESYEN:4 GAJET:4 HIBURAN:4 KELUARGA:4 WANITA:4 KESIHATAN:4 PENDIDIKAN:4 SUKAN:12 BOLA:4 SEPAK:8 BADMINTON:4 LUMBA:12 BASIKAL:5 KERETA:4 TAKRAW:4 SEMUA:4 RENCANA:4 SURAT:4 PEMBACA:4 PANCAINDERA:4 SERI:4 PENDUDUK:1 KAMPUNG:2 MENUNGGANG:1 MOTOSIKAL:1 BENDERA:6 PARTI:4 SAMBIL:1 WAKTU:1 PETANG:1 KAWASAN:2 JELAPANG:1 PADI:1 KETIKA:1 BUDAYA:1 PADA:2 NEGERI:10 SEMBILAN:5 OLEH:1 ASWAD:1 KELIHATAN:1 SEPANJANG:1 PEKAN:1 LUKUT:1 DENGAN:1 YANG:3 GERGASI:1 BARISAN:1 DIPASANG:1 UNTUK:1 MENARIK:1 PENGUNDI:1 BAGI:2 JALAN:1 TIDAK:1 MAHU:2 TERLEPAS:1 KAMI:2 BERITA:1 BUAH:1 PINGGANG:1 BABI:1 HARI:1 DALAM:1 TUBUH:1 PESAKIT:1 TOLAK:1 DARURAT:1 ABU:1 PAS:1 EMPAT:1 KERUSI:1 TERMA:1 DAN:1 POLISI:1 SENARAI:1 KEDAI:1 AKHBAR:1 HAK:1 CIPTA:1 MULIA:2 SATU:1 LAGI:1
https://www.utusan.com.my/rencana/forum/2026/09/perdamaian-melalui-sulh/	MELALUI:9 MASUK:3 LANGGAN:5 SURAT:2 PEMBACA:2 TERKINI:2 NASIONAL:2 JENAYAH:2 KOMUNITI:2 MAHKAMAH:8 POLITIK:2 EKONOMI:2 HARTANAH:2 KEWANGAN:2 PRODUK:3 RINGGIT:2 LUAR:2 NEGARA:2 BARAT:2 TENGGARA:2 GAYA:2 AGAMA:2 FESYEN:2 GAJET:2 HIBURAN:2 KELUARGA:3 WANITA:2 KESIHATAN:2 SUKAN:6 BOLA:2 SEPAK:4 BADMINTON:2 LUMBA:6 BASIKAL:2 KERETA:2 TAKRAW:2 PANCAINDERA:2 SERI:2 AKAUN:2 PUSAT:3 WILAYAH:5 PERSEKUTUAN:4 USAHA:4 PENYELESAIAN:6 SECARA:5 PRINSIP:4 OLEH:1 MEJA:1 RENCANA:1 DALAM:7 MENYELESAIKAN:1 KONFLIK:4 RUMAH:2 TANGGA:2 SEPERTI:2 NAFKAH:3 HAK:5 PENJAGAAN:3 ANAK:7 DAN:10 HARTA:2 TANGGUNGJAWAB:1 TERSEBUT:2 PERLU:2 KEADILAN:4 SURAH:2 AYAT:2 YANG:10 KAMU:3 SUPAYA:1 SEGALA:1 JENIS:1 KEPADA:7 APABILA:1 HUKUM:2 ANTARA:1 MANUSIA:2 DENGAN:2 ADIL:2 KONTEKS:1 HAKIM:2 FAKTA:1 SERTA:5 KETERANGAN:1 PIHAK:13 SAKSAMA:1 BERDASARKAN:1 PERUNTUKAN:1 TURUT:4 IHSAN:1 BERLAKU:1 BERBUAT:1 KEBAIKAN:1 NAMUN:1 KEPUTUSAN:2 TIDAK:5 SEMUA:1 BUKAN:1 HANYA:1 SIAPA:1 MENANG:2 ATAU:2 KALAH:2 TETAPI:1 BAGAIMANA:1 DAPAT:1 TANPA:4 MENAMBAHKAN:1 HUBUNGAN:1 MEMPUNYAI:1 SEBAGAI:2 INI:3 MEMBERI:3 BEBERAPA:1 PENDEKATAN:2 TERMASUK:2 KHIDMAT:1 NASIHAT:1 SEBELUM:1 PERKAHWINAN:1 BAWAH:2 SEKSYEN:2 AKTA:1 BOLEH:5 JAWATANKUASA:1 JIKA:2 GAGAL:1 KES:2 SELEPAS:2 JUGA:2 PEGAWAI:1 MEMBANTU:1 PASTI:1 ISU:2 MENCARI:2 SUKARELA:2 TERMA:2 AKAN:1 PERINTAH:1 MENGIKAT:1 KEDUA:2 DUA:2 SEBALIKNYA:1 TIADA:1 MENERIMA:1 BAGI:1 MENCAPAI:1 PANJANG:1 MENAMBAH:1 EMOSI:1 BERGANTUNG:1 PADA:1 UNTUK:2 PANDANGAN:1 JALAN:1 KELUAR:1 SALING:1 RUANG:1 SENDIRI:1 KEADAAN:2 MEREKA:1 MEMBERIKAN:2 MERUPAKAN:1 SATU:2 BENTUK:1 KEPERLUAN:1 SETIAP:2 DIBERI:1 PERHATIAN:1 SERING:1 MENJADI:1 MANGSA:1 LANGSUNG:1 IBU:2 BAPA:2 HADIR:1 TERTENTU:1 MAMPU:1 KETENANGAN:1 MENERUSKAN:1 KEHIDUPAN:1 UTUSAN:1 PENSYARAH:1 UNIVERSITI:1 ANTARABANGSA:1 MAHU:1 TERLEPAS:1 KAMI:2 BERITA:1 BULAN:1 JADI:1 MESIN:1 TUGAS:1 SUKAR:1 MERDEKA:1 DARIPADA:1 PENJAJAHAN:1 SAMPAH:1 POLISI:1 SENARAI:1 KEDAI:1 AKHBAR:1 CIPTA:1 MULIA:2 LAGI:1
https://www.utusan.com.my/rencana/forum/2026/09/merdeka-daripada-penjajahan-sampah/	MERDEKA:5 DARIPADA:7 PENJAJAHAN:7 SAMPAH:7 MASUK:3 LANGGAN:5 SURAT:2 PEMBACA:2 TERKINI:2 NASIONAL:2 JENAYAH:2 KOMUNITI:3 MAHKAMAH:2 POLITIK:2 EKONOMI:2 HARTANAH:2 KEWANGAN:2 PRODUK:3 RINGGIT:2 LUAR:3 NEGARA:3 BARAT:2 TENGGARA:2 GAYA:2 AGAMA:2 FESYEN:2 GAJET:2 HIBURAN:2 KELUARGA:2 WANITA:2 KESIHATAN:2 SUKAN:6 BOLA:2 SEPAK:4 BADMINTON:2 LUMBA:6 BASIKAL:2 KERETA:2 TAKRAW:2 PANCAINDERA:2 SERI:2 AKAUN:2 SEBAHAGIAN:2 MASYARAKAT:2 MULA:2 MENGANGGAP:4 SEBAGAI:5 PERKARA:3 BIASA:3 OLEH:1 MEJA:1 RENCANA:1 KINI:1 KITA:4 SATU:2 BENTUK:2 BAHARU:1 YANG:7 TIDAK:5 SENJATA:1 ATAU:3 SEMPADAN:1 WILAYAH:1 INI:1 HADIR:1 SECARA:2 SENYAP:1 MELALUI:2 BUDAYA:2 PENGGUNAAN:1 SEKALI:2 GUNA:4 PEMBAZIRAN:1 PENCEMARAN:1 SERTA:3 SAMBIL:1 TERHADAP:2 PERSEKITARAN:1 SEBATANG:1 PENYEDUT:1 MINUMAN:1 MAKANAN:3 BOTOL:1 AIR:3 BEG:2 MUNGKIN:2 KELIHATAN:2 KECIL:2 NAMUN:2 APABILA:1 MANUSIA:1 SAMA:2 KESAN:1 SISA:4 MENJADI:3 BESAR:2 KEPADA:5 ALAM:2 LEBIH:2 ADA:2 BEKAS:2 SELEPAS:1 PROGRAM:1 KERANA:1 TUGAS:1 MEMBERSIHKAN:1 KAWASAN:3 TERLETAK:1 PADA:2 PEKERJA:2 PULA:2 DALAM:1 LONGKANG:1 DENGAN:1 ALASAN:1 AKAN:1 HUJAN:1 MINDA:1 MERUPAKAN:2 PALING:1 SUKAR:1 UNTUK:2 PERLU:4 DAN:6 BUANG:1 IALAH:2 TANGGUNGJAWAB:2 SEMATA:1 MATA:1 SENTIASA:1 TINDAKAN:3 SEMULA:1 SENDIRI:2 AWAM:3 JIKA:1 MAMPU:1 BARU:1 BULAN:1 KEBANGSAAN:1 TITIK:1 SELAIN:1 JALUR:2 GEMILANG:2 KESEDARAN:1 LANGKAH:1 PERTAMA:1 SETIAP:1 INDIVIDU:1 SEPERTI:1 TAMAN:1 SUNGAI:1 PANTAI:1 TEMPAT:2 REKREASI:1 RUANG:2 MILIK:1 BERSAMA:1 PENDIDIKAN:2 MENGENAI:1 PENGURUSAN:1 JUGA:1 HARUS:1 SEJAK:1 BANGKU:1 SEKOLAH:1 KEMUDIAN:1 PENGAJIAN:1 KERJA:1 MASA:1 MEREKA:1 SUPAYA:1 KEBEBASAN:1 LESEN:1 MELAKUKAN:1 APA:1 SAHAJA:1 CINTA:1 BUKAN:2 SEKADAR:1 SLOGAN:1 BERSIH:1 LESTARI:1 DAPAT:1 GENERASI:1 HANYA:1 BEBAS:2 TETAPI:1 TURUT:1 TANAH:1 UTUSAN:1 PROFESOR:1 UNIVERSITI:1 MAHU:1 TERLEPAS:1 KAMI:2 BERITA:1 HALAL:1 VIDEO:1 TULAR:1 BAKAL:1 AMBIL:1 PERPADUAN:1 JANGAN:1 TERMA:1 POLISI:1 SENARAI:1 KEDAI:1 AKHBAR:1 HAK:1 CIPTA:1 MULIA:2 LAGI:1
https://www.utusan.com.my/rencana/forum/2026/09/bersediakah-malaysia-untuk-pensijilan-halal-mandatori/	UNTUK:5 HALAL:18 MASUK:3 LANGGAN:5 SURAT:2 PEMBACA:2 TERKINI:2 NASIONAL:2 JENAYAH:2 KOMUNITI:2 MAHKAMAH:2 POLITIK:2 EKONOMI:4 HARTANAH:2 KEWANGAN:2 PRODUK:11 RINGGIT:2 LUAR:2 NEGARA:6 BARAT:2 TENGGARA:2 GAYA:2 AGAMA:4 FESYEN:2 GAJET:2 HIBURAN:2 KELUARGA:2 WANITA:2 KESIHATAN:2 SUKAN:6 BOLA:2 SEPAK:4 BADMINTON:2 LUMBA:6 BASIKAL:2 KERETA:2 TAKRAW:2 PANCAINDERA:2 SERI:2 AKAUN:2 DIWAJIBKAN:2 KEPADA:5 PERUSAHAAN:4 MIKRO:3 KECIL:2 DAN:13 SEDERHANA:2 SERTA:9 SYARIKAT:3 BESAR:3 OLEH:1 MEJA:1 RENCANA:1 SERING:1 SEBAGAI:5 ISU:1 KEPERLUAN:2 PENGGUNA:8 NAMUN:2 DALAM:4 SEKTOR:1 MAKANAN:4 YANG:6 SEMAKIN:2 KOMPLEKS:2 KONSEP:2 MEMPUNYAI:3 LEBIH:4 LUAS:2 TERMASUK:2 KUALITI:2 KESELAMATAN:2 BEKALAN:4 KEYAKINAN:3 INI:2 RELEVAN:1 APABILA:1 ARAH:1 KEWAJIPAN:3 SECARA:2 MULAI:1 PERLU:4 SELEPAS:1 MELALUI:3 TEMPOH:2 TERSEBUT:3 BUKAN:4 PENDEKATAN:3 TETAPI:2 HALA:1 TUJU:1 SISTEM:3 PADA:3 MASA:2 MASIH:1 SUKARELA:2 JABATAN:1 KEMAJUAN:1 TURUT:1 MENJELASKAN:1 TIADA:1 UMUM:1 MEWAJIBKAN:1 SEMUA:1 WALAU:1 KERAJAAN:1 KERANA:2 MAMPU:3 MEMBERIKAN:1 TAMBAH:1 PASARAN:3 DIFAHAMI:1 BAHAWA:1 TANPA:2 TIDAK:4 HARAM:1 MERUPAKAN:1 RASMI:2 MENGESAHKAN:1 PENGELUARAN:3 JUGA:3 BAGI:1 PERKHIDMATAN:1 TENTANG:1 MANA:1 SENDIRI:2 SESUATU:1 MODEN:1 MUNGKIN:1 PERISA:1 ATAU:3 DARI:1 PELBAGAI:1 SUKAR:1 MENGETAHUI:1 SUMBER:1 KAEDAH:1 SEKADAR:1 PENGGUNAAN:1 MENTAH:1 KAWALAN:1 PENCEMARAN:1 PERSEDIAAN:1 BOLEH:5 MENYEBABKAN:1 KOS:1 OPERASI:1 SAMA:1 MANFAAT:1 DAPAT:1 DAYA:1 ANTARABANGSA:1 DENGAN:4 SEBAHAGIAN:2 DARIPADA:3 PENGURUSAN:2 MODEL:1 STRUKTUR:1 SAIZ:1 PENTADBIRAN:1 KEDUA:1 DUA:1 BERBEZA:1 SEBALIKNYA:1 PENDIDIKAN:1 KAPASITI:1 DIIKUTI:1 SEBELUM:1 RISIKO:1 KRITIKAL:1 MENJALANI:1 KETAT:1 MANAKALA:1 RENDAH:1 MUDAH:1 SUDAH:1 TIBA:1 INFRASTRUKTUR:1 SEMATA:1 MATA:1 JELAS:1 JIKA:1 BAIK:1 LANGKAH:1 SAHAJA:1 MALAH:1 INTEGRITI:1 KEDUDUKAN:1 UTUSAN:1 PENSYARAH:1 KANAN:1 PUSAT:1 PENGAJIAN:1 TEKNOLOGI:1 UNIVERSITI:1 UTARA:1 MAHU:1 TERLEPAS:1 KAMI:2 BERITA:1 MERDEKA:1 PENJAJAHAN:1 SAMPAH:1 VIDEO:1 TULAR:1 BAKAL:1 AMBIL:1 TINDAKAN:1 PERPADUAN:1 JANGAN:1 TERMA:1 POLISI:1 SENARAI:1 KEDAI:1 AKHBAR:1 HAK:1 CIPTA:1 MULIA:2 SATU:1 LAGI:1
https://www.utusan.com.my/rencana/forum/2026/09/perpaduan-jangan-dipolitikkan/	PERPADUAN:7 JANGAN:3 MASUK:3 LANGGAN:5 SURAT:2 PEMBACA:2 TERKINI:2 NASIONAL:7 JENAYAH:2 KOMUNITI:2 MAHKAMAH:2 POLITIK:5 EKONOMI:2 HARTANAH:2 KEWANGAN:2 PRODUK:2 RINGGIT:2 LUAR:2 NEGARA:9 BARAT:2 TENGGARA:2 GAYA:2 AGAMA:5 FESYEN:2 GAJET:2 HIBURAN:2 KELUARGA:2 WANITA:3 KESIHATAN:2 SUKAN:6 BOLA:2 SEPAK:4 BADMINTON:2 LUMBA:6 BASIKAL:2 KERETA:2 TAKRAW:2 PANCAINDERA:2 SERI:2 AKAUN:2 USAHA:4 PENDEKATAN:3 YANG:10 SAMA:2 ADA:2 UNTUK:4 JANGKA:4 PENDEK:2 MAHUPUN:2 PANJANG:2 OLEH:2 MEJA:1 RENCANA:1 IALAH:1 KAYA:1 DENGAN:4 KEPELBAGAIAN:2 BANGSA:1 DAN:10 BUDAYA:1 NAMUN:1 MASYARAKAT:3 MUDAH:1 APABILA:1 ISU:4 KAUM:3 ATAU:3 PIHAK:3 TIDAK:6 JIKA:1 SECARA:2 BIJAKSANA:1 KEADAAN:1 INI:3 BOLEH:3 KETEGANGAN:1 HUBUNGAN:1 SOSIAL:1 SERTA:6 SEMANGAT:3 PROGRAM:1 INISIATIF:1 PERLU:6 PERLEMBAGAAN:4 PERSEKUTUAN:1 RUKUN:3 SUPAYA:1 SETIAP:1 RAKYAT:2 MEMAHAMI:3 HAK:3 TANGGUNGJAWAB:1 BATAS:2 DALAM:5 KEHIDUPAN:2 BERSAMA:4 TURUT:2 IDENTITI:1 MELALUI:2 JATI:1 DIRI:1 PRIHATIN:1 SALING:1 RASA:1 TERSEBUT:3 BUKAN:1 SEKADAR:2 MENJADI:3 SLOGAN:1 RASMI:1 SEBAHAGIAN:1 BESAR:1 KONFLIK:1 SEBENARNYA:1 PRINSIP:1 SEBARANG:1 GERAKAN:1 KELOMPOK:1 TELAH:1 HAL:1 JUGA:2 TELADAN:1 AKAN:2 KEHILANGAN:1 TINDAKAN:2 PEMERINTAH:1 SENDIRI:1 REFORMASI:1 KEADILAN:1 SEJARAH:2 PEMIMPIN:1 KERJASAMA:2 PUTRA:1 SEHINGGA:1 PARTI:1 PERIKATAN:1 MANAKALA:1 MENERUSKAN:1 BARISAN:1 PADA:2 BELIAU:1 MENGENAI:1 KOMUNISME:1 KORUPSI:1 SEBAGAI:1 HARI:1 POLEMIK:1 KEPADA:2 SEMUA:1 AHLI:2 DEMI:1 TERTENTU:1 KERANA:1 SEJAK:1 LAMA:1 JAWATANKUASA:1 PENGURUSAN:1 AGENSI:1 ADIL:1 SELURUH:1 TERMASUK:1 TEKAD:1 ASAS:1 PENGALAMAN:1 PEDOMAN:1 AGAR:1 TETAPI:1 TERUS:1 GENERASI:1 DATANG:1 UTUSAN:1 PENGANALISIS:1 BEBAS:1 MAHU:1 TERLEPAS:1 KAMI:2 BERITA:1 FAHAM:1 PUNCA:1 SELATAN:1 TAWAR:1 PEMANDU:1 LORI:1 BUANG:1 SISA:1 KIMIA:1 BERI:1 AMARAN:1 SENTUH:1 ASASI:1 TERMA:1 POLISI:1 SENARAI:1 KEDAI:1 AKHBAR:1 CIPTA:1 MULIA:1
https://www.utusan.com.my/category/rencana/forum/	UTUSAN:5 MASUK:3 LANGGAN:3 TERKINI:4 NASIONAL:4 JENAYAH:4 KOMUNITI:4 MAHKAMAH:4 POLITIK:4 TRAGEDI:4 EKONOMI:4 HARTANAH:4 KEWANGAN:4 PRODUK:5 RINGGIT:4 LUAR:4 NEGARA:4 BARAT:4 TENGGARA:4 GAYA:4 AGAMA:5 FESYEN:4 GAJET:4 HIBURAN:4 KELUARGA:4 WANITA:4 KESIHATAN:5 PENDIDIKAN:4 SUKAN:12 BOLA:5 SEPAK:8 BADMINTON:4 LUMBA:12 BASIKAL:4 KERETA:4 TAKRAW:4 SEMUA:4 RENCANA:4 SURAT:4 PEMBACA:4 PILIHAN:4 PANCAINDERA:4 SERI:4 ZAKAT:1 PERLU:4 BANDAR:1 PESTA:1 MERDEKA:3 JANGAN:2 GADAI:1 UNTUK:1 PANCING:1 UNDI:1 DAHULU:1 TENAGA:1 KERJA:1 SEKTOR:1 AWAM:2 GURU:1 JUGA:1 ADAKAH:1 KITA:1 SUDAH:1 APA:1 MASA:1 DEPAN:1 KAKITANGAN:1 JADI:1 HAMBA:1 ALGORITMA:1 SOSIAL:2 TAPI:1 SAMPAH:1 RATA:1 BEBAN:1 PEKERJA:1 DENGAN:4 GAJI:1 JAWAB:1 ISU:1 JUJUR:1 BUKAN:1 RAKYAT:1 JAMIN:1 KESELAMATAN:1 STESEN:1 DAYA:1 TAHAN:1 PADA:1 MAHASISWA:1 SITUASI:1 JALAN:1 RAYA:1 BUAT:1 KEPUTUSAN:1 FAKTA:1 WARISAN:1 TERMA:1 DAN:1 POLISI:1 SENARAI:1 KEDAI:1 AKHBAR:1 KAMI:1 HAK:1 CIPTA:1 MULIA:2 SATU:1 LAGI:1
https://www.utusan.com.my/category/lipatan-sejarah/	SEJARAH:20 UTUSAN:5 MASUK:3 LANGGAN:3 TERKINI:4 NASIONAL:4 JENAYAH:4 KOMUNITI:4 MAHKAMAH:4 POLITIK:4 TRAGEDI:4 EKONOMI:5 HARTANAH:4 KEWANGAN:4 PRODUK:4 RINGGIT:4 LUAR:4 NEGARA:4 BARAT:4 TENGGARA:4 GAYA:4 AGAMA:4 FESYEN:4 GAJET:4 HIBURAN:4 KELUARGA:4 WANITA:4 KESIHATAN:4 PENDIDIKAN:4 SUKAN:12 BOLA:4 SEPAK:8 BADMINTON:4 LUMBA:12 BASIKAL:4 KERETA:5 TAKRAW:4 SEMUA:4 RENCANA:4 SURAT:4 PEMBACA:4 PILIHAN:4 PANCAINDERA:4 SERI:4 PEKERJA:1 LOMBONG:1 BATU:1 GAJAH:1 HIDUP:2 JANGAN:1 CUBA:1 TAMBAH:2 KEKAYAAN:1 YANG:1 PERTUAN:1 RASMI:1 KAMPUS:2 TETAP:1 SELATAN:1 JATUH:1 TAHUN:1 GANTUNG:1 BAYI:1 MAUT:1 KETIKA:1 PESAKIT:1 JIWA:1 KESATUAN:1 LANCAR:1 MOGOK:1 LAPAR:1 JUARA:1 CIPTA:2 LAGU:1 DERITA:1 SELEPAS:1 BULAN:1 LELAKI:1 MENGAMUK:1 TEBAL:1 DAN:4 KEJAM:1 BUMIPUTERA:1 PELAJAR:2 JOHAN:1 ANTARABANGSA:1 KOMUNIS:1 DITANGKAP:1 DALAM:2 GERAKAN:1 CAHAYA:1 BINA:1 IBU:1 DUA:1 KEBAKARAN:1 ANGKAT:1 SUMPAH:1 JAWATAN:1 PERDANA:1 MENTERI:1 CEMAS:1 TUNJUK:1 PERASAAN:1 KINI:1 TERMA:1 POLISI:1 SENARAI:1 KEDAI:1 AKHBAR:1 KAMI:1 HAK:1 MULIA:1
https://www.utusan.com.my/lipatan-sejarah/2026/09/yang-di-pertuan-agong-rasmi-kampus-tetap-ukm/	YANG:7 PERTUAN:3 RASMI:2 KAMPUS:3 TETAP:2 UTUSAN:6 MASUK:3 LANGGAN:3 TERKINI:4 NASIONAL:4 JENAYAH:4 KOMUNITI:4 MAHKAMAH:4 POLITIK:4 TRAGEDI:4 EKONOMI:4 HARTANAH:4 KEWANGAN:4 PRODUK:5 RINGGIT:4 LUAR:4 NEGARA:6 BARAT:4 TENGGARA:5 GAYA:4 AGAMA:4 FESYEN:4 GAJET:4 HIBURAN:4 KELUARGA:4 WANITA:4 KESIHATAN:4 PENDIDIKAN:4 SUKAN:13 BOLA:4 SEPAK:8 BADMINTON:4 LUMBA:14 BASIKAL:6 KERETA:4 TAKRAW:4 SEMUA:4 RENCANA:4 SURAT:4 PEMBACA:4 PILIHAN:4 PANCAINDERA:4 SERI:5 OLEH:1 PUSAT:4 MAKLUMAT:3 DAN:5 ARKIB:3 PADA:2 AKHBAR:2 BERHARAP:1 UNIVERSITI:1 KEBANGSAAN:1 PENGAJIAN:1 TINGGI:1 LAIN:2 INI:2 MENGELUARKAN:1 PAKAR:2 SAMA:2 ADA:1 DALAM:3 BIDANG:1 TEKNOLOGI:2 ATAU:3 PERTANIAN:2 TITAH:1 UCAPAN:1 DEWAN:1 CANSELOR:1 PADUKA:1 MENARIK:2 PERHATIAN:2 BAHAWA:1 SEKTOR:1 DIBERI:1 BERAT:1 ANTARA:1 PERISTIWA:1 PEGAWAI:2 KANAN:1 DARI:1 AKAN:2 BERBINCANG:1 BAGI:1 KONSEP:1 KAWASAN:1 AMAN:1 BINTANG:1 BAKAL:1 BUAT:1 PERTAMA:1 TELEVISYEN:1 SECARA:1 JAGUH:1 BERJAYA:1 TIGA:1 PINGAT:1 EMAS:1 KEJOHANAN:1 PESTA:1 LALU:1 LANJUT:1 MULIA:3 SEBARANG:1 PERTANYAAN:1 PEMBELIAN:1 KAMI:3 NOMBOR:1 TELEFON:1 MEL:1 PERCUMA:1 TIDAK:1 MAHU:1 TERLEPAS:1 BERITA:1 SELATAN:1 JATUH:1 TAHUN:1 GANTUNG:1 BAYI:1 MAUT:1 KETIKA:1 PESAKIT:1 JIWA:1 KESATUAN:1 LANCAR:1 MOGOK:1 LAPAR:1 TERMA:1 POLISI:1 SENARAI:1 KEDAI:1 HAK:1 CIPTA:1 SATU:1 LAGI:1
https://www.utusan.com.my/lipatan-sejarah/2026/09/pesawat-boeing-727-korea-selatan-ditembak-jatuh/	SELATAN:5 JATUH:3 UTUSAN:6 MASUK:3 LANGGAN:3 TERKINI:4 NASIONAL:4 JENAYAH:4 KOMUNITI:4 MAHKAMAH:5 POLITIK:4 TRAGEDI:4 EKONOMI:4 HARTANAH:4 KEWANGAN:4 PRODUK:5 RINGGIT:4 LUAR:4 NEGARA:6 BARAT:4 TENGGARA:4 GAYA:4 AGAMA:4 FESYEN:4 GAJET:4 HIBURAN:4 KELUARGA:4 WANITA:4 KESIHATAN:4 PENDIDIKAN:4 SUKAN:12 BOLA:4 SEPAK:8 BADMINTON:4 LUMBA:12 BASIKAL:4 KERETA:4 TAKRAW:4 SEMUA:4 RENCANA:4 SURAT:4 PEMBACA:4 PILIHAN:4 PANCAINDERA:4 SERI:4 OLEH:3 PUSAT:2 MAKLUMAT:3 DAN:5 ARKIB:3 PADA:1 AKHBAR:2 MILIK:1 SERAMAI:1 ORANG:1 PENUMPANG:1 HILANG:1 DARI:2 TELAH:1 PEJUANG:1 JENIS:1 DENGAN:1 PELURU:1 KESEMUA:1 MENTERI:1 MENGESAHKAN:1 BAHAWA:1 NAMUN:1 TIDAK:2 MENYEBUT:1 KEPULAUAN:1 ANTARA:1 PERISTIWA:1 LAIN:1 YANG:3 MENARIK:1 INSTITUT:1 BAHRU:1 MERUPAKAN:1 TUNGGAL:1 MEMPUNYAI:1 LAUT:1 TEKNOLOGI:1 LOGAM:1 SEORANG:2 RAKYAT:1 MAK:1 TAHUN:3 MAJISTRET:1 ATAS:1 MEMBUNUH:1 PEGAWAI:1 BANK:1 BUMIPUTERA:1 KANAK:2 LELAKI:1 HANYA:1 MUKA:1 SETELAH:1 BANGUNAN:1 DUA:1 TINGKAT:1 LANJUT:1 MULIA:3 SEBARANG:1 PERTANYAAN:1 ATAU:2 PEMBELIAN:1 KAMI:3 NOMBOR:1 TELEFON:1 MEL:1 PERCUMA:1 KAPAL:1 TERBANG:1 MAHU:1 TERLEPAS:1 BERITA:1 PERTUAN:1 RASMI:1 KAMPUS:1 TETAP:1 GANTUNG:1 BAYI:1 MAUT:1 KETIKA:1 PESAKIT:1 JIWA:1 KESATUAN:1 LANCAR:1 MOGOK:1 LAPAR:1 TERMA:1 POLISI:1 SENARAI:1 KEDAI:1 HAK:1 CIPTA:1 SATU:1 LAGI:1
https://www.utusan.com.my/lipatan-sejarah/2026/08/remaja-14-tahun-dihukum-gantung/	TAHUN:3 GANTUNG:2 UTUSAN:6 MASUK:3 LANGGAN:3 TERKINI:4 NASIONAL:4 JENAYAH:4 KOMUNITI:4 MAHKAMAH:6 POLITIK:4 TRAGEDI:4 EKONOMI:4 HARTANAH:4 KEWANGAN:4 PRODUK:4 RINGGIT:4 LUAR:4 NEGARA:6 BARAT:4 TENGGARA:4 GAYA:4 AGAMA:4 FESYEN:4 GAJET:4 HIBURAN:4 KELUARGA:4 WANITA:4 KESIHATAN:4 PENDIDIKAN:4 SUKAN:12 BOLA:4 SEPAK:8 BADMINTON:4 LUMBA:12 BASIKAL:4 KERETA:4 TAKRAW:4 SEMUA:4 RENCANA:4 SURAT:4 PEMBACA:4 PILIHAN:4 PANCAINDERA:4 SERI:4 OLEH:2 PUSAT:2 MAKLUMAT:3 DAN:5 ARKIB:3 PADA:1 AKHBAR:2 SEORANG:2 PELAJAR:3 LELAKI:1 TELAH:1 MATI:1 TINGGI:1 PULAU:1 PINANG:1 SELEPAS:1 BERSALAH:2 ATAS:2 DUA:1 BAWAH:2 AKTA:1 KESELAMATAN:1 DALAM:1 NEGERI:1 MERUPAKAN:1 UMUR:1 PERTAMA:1 INI:2 MENERIMA:1 TERSEBUT:1 YANG:4 TIDAK:3 KERANA:1 SECARA:2 HARAM:1 SEPUCUK:1 PISTOL:1 BUTIR:1 PELURU:1 ANTARA:1 PERISTIWA:1 LAIN:1 MENARIK:1 PERSATUAN:1 KEBANGSAAN:1 MELANCARKAN:1 TABUNG:1 DERMA:1 BAGI:1 UNIVERSITI:1 HAKIM:1 DATUK:1 SUPAYA:1 UNTUK:1 MENJADI:1 PEGUAM:1 DIBUAT:1 DENGAN:1 BAHASA:2 LAGI:1 SATU:1 PROJEK:1 PERINTIS:1 TANAMAN:1 PADI:1 MODEN:1 JENTERA:1 BAKAL:1 DILANCARKAN:1 KAWASAN:1 PAYA:1 PEKAN:1 LANJUT:1 MULIA:2 SEBARANG:1 PERTANYAAN:1 ATAU:2 PEMBELIAN:1 KAMI:3 NOMBOR:1 TELEFON:1 MEL:1 PERCUMA:1 MAHU:1 TERLEPAS:1 BERITA:1 PEKERJA:1 LOMBONG:1 BATU:1 GAJAH:1 HIDUP:2 JANGAN:1 CUBA:1 TAMBAH:1 KEKAYAAN:1 PERTUAN:1 RASMI:1 KAMPUS:1 TETAP:1 SELATAN:1 JATUH:1 TERMA:1 POLISI:1 SENARAI:1 KEDAI:1 HAK:1 CIPTA:1
https://www.utusan.com.my/lipatan-sejarah/2026/08/bayi-maut-terjatuh-ketika-dilarikan-pesakit-jiwa/	BAYI:5 MAUT:5 KETIKA:3 PESAKIT:3 JIWA:3 UTUSAN:6 MASUK:3 LANGGAN:3 TERKINI:4 NASIONAL:4 JENAYAH:4 KOMUNITI:4 MAHKAMAH:4 POLITIK:4 TRAGEDI:4 EKONOMI:4 HARTANAH:4 KEWANGAN:4 PRODUK:5 RINGGIT:4 LUAR:4 NEGARA:5 BARAT:4 TENGGARA:4 GAYA:4 AGAMA:4 FESYEN:4 GAJET:4 HIBURAN:4 KELUARGA:4 WANITA:4 KESIHATAN:4 PENDIDIKAN:4 SUKAN:12 BOLA:4 SEPAK:8 BADMINTON:4 LUMBA:12 BASIKAL:4 KERETA:4 TAKRAW:4 SEMUA:4 RENCANA:4 SURAT:4 PEMBACA:4 PILIHAN:4 PANCAINDERA:4 SERI:4 OLEH:3 PUSAT:2 MAKLUMAT:3 DAN:3 ARKIB:3 PADA:3 AKHBAR:2 SEORANG:2 PEREMPUAN:1 YANG:8 BARU:1 HARI:1 SETELAH:1 SEMASA:1 LELAKI:2 TERLEPAS:2 DARI:1 PSIKIATRI:1 HOSPITAL:1 BESAR:1 ALOR:1 BELUM:1 DIBERI:1 NAMA:1 ITU:1 BERADA:1 DALAM:2 BALANG:1 KACA:1 KERANA:1 SECARA:1 TIBA:2 BERSALIN:1 PUKUL:1 PAGI:1 ANTARA:1 PERISTIWA:1 LAIN:1 MENARIK:1 BAKAL:1 KAD:1 KEPADA:1 PARA:1 PEMINAT:1 WAYANG:2 SEBAGAI:1 SATU:2 LANGKAH:1 PASARAN:1 GELAP:1 MAK:2 ATAU:3 PONDAN:1 PULAU:1 PINANG:1 UNTUK:3 PERSATUAN:1 KAUM:1 NYAH:1 BAGI:2 SERTA:1 NASIB:1 MEREKA:1 KERAJAAN:1 SEMULA:1 KANUN:1 TANAH:2 PENGGUNAAN:1 LEBIH:1 BANYAK:1 TUJUAN:1 PERTANIAN:2 TEGAS:1 MENTERI:1 LANJUT:1 MULIA:3 SEBARANG:1 PERTANYAAN:1 PEMBELIAN:1 KAMI:3 NOMBOR:1 TELEFON:1 MEL:1 PERCUMA:1 TIDAK:1 MAHU:1 BERITA:1 ENAM:1 ASKAR:1 SERANGAN:1 PERTUAN:1 RASMI:1 KAMPUS:1 TETAP:1 SELATAN:1 JATUH:1 KENDERAAN:1 MINAT:1 BUAT:1 KEK:1 SEBELUM:1 BUKA:1 TERMA:1 POLISI:1 SENARAI:1 KEDAI:1 HAK:1 CIPTA:1 LAGI:1
https://www.utusan.com.my/lipatan-sejarah/2026/08/kesatuan-sekerja-genting-highlands-lancar-mogok-lapar/	KESATUAN:3 LANCAR:2 MOGOK:6 LAPAR:5 UTUSAN:6 MASUK:4 LANGGAN:3 TERKINI:4 NASIONAL:4 JENAYAH:4 KOMUNITI:4 MAHKAMAH:4 POLITIK:5 TRAGEDI:4 EKONOMI:4 HARTANAH:4 KEWANGAN:4 PRODUK:5 RINGGIT:4 LUAR:4 NEGARA:4 BARAT:4 TENGGARA:5 GAYA:4 AGAMA:4 FESYEN:4 GAJET:4 HIBURAN:4 KELUARGA:4 WANITA:4 KESIHATAN:4 PENDIDIKAN:4 SUKAN:12 BOLA:4 SEPAK:8 BADMINTON:4 LUMBA:12 BASIKAL:4 KERETA:4 TAKRAW:4 SEMUA:4 RENCANA:4 SURAT:4 PEMBACA:4 PILIHAN:4 PANCAINDERA:4 SERI:4 OLEH:1 PUSAT:2 MAKLUMAT:3 DAN:6 ARKIB:3 PADA:1 AKHBAR:2 EMPAT:1 DARIPADA:1 ORANG:1 ANGGOTA:3 MENERIMA:1 RAWATAN:1 MENDAPAT:1 CUTI:1 SAKIT:1 SETELAH:2 MELANCARKAN:2 SEBAGAI:2 BANTAHAN:1 TERHADAP:1 SERANGAN:1 ATAS:1 SETIAUSAHA:1 ABU:1 BAKAR:1 YANG:5 HARI:1 BERJALAN:1 TERUS:1 TELAH:1 UNTUK:1 HANYA:1 MENEMUI:1 ENCIK:1 SENDIRI:1 ANTARA:2 PERISTIWA:2 LAIN:1 MENARIK:1 PENYANYI:1 SEMAKIN:1 DENGAN:1 SENJA:1 KINI:1 BAKAL:1 TIDAK:2 LAMA:1 LAGI:2 PROFESOR:2 UNIVERSITI:2 PUAN:1 KERUSI:1 DALAM:1 PENGAJIAN:1 SYARIKAT:1 SURAU:1 KAMPUNG:1 KUALA:1 PERNAH:1 KONTROVERSI:1 APABILA:1 MENJADI:1 PUNCA:1 DUA:1 SETERU:1 IAITU:1 PAS:1 LANJUT:1 MULIA:3 SEBARANG:1 PERTANYAAN:1 ATAU:2 PEMBELIAN:1 KAMI:3 NOMBOR:1 TELEFON:1 MEL:1 PERCUMA:1 MAHU:1 TERLEPAS:1 BERITA:1 PERTUAN:1 RASMI:1 KAMPUS:1 TETAP:1 SELATAN:1 JATUH:1 TAHUN:1 GANTUNG:1 BAYI:1 MAUT:1 KETIKA:1 PESAKIT:1 JIWA:1 TERMA:1 POLISI:1 SENARAI:1 KEDAI:1 HAK:1 CIPTA:1 SATU:1
https://www.utusan.com.my/lipatan-sejarah/2026/08/ramlan-haron-juara-cipta-lagu-patriotik-1985/	JUARA:3 CIPTA:3 LAGU:6 UTUSAN:6 MASUK:4 LANGGAN:3 TERKINI:4 NASIONAL:4 JENAYAH:4 KOMUNITI:4 MAHKAMAH:4 POLITIK:4 TRAGEDI:4 EKONOMI:4 HARTANAH:4 KEWANGAN:4 PRODUK:5 RINGGIT:4 LUAR:4 NEGARA:5 BARAT:4 TENGGARA:4 GAYA:4 AGAMA:4 FESYEN:4 GAJET:4 HIBURAN:4 KELUARGA:4 WANITA:4 KESIHATAN:4 PENDIDIKAN:4 SUKAN:12 BOLA:4 SEPAK:8 BADMINTON:4 LUMBA:12 BASIKAL:4 KERETA:4 TAKRAW:4 SEMUA:4 RENCANA:4 SURAT:4 PEMBACA:4 PILIHAN:4 PANCAINDERA:4 SERI:4 OLEH:4 PUSAT:2 MAKLUMAT:3 DAN:3 ARKIB:3 PADA:1 AKHBAR:2 BUMI:2 YANG:6 DICIPTA:1 BERJAYA:3 MENJADI:1 MENCIPTA:1 SEMBILAN:1 ORANG:1 LAIN:2 AKHIR:2 BERTUAH:1 KEJAYAAN:1 KEPADA:1 HADIAH:1 WANG:1 TUNAI:1 SERTA:1 MANAKALA:1 TURUT:1 BINTANG:1 ANTARA:1 PERISTIWA:1 MENARIK:1 ORKESTRA:1 BANTAHAN:1 DARIPADA:2 PENDUDUK:1 MENGENAI:1 SEORANG:1 DOKTOR:2 PONDAN:1 SEBAGAI:1 SALAH:1 SATU:2 CARA:1 BAGI:2 PENYAKIT:1 INI:1 DARI:1 SEBERANG:1 LAUT:1 SERBAGUNA:1 UTARA:1 BERHAD:1 KEUNTUNGAN:1 SEBANYAK:1 SEPANJANG:1 TAHUN:2 LANJUT:1 MULIA:3 SEBARANG:1 PERTANYAAN:1 ATAU:2 PEMBELIAN:1 KAMI:3 NOMBOR:1 TELEFON:1 MEL:1 PERCUMA:1 TIDAK:1 MAHU:1 TERLEPAS:1 BERITA:1 PERTUAN:1 RASMI:1 KAMPUS:1 TETAP:1 SELATAN:1 JATUH:1 GANTUNG:1 BAYI:1 MAUT:1 KETIKA:1 PESAKIT:1 JIWA:1 TERMA:1 POLISI:1 SENARAI:1 KEDAI:1 HAK:1 LAGI:1
https://www.utusan.com.my/lipatan-sejarah	SEJARAH:20 UTUSAN:5 MASUK:3 LANGGAN:3 TERKINI:4 NASIONAL:4 JENAYAH:4 KOMUNITI:4 MAHKAMAH:4 POLITIK:4 TRAGEDI:4 EKONOMI:5 HARTANAH:4 KEWANGAN:4 PRODUK:5 RINGGIT:4 LUAR:4 NEGARA:4 BARAT:4 TENGGARA:4 GAYA:4 AGAMA:4 FESYEN:4 GAJET:4 HIBURAN:4 KELUARGA:4 WANITA:4 KESIHATAN:4 PENDIDIKAN:4 SUKAN:12 BOLA:4 SEPAK:8 BADMINTON:4 LUMBA:12 BASIKAL:4 KERETA:5 TAKRAW:4 SEMUA:4 RENCANA:4 SURAT:4 PEMBACA:4 PILIHAN:4 PANCAINDERA:4 SERI:4 YANG:1 PERTUAN:1 RASMI:1 KAMPUS:2 TETAP:1 SELATAN:1 JATUH:1 TAHUN:1 GANTUNG:1 BAYI:1 MAUT:1 KETIKA:1 PESAKIT:1 JIWA:1 KESATUAN:1 LANCAR:1 MOGOK:1 LAPAR:1 JUARA:1 CIPTA:2 LAGU:1 DERITA:1 SELEPAS:1 BULAN:1 LELAKI:1 MENGAMUK:1 TEBAL:1 DAN:4 KEJAM:1 BUMIPUTERA:1 TAMBAH:1 PELAJAR:2 JOHAN:1 ANTARABANGSA:1 KOMUNIS:1 DITANGKAP:1 DALAM:2 GERAKAN:1 CAHAYA:1 BINA:1 IBU:1 DUA:1 KEBAKARAN:1 ANGKAT:1 SUMPAH:1 JAWATAN:1 PERDANA:1 MENTERI:1 CEMAS:1 TUNJUK:1 PERASAAN:1 KINI:1 TANAH:2 TOL:1 UNTUK:1 PROJEK:1 TERMA:1 POLISI:1 SENARAI:1 KEDAI:1 AKHBAR:1 KAMI:1 HAK:1 MULIA:2 SATU:1 LAGI:1
http://www.utusan.com.my/category/gaya/gajet/	GAJET:13 UTUSAN:5 MASUK:3 LANGGAN:3 TERKINI:4 NASIONAL:4 JENAYAH:4 KOMUNITI:4 MAHKAMAH:4 POLITIK:5 TRAGEDI:4 EKONOMI:13 HARTANAH:4 KEWANGAN:4 PRODUK:4 RINGGIT:4 LUAR:4 NEGARA:4 BARAT:4 TENGGARA:4 GAYA:4 AGAMA:4 FESYEN:4 HIBURAN:5 KELUARGA:4 WANITA:4 KESIHATAN:4 PENDIDIKAN:4 SUKAN:12 BOLA:4 SEPAK:8 BADMINTON:4 LUMBA:12 BASIKAL:4 KERETA:4 TAKRAW:4 SEMUA:4 RENCANA:4 SURAT:4 PEMBACA:4 PILIHAN:4 PANCAINDERA:4 SERI:4 LANCAR:3 BARISAN:2 DAN:4 SUARA:2 YANG:2 SERBA:1 BAHARU:2 KEKAL:1 JENAMA:1 DENGAN:2 TELEVISYEN:1 PERTAMA:1 DUNIA:3 PENYELESAIAN:1 CANTIK:1 MESRA:1 PENGGUNA:1 BESAR:1 BERITA:2 DALAM:1 SATU:1 PERANTI:1 GENERASI:1 BUKA:1 PENJENAYAH:1 SIBER:1 SASAR:1 LEBIH:1 JUTA:1 SERANGAN:1 BERHENTI:1 MEROKOK:1 EMPAT:1 UTAMA:1 MENARIK:1 KAWAL:1 SENI:1 PANTAS:1 MENONTON:1 SELAMA:1 LIMA:1 JAM:1 PALING:1 RAMAI:1 SAKIT:1 MENTAL:1 TANDA:1 BAKAL:1 DITIPU:1 TERMA:1 POLISI:1 SENARAI:1 KEDAI:1 AKHBAR:1 KAMI:1 HAK:1 CIPTA:1 MULIA:1
https://www.utusan.com.my/ekonomi/2026/04/lg-electronis-lancar-barisan-tv-qned-evo-mini-led-2026/	LANCAR:4 BARISAN:7 MASUK:3 LANGGAN:5 AGAMA:2 FESYEN:2 GAJET:2 HIBURAN:4 KELUARGA:2 WANITA:2 KESIHATAN:2 PENDIDIKAN:2 TERKINI:3 NASIONAL:2 JENAYAH:2 KOMUNITI:2 MAHKAMAH:3 POLITIK:2 TRAGEDI:2 EKONOMI:2 HARTANAH:2 KEWANGAN:2 PRODUK:4 RINGGIT:2 LUAR:3 NEGARA:2 BARAT:2 TENGGARA:2 SUKAN:15 BOLA:2 SEPAK:4 BADMINTON:2 LUMBA:6 BASIKAL:2 KERETA:2 TAKRAW:2 SEMUA:3 RENCANA:2 SURAT:2 PEMBACA:2 PANCAINDERA:2 SERI:2 AKAUN:2 OLEH:9 MULIA:3 JAYA:1 MELANCARKAN:2 YANG:35 MODEL:4 BAHARU:3 INI:7 SAIZ:2 SKRIN:12 BESAR:11 DENGAN:15 TEKNOLOGI:3 GAMBAR:3 DAN:37 BUNYI:3 UNTUK:19 TONTONAN:6 PERMAINAN:10 RUMAH:2 PADA:9 LEBIH:15 WARNA:7 KAYA:2 DALAM:10 TAHUN:3 KUALITI:1 MEMBANTU:3 TEPAT:4 WALAUPUN:2 TERANG:3 MENCAPAI:1 PERATUS:1 LUAS:1 PEMBIAKAN:1 APABILA:1 MENONTON:2 ATAU:2 GEN:1 MEMBERIKAN:6 BERKUALITI:1 TINGGI:1 SEHINGGA:2 PERINCIAN:4 JELAS:4 KEPIMPINAN:1 KEUPAYAAN:2 KAWALAN:1 CAHAYA:2 KEPADA:4 RIBU:2 ZON:1 HALUS:2 GELAP:1 SAMBIL:1 JUGA:5 HITAM:1 BERSIH:1 KUAT:1 PENUH:1 BAYANG:2 RANGKAIAN:2 PENGALAMAN:3 IMEJ:1 PINTAR:2 MENGANALISIS:2 ALGORITMA:1 TEPI:1 SEMULA:1 JADI:1 KEKAL:2 PASTI:1 WAJAH:1 BADAN:1 LAIN:1 SETIAP:1 RESOLUSI:1 KEJELASAN:2 PENONTON:1 KELILING:1 SALURAN:1 MAYA:1 RUANG:1 PENTAS:1 MELALUI:2 SUARA:2 STADIUM:1 KEMAS:2 KINI:3 MASA:1 NYATA:1 PENGGUNA:6 SECARA:2 LANGSUNG:2 SERBA:1 BOLEH:5 CARA:1 PERLAWANAN:7 KANDUNGAN:2 JADUAL:1 KEDUDUKAN:1 LIGA:2 MAKLUMAT:2 TANPA:1 APLIKASI:1 MENERIMA:1 PASUKAN:1 TERMASUK:2 KEPUTUSAN:2 AKAN:1 DATANG:1 STATISTIK:1 UTAMA:3 SEPERTI:1 KEMAJUAN:1 RAMALAN:1 MUDAH:1 KAD:1 SENTIASA:1 TENTANG:1 GERAKAN:3 KADAR:2 UBAH:1 RENDAH:1 SUPAYA:1 TINDAKAN:1 PANTAS:4 TAJAM:1 SANGAT:1 BEBAS:1 DARIPADA:2 KABUR:1 BIASA:1 SEMASA:3 MANA:1 MATA:1 SEBAGAI:1 SATU:2 PEMAIN:1 PERKHIDMATAN:1 AWAN:1 ASLI:1 MENAMBAH:1 INDIVIDU:1 PERIBADI:2 MEREKA:1 AUTOMATIK:1 CADANGAN:1 KONTEKS:1 FUNGSI:1 BERGUNA:1 BERDASARKAN:1 AKTIVITI:1 BERTANYA:1 SOALAN:1 MENCARI:1 PEMENANG:1 ANUGERAH:1 INOVASI:1 SELAMAT:1 PELBAGAI:2 MENAWARKAN:1 DARI:1 HINGGA:1 PILIHAN:1 PERSEKITARAN:1 BERBEZA:1 TIDAK:1 MAHU:2 TERLEPAS:1 KAMI:2 BERITA:1 BUAH:1 PINGGANG:1 BABI:1 HARI:1 TUBUH:1 PESAKIT:1 TOLAK:1 DARURAT:1 ABU:1 PAS:1 EMPAT:1 KERUSI:1 TERMA:1 POLISI:1 SENARAI:1 KEDAI:1 AKHBAR:1 HAK:1 CIPTA:1 LAGI:1
https://www.utusan.com.my/ekonomi/2025/12/jbl-bandbox-amplifier-dan-pembesar-suara-berkuasa-ai-yang-serba-baharu/	DAN:35 SUARA:6 MASUK:3 LANGGAN:5 AGAMA:2 FESYEN:2 GAJET:2 HIBURAN:2 KELUARGA:2 WANITA:2 KESIHATAN:2 PENDIDIKAN:2 TERKINI:2 NASIONAL:2 JENAYAH:2 KOMUNITI:2 MAHKAMAH:3 POLITIK:2 TRAGEDI:2 EKONOMI:2 HARTANAH:2 KEWANGAN:2 PRODUK:3 RINGGIT:2 LUAR:4 NEGARA:2 BARAT:2 TENGGARA:2 SUKAN:6 BOLA:2 SEPAK:4 BADMINTON:2 LUMBA:6 BASIKAL:2 KERETA:2 TAKRAW:2 SEMUA:4 RENCANA:2 SURAT:2 PEMBACA:2 PANCAINDERA:2 SERI:2 AKAUN:2 YANG:34 SERBA:2 BAHARU:2 OLEH:2 MULIA:3 JAYA:1 SEMULA:1 CARA:1 MENCIPTA:3 MUZIK:4 DENGAN:17 RANGKAIAN:2 PINTAR:2 MUDAH:8 ALIH:4 UNTUK:18 VOKAL:6 MASA:4 NYATA:3 BUNYI:6 ISTIMEWA:1 KAYA:1 KESAN:3 DALAM:8 SERTA:4 ALAT:3 KEBEBASAN:1 ANDA:21 BERMAIN:4 PADA:5 BILA:2 IALAH:4 TEKNOLOGI:3 ATAU:14 KELUAR:3 GITAR:4 DARIPADA:10 MANA:6 PERANTI:2 SAMA:4 ADA:3 SEDANG:1 BELAJAR:1 RAKAN:2 LAGU:7 KEGEMARAN:3 MEMUDAHKAN:2 MENJADI:1 SISTEM:1 INI:4 MEMBERIKAN:4 KAWALAN:3 BIASA:2 ATAS:3 PERSEKITARAN:1 MEREKA:3 HANYA:2 BERSAMA:2 BOLEH:4 PERSEMBAHAN:4 SEBAHAGIAN:1 BERANI:1 LUAS:1 MAIN:1 BALIK:1 PEMAIN:4 PENONTON:1 SEMASA:2 NADA:4 TINGGI:1 JELAS:1 JULAT:1 RENDAH:1 SESI:4 RUMAH:2 PERJALANAN:1 BENTUK:1 INDIVIDU:3 INGIN:3 PERSEDIAAN:3 TANPA:6 KUALITI:1 WALAUPUN:2 PADAT:1 LENGKAP:1 SATU:5 MIKROFON:1 PENYANYI:1 PENULIS:1 SESIAPA:1 SAHAJA:1 STRIM:1 TERTENTU:1 BAHAGIAN:1 SENDIRI:3 ASAL:1 LEBIH:3 BANYAK:2 MELALUI:1 APLIKASI:3 PILIH:2 MODEL:1 MODEN:1 KLASIK:1 SEPERTI:1 GEMA:1 SALAH:1 CIPTA:2 LAPISAN:1 KREATIVITI:1 MANAKALA:1 SENTIASA:2 BERADA:2 KEKUNCI:1 ANTARA:1 MUKA:1 BILIK:1 TIDUR:1 TAMAN:1 GARAJ:1 TEMAN:1 KUMPULAN:3 KEGUNAAN:1 ASAS:1 EMPAT:3 KECIL:1 JAM:3 MEMBUAT:2 PENUH:1 TERUS:1 HASIL:1 SALURAN:1 PEK:1 KUASA:1 KERANA:1 JUGA:2 BATERI:1 PANJANG:1 FIZIKAL:1 UNIT:1 ITU:1 PENGGUNA:2 BERGANTUNG:1 MATLAMAT:1 KEPERLUAN:1 TEPAT:1 DIA:1 PERTAMA:1 ALGORITMA:1 SANA:1 INOVATIF:1 SEMUANYA:1 INTERNET:1 AWAN:1 MERUPAKAN:1 BESAR:2 HADAPAN:1 KEMAJUAN:1 KATA:1 PENGURUS:1 NAIB:1 PRESIDEN:1 KEDUA:1 DUA:1 AKAN:1 SECARA:1 RASMI:1 MULAI:1 SAH:1 TIDAK:1 MAHU:2 TERLEPAS:1 KAMI:2 BERITA:1 BUAH:1 PINGGANG:1 BABI:1 HARI:1 TUBUH:1 PESAKIT:1 TOLAK:1 DARURAT:1 ABU:1 PAS:1 KERUSI:1 TERMA:1 POLISI:1 SENARAI:1 KEDAI:1 AKHBAR:1 HAK:1 LAGI:1
https://www.utusan.com.my/ekonomi/2025/11/jbl-kekal-jenama-no-1-pembesar-suara-dengan-pengenalan-barisan-partybox/	KEKAL:2 JENAMA:3 SUARA:12 DENGAN:16 BARISAN:4 MASUK:3 LANGGAN:5 AGAMA:2 FESYEN:2 GAJET:2 HIBURAN:2 KELUARGA:2 WANITA:2 KESIHATAN:2 PENDIDIKAN:2 TERKINI:3 NASIONAL:2 JENAYAH:2 KOMUNITI:2 MAHKAMAH:3 POLITIK:2 TRAGEDI:2 EKONOMI:2 HARTANAH:2 KEWANGAN:2 PRODUK:4 RINGGIT:2 LUAR:3 NEGARA:2 BARAT:2 TENGGARA:2 SUKAN:6 BOLA:2 SEPAK:4 BADMINTON:2 LUMBA:6 BASIKAL:2 KERETA:2 TAKRAW:2 SEMUA:3 RENCANA:2 SURAT:2 PEMBACA:2 PANCAINDERA:2 SERI:2 AKAUN:2 OLEH:1 MULIA:3 JAYA:1 YANG:24 TIDAK:2 DALAM:6 INOVASI:1 PARTI:3 UNTUK:13 SEBARANG:2 BUNYI:6 CAHAYA:1 DAN:19 LANCAR:1 TEKNOLOGI:2 INI:5 BES:1 DINAMIK:1 JERNIH:1 MUZIK:4 SEMPURNA:1 SAMA:2 ADA:1 RUANG:2 TAMU:1 ATAU:1 TEPI:1 KOLAM:1 RENANG:1 HALAMAN:1 BELAKANG:1 UTAMA:1 SEPERTI:1 BATERI:4 BOLEH:5 TANPA:3 HAD:1 REKA:4 BENTUK:5 TAHAN:1 LAMA:1 TERUS:2 MEMBERIKAN:4 PENGALAMAN:3 TERBAIK:1 MAJLIS:2 TELAH:1 SEBAGAI:2 MUDAH:3 ALIH:1 PESTA:2 SENTIASA:1 SEMPADAN:1 KAMI:4 KERANA:2 SEKALI:2 LAGI:2 DUNIA:1 MERUPAKAN:1 HEBAT:2 SIRI:2 MENERUSKAN:1 KETAHANAN:1 BIASA:1 ORANG:1 RAMAI:1 ACARA:1 BESAR:3 KATA:1 PENGURUS:1 NAIB:1 PRESIDEN:1 PENGGUNA:1 MODEL:2 IALAH:2 SALAH:1 SATU:2 PALING:1 KUAT:1 PASARAN:1 PERSEMBAHAN:1 RODA:1 LEBIH:2 LEBAR:1 KUKUH:1 MEMUDAHKAN:1 MANA:5 SAHAJA:2 MENAWARKAN:1 SEHINGGA:2 JAM:2 MASA:2 MAIN:2 CAS:1 KEUPAYAAN:2 PANTAS:2 GANGGUAN:1 MENGANALISIS:1 ISYARAT:1 NYATA:1 PEMACU:1 KURANG:1 PULA:1 LAIN:1 SISTEM:1 SETIAP:1 TEMPAT:1 BERKUALITI:1 TINGGI:1 PADAT:1 KUALITI:1 SEMULA:1 AKAN:1 MENJADI:1 TAMAN:1 PERMAINAN:1 DUA:1 MIKROFON:1 WAYAR:1 MINIT:2 BALIK:1 HARGA:1 DARI:1 HINGGA:1 BAHARU:1 KINI:1 SAH:1 UTUSAN:1 MAHU:2 TERLEPAS:1 BERITA:1 BUAH:1 PINGGANG:1 BABI:1 HARI:1 TUBUH:1 PESAKIT:1 TOLAK:1 DARURAT:1 ABU:1 PAS:1 EMPAT:1 KERUSI:1 TERMA:1 POLISI:1 SENARAI:1 KEDAI:1 AKHBAR:1 HAK:1 CIPTA:1
https://www.utusan.com.my/gaya/2025/01/lg-lancar-televisyen-lutsinar-pertama-dunia/	LANCAR:3 TELEVISYEN:4 PERTAMA:4 DUNIA:3 MASUK:3 LANGGAN:5 AGAMA:2 FESYEN:2 GAJET:2 HIBURAN:4 KELUARGA:2 WANITA:2 KESIHATAN:2 PENDIDIKAN:2 TERKINI:2 NASIONAL:2 JENAYAH:2 KOMUNITI:2 MAHKAMAH:3 POLITIK:2 TRAGEDI:2 EKONOMI:2 HARTANAH:2 KEWANGAN:2 PRODUK:3 RINGGIT:2 LUAR:6 NEGARA:2 BARAT:2 TENGGARA:2 SUKAN:7 BOLA:2 SEPAK:4 BADMINTON:2 LUMBA:6 BASIKAL:2 KERETA:2 TAKRAW:2 SEMUA:2 RENCANA:2 SURAT:2 PEMBACA:2 PANCAINDERA:2 SERI:2 AKAUN:2 BAKAL:1 MELANCARKAN:1 TANPA:8 UNTUK:8 PASARAN:3 OLEH:5 MULIA:3 JAYA:1 MELETAKKAN:1 SASARAN:1 WAYAR:3 YANG:36 MODEL:2 INI:4 SUDAH:1 SYARIKAT:1 SEJAK:2 DENGAN:13 AKAN:1 DALAM:9 KEDUA:1 DUA:1 TEKNOLOGI:3 DAN:21 INOVASI:7 REKA:2 BENTUK:3 BAHARU:1 LEBIH:3 BAIK:1 SKRIN:11 SENDIRI:1 BOLEH:4 DARIPADA:2 KEPADA:2 KEUPAYAAN:1 UNIK:4 PENGALAMAN:9 MENONTON:1 SEMASA:1 MENAWARKAN:4 KEBEBASAN:1 BESAR:1 RUANG:6 HIDUP:1 MEMBUAT:1 SENARAI:2 TERBAIK:2 MENERIMA:1 LIMA:1 ANUGERAH:1 TERMASUK:1 PENGGUNA:4 MUDAH:1 ANTARA:2 SATU:4 BUTANG:1 KUNCI:1 KEMUNGKINAN:1 APABILA:2 KANDUNGAN:2 MESTI:1 BUKAN:2 SAHAJA:2 MENCIPTA:1 UDARA:1 TETAPI:2 JUGA:2 KESAN:1 PADA:3 LAGI:3 SERBA:1 KELEBIHAN:1 SECARA:3 IALAH:3 SENTIASA:1 MENJADI:1 TELUS:2 KARYA:1 SENI:1 VIDEO:3 ATAU:4 WARNA:2 KEJELASAN:1 BIASA:3 MAKLUMAT:2 SEPANJANG:1 TEPI:1 BAWAH:1 MEMBERIKAN:6 HASIL:1 PERANTI:2 RAMALAN:1 CUACA:1 LAGU:1 SELEBIHNYA:1 KEKAL:2 TIDAK:5 AKTIF:1 MEMPERSEMBAHKAN:1 RUPA:1 BERSIH:1 PANDANGAN:1 JELAS:1 TENTANG:1 HAMPIR:1 KELIHATAN:1 KEMUDAHAN:1 MUKA:1 MESRA:1 BAGI:1 PERKHIDMATAN:1 SERTA:1 PANTAS:1 LAIN:2 WALAUPUN:1 RASA:2 BILIK:1 DILAKUKAN:1 DILETAKKAN:2 HADAPAN:3 TINGKAP:1 CAHAYA:1 SEMULA:2 JADI:1 RUMAH:1 BEBAS:2 KABEL:1 PERSEKITARAN:1 TONTONAN:4 GANGGUAN:1 PENYELESAIAN:1 WAYARLES:1 KEHILANGAN:1 KADAR:1 BERUBAH:1 UBAH:1 TELAH:1 PERMAINAN:1 PALING:1 DINAMIK:1 BENAR:1 KUALITI:2 GAMBAR:2 KHAS:1 MEMASUKI:1 TAHUN:1 JENIS:1 MENGHIDUPKAN:1 IMEJ:1 TERANG:1 TEPAT:1 BIJAK:1 BUNYI:1 TIADA:2 TERTUMPU:1 PELBAGAI:1 BELUM:1 PERNAH:1 BERLAKU:1 SEBELUM:1 KATA:1 PRESIDEN:1 BARISAN:1 FAKTOR:1 BANYAK:1 KEMAJUAN:1 KEHIDUPAN:1 DAPAT:1 UTUSAN:1 MAHU:2 TERLEPAS:1 KAMI:2 BERITA:1 BUAH:1 PINGGANG:1 BABI:1 HARI:1 TUBUH:1 PESAKIT:1 TOLAK:1 DARURAT:1 ABU:1 PAS:1 EMPAT:1 KERUSI:1 TERMA:1 POLISI:1 KEDAI:1 AKHBAR:1 HAK:1 CIPTA:1
http://www.utusan.com.my/category/gaya/fesyen/	FESYEN:27 UTUSAN:5 MASUK:3 LANGGAN:3 TERKINI:4 NASIONAL:4 JENAYAH:4 KOMUNITI:4 MAHKAMAH:4 POLITIK:4 TRAGEDI:4 EKONOMI:4 HARTANAH:4 KEWANGAN:4 PRODUK:5 RINGGIT:4 LUAR:4 NEGARA:4 BARAT:4 TENGGARA:4 GAYA:5 AGAMA:4 GAJET:4 HIBURAN:4 KELUARGA:4 WANITA:4 KESIHATAN:4 PENDIDIKAN:4 SUKAN:12 BOLA:4 SEPAK:8 BADMINTON:4 LUMBA:12 BASIKAL:4 KERETA:4 TAKRAW:4 SEMUA:4 RENCANA:4 SURAT:4 PEMBACA:4 PILIHAN:5 PANCAINDERA:4 SERI:4 HITAM:1 YANG:1 PENUH:1 WATAK:1 BAWA:2 IDENTITI:1 BATANG:1 KAYU:1 TIADA:1 DALAM:4 PENTAS:2 JADI:2 GALERI:1 SENI:1 HIDUP:1 DENGAN:1 CERMIN:1 MATA:1 MEWAH:3 WARISAN:1 NEGERI:1 SEMBILAN:1 BILA:1 BELANG:1 PERJALANAN:1 TAHUN:1 JAM:1 AUTOMATIK:1 PERTAMA:1 BAHU:1 JATUH:1 HATI:1 PADA:1 SIRI:1 JELAJAH:1 KEBAYA:1 LOKASI:1 ILHAM:1 MUTIARA:1 BUKAN:1 SEKADAR:1 CANTIK:1 TERUS:1 NAIK:1 TERMA:1 DAN:1 POLISI:1 SENARAI:1 KEDAI:1 AKHBAR:1 KAMI:1 HAK:1 CIPTA:1 MULIA:2 SATU:1 LAGI:1
https://www.utusan.com.my/gaya/2026/09/bila-baju-kurung-memahami-tubuh/	BILA:3 BAJU:7 KURUNG:6 MEMAHAMI:3 TUBUH:7 MASUK:3 LANGGAN:5 AGAMA:2 FESYEN:3 GAJET:2 HIBURAN:2 KELUARGA:2 WANITA:6 KESIHATAN:2 PENDIDIKAN:2 TERKINI:2 NASIONAL:2 JENAYAH:2 KOMUNITI:2 MAHKAMAH:2 POLITIK:2 TRAGEDI:2 EKONOMI:2 HARTANAH:2 KEWANGAN:2 PRODUK:3 RINGGIT:2 LUAR:2 NEGARA:2 BARAT:2 TENGGARA:2 SUKAN:6 BOLA:2 SEPAK:4 BADMINTON:2 LUMBA:6 BASIKAL:2 KERETA:2 TAKRAW:2 SEMUA:2 RENCANA:2 SURAT:2 PEMBACA:2 PANCAINDERA:2 SERI:2 AKAUN:2 OLEH:1 DALAM:5 DUNIA:1 YANG:23 KADANG:2 TERLALU:5 SIBUK:1 JENAMA:1 INI:6 BERANI:1 BERMAIN:1 DENGAN:5 WARNA:5 DAN:9 SEDIKIT:4 RASA:2 NAKAL:1 DARIPADA:5 BAYU:1 ADALAH:2 PILIHAN:2 SAYA:2 MINGGU:1 KITA:4 KINI:1 BIRU:2 TETAPI:3 TERASA:1 RELEVAN:1 BUKAN:3 SEKADAR:1 SEBENARNYA:1 ANTARA:1 PAKAIAN:1 PALING:3 ALMARI:1 TAHU:1 BAGAIMANA:1 HENDAK:1 SENDIRI:2 PERATUS:1 KAPAS:1 POTONGAN:3 KOLAR:2 BUTANG:1 SIMPULAN:1 BAHAGIAN:5 HADAPAN:1 PULA:2 PINGGANG:1 SATU:3 PERKARA:2 AKAN:4 FAHAM:1 TANPA:2 PERLU:4 HURAIKAN:1 PANJANG:2 POKET:1 KEDUA:1 DUA:1 BELAH:1 JUGA:2 PELBAGAI:1 HINGGA:1 BAGI:2 JANGAN:6 ANDA:3 SUDAH:3 MEMBERIKAN:2 GARIS:2 CANTIK:2 JADI:2 AKSESORI:1 BESAR:5 KASUT:3 HUJUNG:1 TAJAM:1 ATAU:6 SEDERHANA:1 BOLEH:3 BEG:4 KECIL:1 LEBIH:8 KALAU:1 GAYA:1 KEMAS:1 BAHU:5 MEMBANTU:1 UNTUK:3 APABILA:1 PINGGUL:3 LEBAR:1 BERI:1 PERHATIAN:2 PADA:4 ATAS:2 ITU:1 MENJADI:2 BAIK:2 MENARIK:1 TUDUNG:1 TINGGI:1 WAJAH:2 TIDAK:4 BIAR:1 KAIN:3 JATUH:2 SECARA:1 SEMULA:1 TENGAH:1 BERISI:1 KAWAN:1 SAIZ:2 SEMUANYA:1 HILANG:1 BIASANYA:1 HANYA:1 TENGGELAM:1 CARI:1 RUANG:2 PERUT:1 MASIH:1 ELOK:1 TAKUT:2 BENTUK:3 BADAN:1 SESUATU:1 KETAT:1 TEPAT:1 MEMBERI:3 PERGERAKAN:1 SAMBIL:1 CUKUP:1 TENTANG:1 KULIT:1 SISI:1 LEMBUT:1 MANAKALA:1 MEMPUNYAI:1 KETENANGAN:1 MUDAH:1 CUBA:1 DAHULU:1 DEPAN:1 CERMIN:2 JAWAPAN:1 JUJUR:1 CARTA:1 INTERNET:1 SEBAGAI:1 SENARAI:2 MASALAH:1 MUNGKIN:1 ITULAH:1 MAKNA:1 BAHARU:1 SETIAP:1 KALI:1 KEMBALI:1 KEPADA:1 SELAMA:1 ADA:1 MAHU:2 TERLEPAS:1 KAMI:2 BERITA:1 CALON:1 BELI:1 UNDI:1 PAS:1 KERAJAAN:1 NEGERI:1 DIBERI:1 KUASA:1 LUAS:1 BENDUNG:1 JUDI:1 GARANG:1 HATI:1 TERMA:1 POLISI:1 KEDAI:1 AKHBAR:1 HAK:1 CIPTA:1 MULIA:2 LAGI:1
https://www.utusan.com.my/gaya/fesyen/2026/08/hitam-yang-penuh-watak/	HITAM:5 YANG:19 PENUH:3 WATAK:3 MASUK:4 LANGGAN:5 AGAMA:2 FESYEN:7 GAJET:2 HIBURAN:2 KELUARGA:2 WANITA:3 KESIHATAN:2 PENDIDIKAN:2 TERKINI:2 NASIONAL:2 JENAYAH:2 KOMUNITI:2 MAHKAMAH:2 POLITIK:2 TRAGEDI:2 EKONOMI:2 HARTANAH:2 KEWANGAN:2 PRODUK:3 RINGGIT:2 LUAR:3 NEGARA:2 BARAT:2 TENGGARA:2 SUKAN:6 BOLA:2 SEPAK:4 BADMINTON:2 LUMBA:6 BASIKAL:2 KERETA:3 TAKRAW:2 SEMUA:3 RENCANA:2 SURAT:2 PEMBACA:2 PANCAINDERA:2 SERI:2 AKAUN:2 OLEH:1 ANDA:1 MEMANDANG:1 BANGUNAN:3 KONKRIT:3 LALU:1 TERFIKIR:1 KALAU:2 BOLEH:4 MUNGKIN:1 TIDAK:5 BIASANYA:1 KITA:1 CUMA:1 MENCARI:1 PINTU:1 TEMPAT:1 ATAU:9 SUDUT:1 PALING:1 CANTIK:3 UNTUK:3 NAMUN:2 TANGAN:1 RASUL:1 GRADUAN:2 ALAM:1 KEKUATAN:2 SENI:3 BINA:3 BERJAYA:1 MENJADI:4 DAN:11 SUKAR:1 BARU:2 INI:4 SAYA:2 MELIHAT:1 DUA:1 BIDANG:1 BERBEZA:1 TETAPI:1 SEBENARNYA:1 BAHASA:1 SAMA:1 IAITU:1 KEDUA:1 KREATIVITI:1 STRUKTUR:2 FUNGSI:3 KESEIMBANGAN:1 SERTA:2 PEMILIHAN:2 TEPAT:1 TUBUH:2 DARI:3 MANAKALA:1 PAKAIAN:5 RUANG:4 PERIBADI:1 BERSAMA:1 BUKAN:4 SEKADAR:3 SEBALIKNYA:1 DIA:1 BUSANA:2 SEPERTI:3 SEORANG:2 ARKITEK:1 DENGAN:6 MEMIKIRKAN:1 BENTUK:3 PERGERAKAN:1 PENDEKATAN:1 KERANA:1 SEMPADAN:1 APA:1 SEDANG:1 TULAR:1 SATU:3 GERAKAN:1 DALAM:3 SEJARAH:1 MODEN:2 TERKENAL:1 GARIS:3 TEGAS:2 WARNA:2 JUJUR:1 TANPA:2 HIASAN:1 SIFAT:1 ITU:1 BAHU:2 KOLAR:1 TINGGI:1 TAJAM:1 BESAR:2 AKAN:1 ADA:2 KELIHATAN:1 ARCA:1 PULA:2 LEBAR:1 MELALUI:1 SISTEM:1 HADAPAN:1 KUAT:1 AUTORITI:1 BELAKANG:1 HAMPIR:1 PELAN:1 KEJURUTERAAN:1 FABRIK:3 MEMBERIKAN:2 SEKALI:1 GUS:1 MEMBANTU:1 KELABU:2 ARANG:1 SETIAP:1 LEBIH:2 JELAS:1 KERAS:1 TETAP:1 BEBERAPA:1 BAHAGIAN:1 DIBUKA:1 BAGI:2 MEMPUNYAI:3 TUJUAN:1 SELAMA:1 SAAT:1 KAMERA:1 TURUT:1 PERBUALAN:1 IALAH:1 BERMAIN:1 KAPAS:1 LEMBUT:1 AKSESORI:1 LOGAM:1 JIKA:1 UNIK:1 UTAMA:2 PILIH:1 SELUAR:1 SKIRT:2 KASUT:1 TERLALU:1 BANYAK:1 PERINCIAN:1 HIDUP:1 PUN:1 BEGITU:1 SUDAH:2 BERCAKAP:1 LAIN:1 PERLU:1 MIKROFON:1 PENDEK:1 KEMUDIAN:1 RINGAN:2 TUDUNG:1 ASAP:1 PUTIH:1 BERSIH:1 KEMAS:1 SUPAYA:1 KEKAL:1 SANGGUL:1 RENDAH:1 RAMBUT:1 SEDIKIT:1 GINCU:1 MERAH:1 GELAP:1 PERAK:1 KARYA:1 MAHU:1 TERLEPAS:1 KAMI:2 BERITA:1 ISYTIHAR:1 DARURAT:1 SEPARUH:1 AKHIR:1 AGENDA:1 UMMAH:1 TERAS:1 PAS:1 PERUNTUKAN:1 PERKARA:1 TERMA:1 POLISI:1 SENARAI:1 KEDAI:1 AKHBAR:1 HAK:1 CIPTA:1 MULIA:2 LAGI:1
https://www.utusan.com.my/gaya/2026/08/cloakwork-bawa-identiti-jalanan-ke-skechvibe/	BAWA:2 IDENTITI:3 MASUK:3 LANGGAN:5 AGAMA:2 FESYEN:3 GAJET:2 HIBURAN:2 KELUARGA:2 WANITA:2 KESIHATAN:2 PENDIDIKAN:2 TERKINI:2 NASIONAL:2 JENAYAH:2 KOMUNITI:2 MAHKAMAH:2 POLITIK:2 TRAGEDI:2 EKONOMI:2 HARTANAH:2 KEWANGAN:2 PRODUK:3 RINGGIT:2 LUAR:2 NEGARA:2 BARAT:2 TENGGARA:2 SUKAN:6 BOLA:2 SEPAK:4 BADMINTON:2 LUMBA:6 BASIKAL:2 KERETA:2 TAKRAW:2 SEMUA:2 RENCANA:2 SURAT:2 PEMBACA:2 PANCAINDERA:2 SERI:2 AKAUN:2 OLEH:1 SENI:4 DAN:10 ATAU:1 NAMA:1 SEBENARNYA:1 LOK:1 KINI:1 DALAM:1 BERSAMA:1 ITU:4 EMPAT:1 BAJU:1 SATU:2 BEG:1 EDISI:1 TERHAD:2 DENGAN:1 WARNA:1 TERANG:1 SERTA:1 YANG:5 MENJADI:1 TURUT:1 PERINCIAN:1 KECIL:3 HATI:1 SAMPING:1 KEPADA:4 BUDAYA:2 CONTOHNYA:1 LELAKI:1 BUAIAN:1 TEPI:2 PANTAI:1 SAMBIL:2 TEH:1 AIS:1 BUNGKUS:1 IKAT:1 SELAIN:2 SKUTER:1 KEHIDUPAN:1 BERKATA:1 MERUPAKAN:1 PENGALAMAN:2 MEMBESAR:1 TENGAH:1 BANDAR:1 RAYA:1 KUALA:1 LUMPUR:1 MELALUI:2 SAYA:4 MAHU:2 ORANG:1 RAMAI:1 SUPAYA:1 LANGKAH:1 MASA:1 ALAM:1 WALAUPUN:2 SEKETIKA:1 DARIPADA:2 SANTAI:1 INI:4 KEMBALI:1 BANYAK:1 GAYA:1 TERMASUK:1 DINDING:1 TIN:1 CAT:1 MUZIK:1 BARU:2 PAKAIAN:1 BERBEZA:1 KERANA:1 RUANG:1 LEBIH:1 JADI:1 DIA:1 PERLU:1 MEMIKIRKAN:1 BAGAIMANA:1 KARYA:1 KELIHATAN:1 APABILA:1 MEMBERI:1 MENEROKA:1 CARA:1 BAHARU:1 CERITA:1 UNSUR:1 BERHARAP:1 DAPAT:1 MUDA:1 SEKALI:1 GUS:1 MEREKA:1 MENGHARGAI:1 TIDAK:1 TERLEPAS:1 KAMI:2 BERITA:1 ISYTIHAR:1 DARURAT:1 SEPARUH:1 AKHIR:1 AGENDA:1 UMMAH:1 TERAS:1 UTAMA:1 PAS:1 PERUNTUKAN:1 BUKAN:1 PERKARA:1 RINGAN:1 TERMA:1 POLISI:1 SENARAI:1 KEDAI:1 AKHBAR:1 HAK:1 CIPTA:1 MULIA:2 LAGI:1
https://www.utusan.com.my/gaya/2026/08/batang-kayu-hangus-tiada-dalam-rekaan/	BATANG:3 KAYU:3 TIADA:2 DALAM:5 MASUK:3 LANGGAN:5 AGAMA:2 FESYEN:4 GAJET:2 HIBURAN:2 KELUARGA:2 WANITA:2 KESIHATAN:2 PENDIDIKAN:2 TERKINI:2 NASIONAL:2 JENAYAH:2 KOMUNITI:2 MAHKAMAH:2 POLITIK:2 TRAGEDI:2 EKONOMI:2 HARTANAH:2 KEWANGAN:2 PRODUK:3 RINGGIT:2 LUAR:2 NEGARA:2 BARAT:2 TENGGARA:2 SUKAN:6 BOLA:2 SEPAK:4 BADMINTON:2 LUMBA:6 BASIKAL:2 KERETA:2 TAKRAW:2 SEMUA:2 RENCANA:2 SURAT:2 PEMBACA:2 PANCAINDERA:2 SERI:2 AKAUN:2 OLEH:1 YANG:10 KELIHATAN:2 OLAH:1 TUBUH:1 PADA:3 BUSANA:10 PENTAS:5 ANUGERAH:1 JUARA:1 LAGU:3 BUKAN:2 SEBAHAGIAN:1 DARIPADA:3 ASAL:1 SEBALIKNYA:2 KEMUDIAN:2 SELEPAS:1 KIRA:3 MAKSUD:2 DIPERSEMBAHKAN:1 PENYANYI:1 UNSUR:1 DAN:16 KEMARAHAN:1 BERKATA:1 SELAIN:1 ITU:5 JUGA:1 SELARI:1 DENGAN:4 KONSEP:3 GUNUNG:2 WALAUPUN:1 SUDAH:1 BANYAK:2 UNTUK:4 KALI:2 INI:3 ANTARA:2 PALING:2 PERINCIAN:2 KERANA:3 SAYA:2 MAHU:3 IDEA:1 ARANG:7 API:1 TRANSFORMASI:1 TENAGA:1 SAMBIL:1 DAPAT:2 MEMBUAT:2 PERSEMBAHAN:3 SERTA:6 SELAMAT:2 ATAS:2 KEPADA:1 UTUSAN:1 BARU:2 MASA:1 JAM:1 PEMBANGUNAN:1 PEMBINAAN:1 SEHINGGA:1 AKHIR:2 MALAH:1 TURUT:2 PELBAGAI:1 TEKNIK:1 STRUKTUR:3 BATUAN:1 CAIR:1 SERPIHAN:1 IALAH:2 KAIN:2 POLIESTER:1 KAPAS:1 CAT:1 LAIN:1 TERMASUK:1 METER:2 KACA:2 LEBIH:2 BERAT:1 BIASA:1 PERTAMA:1 SANGAT:1 TERUJA:1 TERUS:1 MEMAHAMI:1 WATAK:1 CERITA:1 BAGI:2 HANYA:1 BENAR:2 LENGKAP:1 APABILA:1 MENGHIDUPKAN:1 MEMPUNYAI:1 KEUPAYAAN:1 MAMPU:1 KUAT:1 SENI:1 ARCA:1 SATU:2 KARYA:1 TUMBUK:1 SEBELUM:2 DIPASANG:3 BAHAGIAN:3 PENGGUNAAN:1 SEPERTI:1 SECARA:2 SEMULA:1 JADI:1 DARI:1 PERLU:2 DITUMBUK:1 DAHULU:1 SUPAYA:2 ASAS:1 BESAR:1 DIBUAT:1 BENTUK:1 KUKUH:1 KETIKA:1 KEKAL:1 ASPEK:1 KESELAMATAN:1 SENTIASA:1 DIBERI:1 MENARI:1 TIDAK:1 TERLEPAS:1 KAMI:2 BERITA:1 ISYTIHAR:1 DARURAT:1 SEPARUH:1 AGENDA:1 UMMAH:1 TERAS:1 UTAMA:1 PAS:1 PERUNTUKAN:1 PERKARA:1 RINGAN:1 TERMA:1 POLISI:1 SENARAI:1 KEDAI:1 AKHBAR:1 HAK:1 CIPTA:1 MULIA:2 LAGI:1
http://www.utusan.com.my/category/gaya/deko/	UTUSAN:1 MASUK:4 LANGGAN:5 INSPIRASI:2 LIKU:2 HIDUP:2 CANTIK:2 RESIPI:2 TERKINI:2 NASIONAL:2 JENAYAH:2 KOMUNITI:2 MAHKAMAH:2 POLITIK:2 TRAGEDI:2 EKONOMI:2 HARTANAH:2 KEWANGAN:2 PRODUK:3 LUAR:2 NEGARA:2 BARAT:2 TENGGARA:2 GAYA:3 AGAMA:2 FESYEN:2 GAJET:2 HIBURAN:2 KELUARGA:2 WANITA:2 KESIHATAN:2 SUKAN:6 BOLA:2 SEPAK:4 BADMINTON:2 LUMBA:6 BASIKAL:2 KERETA:2 TAKRAW:2 SEMUA:2 RENCANA:2 SURAT:2 PEMBACA:2 PANCAINDERA:2 AKAUN:2 JATI:1 KLASIK:1 WARNA:2 TERANG:1 KONSEP:3 CIPTA:3 HIASAN:1 JIWA:2 PEMILIK:1 RUMAH:7 BERI:1 KEPADA:1 NENEK:1 SERI:1 MENENANGKAN:1 JADI:1 SENI:2 BINA:1 IDENTITI:1 GUNA:1 RUANG:1 LAPANG:1 DENGAN:3 BUJANG:1 DAN:2 BAJET:1 TAMPAK:1 MEWAH:1 BERSAMA:1 MANA:1 REKA:1 BENTUK:1 MENJADI:1 SUATU:1 PENGALAMAN:1 HATI:1 BILA:1 TERMA:1 POLISI:1 SENARAI:1 KEDAI:1 AKHBAR:1 KAMI:1 HAK:1 MULIA:2 SATU:1 LAGI:1
https://www.utusan.com.my/seri/2026/09/rumah-merah-bawa-aura-ceria-membara/	RUMAH:3 BAWA:2 MASUK:3 LANGGAN:5 INSPIRASI:2 LIKU:2 HIDUP:2 CANTIK:2 RESIPI:2 TERKINI:2 NASIONAL:2 JENAYAH:2 KOMUNITI:2 MAHKAMAH:2 POLITIK:2 TRAGEDI:2 EKONOMI:2 HARTANAH:2 KEWANGAN:2 PRODUK:4 LUAR:2 NEGARA:2 BARAT:2 TENGGARA:2 GAYA:3 AGAMA:2 FESYEN:2 GAJET:2 HIBURAN:2 KELUARGA:2 WANITA:2 KESIHATAN:2 SUKAN:6 BOLA:2 SEPAK:4 BADMINTON:2 LUMBA:6 BASIKAL:2 KERETA:2 TAKRAW:2 SEMUA:2 RENCANA:2 SURAT:2 PEMBACA:2 PANCAINDERA:2 AKAUN:2 OLEH:1 MAK:2 NGAH:1 DEMIKIAN:1 ANTARA:1 TETAMU:1 APABILA:1 JENIS:2 YANG:8 TERLETAK:1 GONG:1 BADAK:1 INI:4 BUKAN:1 HANYA:1 DINDING:2 MALAH:1 WARNA:3 MERAH:8 TURUT:3 PERABOT:5 DAN:12 HIASAN:3 SUDUT:1 DARIPADA:3 RUANG:2 TAMU:2 HINGGA:2 DAPUR:1 SEMUANYA:1 SERBA:1 MAT:1 BERKATA:2 RONA:4 ITU:6 KERANA:2 MAMPU:1 SEMANGAT:1 MERUPAKAN:1 KEGEMARAN:1 SAYA:7 SEJAK:1 ZAMAN:1 LAGI:3 SEBELUM:1 CUMA:1 PADA:4 BAJU:1 KASUT:1 KENDERAAN:1 PERIBADI:1 LAIN:1 UNTUK:3 MEMBERIKAN:2 SEDIKIT:3 DEMI:1 KEPADA:1 SERI:1 BARU:2 DEKORASI:4 BANYAK:4 SENDIRI:1 TANPA:1 TERLALU:1 DENGAN:4 KONSEP:1 ATAU:2 TREND:1 TERTENTU:1 DIA:3 JUGA:1 TIDAK:6 TENTANG:1 MAHUPUN:1 JENAMA:1 ADA:1 SUDAH:1 CUKUP:1 WALAUPUN:1 DIBERI:1 PELBAGAI:2 TERMASUK:1 TETAPI:1 HATI:1 KATA:3 TERSEBUT:1 RAMAI:1 SEKALI:1 GUS:1 UNIK:1 MEMPUNYAI:1 IDENTITI:1 PILIHAN:1 PASARAN:2 PEMILIHAN:1 SUKAR:1 APATAH:1 KETIKA:1 TAHUN:1 BAHARU:2 LEBIH:1 BAGI:2 KEDUA:3 DUA:3 PERAYAAN:1 MENARIK:1 PUN:1 ORANG:1 PELIK:1 BILA:1 TENGOK:1 MACAM:1 PULA:2 HENDAK:1 TERTAWA:1 HITAM:3 KLASIK:2 KELIHATAN:1 GARANG:1 PANAS:1 MEMBANTU:1 SELANG:1 MANAKALA:1 LANGSIR:1 SERTA:1 PERMAIDANI:1 ANAK:2 JATI:1 SEBAGAI:1 KELAINAN:1 TEMPAYAN:2 LAMA:1 JAWI:1 MAHU:1 TERLEPAS:1 KAMI:2 BERITA:1 MUDA:1 SELAMATKAN:1 TAYAR:1 TERMA:1 POLISI:1 SENARAI:1 KEDAI:1 AKHBAR:1 HAK:1 CIPTA:1 MULIA:2 SATU:1
https://www.utusan.com.my/seri/2026/08/jati-pelengkap-gaya-inggeris-klasik/	JATI:4 GAYA:4 KLASIK:6 MASUK:3 LANGGAN:5 INSPIRASI:3 LIKU:2 HIDUP:2 CANTIK:3 RESIPI:2 TERKINI:2 NASIONAL:2 JENAYAH:2 KOMUNITI:2 MAHKAMAH:2 POLITIK:2 TRAGEDI:2 EKONOMI:2 HARTANAH:2 KEWANGAN:2 PRODUK:3 LUAR:2 NEGARA:2 BARAT:2 TENGGARA:2 AGAMA:2 FESYEN:2 GAJET:2 HIBURAN:2 KELUARGA:2 WANITA:2 KESIHATAN:2 SUKAN:6 BOLA:2 SEPAK:4 BADMINTON:2 LUMBA:6 BASIKAL:2 KERETA:2 TAKRAW:2 SEMUA:2 RENCANA:2 SURAT:2 PEMBACA:2 PANCAINDERA:2 AKAUN:2 OLEH:1 MINAT:1 TERHADAP:1 BUNGA:4 MENJADI:1 ANTARA:2 SEBAB:2 PEMILIK:1 DUA:1 TINGKAT:1 BATU:1 INI:6 KONSEP:7 SELAIN:3 MEMBERIKAN:3 LEMBUT:1 TURUT:4 YANG:8 TENANG:1 DAN:22 KAYU:2 DALAM:4 DEKORASI:2 SEKALI:1 GUS:1 MENAMBAHKAN:1 SERI:2 PADA:2 BERKATA:1 SUDAH:4 SEJAK:3 LEBIH:4 TAHUN:1 LALU:1 SAYA:7 MEMANG:2 SUKA:2 RUMAH:5 DULU:3 LAGI:5 DENGAN:5 WALAUPUN:1 TIGA:2 DEKAD:1 MASIH:3 TIDAK:9 TERFIKIR:1 UNTUK:2 KEPADA:3 BARU:2 APATAH:1 SEGAR:1 MUDAH:1 KETINGGALAN:1 ZAMAN:1 BERCERITA:1 LANJUT:1 DILAKUKAN:1 SENDIRI:1 SECARA:1 SUSUN:2 ATUR:2 WARNA:2 KESESUAIAN:1 RUANG:4 RUJUKAN:1 KETIKA:2 ITU:5 IALAH:1 MAJALAH:1 HIASAN:3 SEPERTI:3 BANYAK:2 IDEA:2 SERTA:4 IBU:1 ANAK:1 LELAKI:1 TERLALU:2 BERGANTUNG:1 CONTOH:2 ORANG:1 LAIN:3 SEBALIKNYA:1 RASA:1 PERABOT:3 SEDIKIT:2 DEMI:1 SEHINGGA:1 LENGKAP:1 SEKARANG:2 SELEPAS:2 DUNIA:1 MAHU:2 SENTIASA:1 SEBENARNYA:1 SUSAH:2 PANDAI:1 SUPAYA:2 NAMPAK:2 BAGI:1 AKSESORI:2 SEBAGAI:1 LANGSIR:1 PUTIH:2 COKLAT:1 TANPA:2 SEBARANG:1 MALAH:2 ALMARI:1 KERUSI:1 JUGA:2 MEMPUNYAI:1 ATAU:1 LANGKAH:1 MENAMBAH:1 KELIHATAN:1 KALAU:1 NANTI:1 HENDAK:1 TAMU:1 KEMAS:1 SEDAP:1 MATA:1 MEMANDANG:1 ORKID:1 RONA:1 MERAH:1 JAMBU:1 PILIHAN:1 SERING:1 TUMBUHAN:1 HIJAU:1 KELADI:1 LAMA:1 TERMASUK:1 PINGGAN:1 MANGKUK:1 CAWAN:1 KANGKUNG:1 SAMPING:1 PELBAGAI:1 JENIS:1 PASU:1 SIRIH:1 DULANG:1 ADA:2 BEBERAPA:1 PIRING:1 TETAPI:1 KOTAK:1 BELUM:1 DINDING:1 KESEMUA:1 BEKERJA:1 KERANA:1 APA:1 BUKAN:2 SAHAJA:1 NOSTALGIA:1 TERLEPAS:1 KAMI:2 BERITA:1 ISYTIHAR:1 DARURAT:1 SEPARUH:1 AKHIR:1 AGENDA:1 UMMAH:1 TERAS:1 UTAMA:1 PAS:1 PERUNTUKAN:1 PERKARA:1 RINGAN:1 TERMA:1 POLISI:1 SENARAI:1 KEDAI:1 AKHBAR:1 HAK:1 CIPTA:1 MULIA:2 SATU:1
https://www.utusan.com.my/seri/2026/08/warna-terang-memukau-suasana-kediaman/	WARNA:4 TERANG:3 MASUK:3 LANGGAN:5 INSPIRASI:2 LIKU:2 HIDUP:3 CANTIK:3 RESIPI:2 TERKINI:3 NASIONAL:2 JENAYAH:2 KOMUNITI:2 MAHKAMAH:2 POLITIK:2 TRAGEDI:2 EKONOMI:2 HARTANAH:2 KEWANGAN:2 PRODUK:3 LUAR:2 NEGARA:2 BARAT:2 TENGGARA:2 GAYA:4 AGAMA:2 FESYEN:2 GAJET:2 HIBURAN:2 KELUARGA:2 WANITA:2 KESIHATAN:2 SUKAN:6 BOLA:2 SEPAK:4 BADMINTON:2 LUMBA:6 BASIKAL:2 KERETA:2 TAKRAW:2 SEMUA:2 RENCANA:2 SURAT:2 PEMBACA:2 PANCAINDERA:2 AKAUN:2 OLEH:1 AIN:1 DUNIA:1 DEKORASI:10 SENTIASA:1 DENGAN:6 DAN:12 RASA:2 PEMILIK:3 JIKA:1 DAHULU:1 RAMAI:1 CENDERUNG:2 UNTUK:7 SATU:3 KONSEP:2 TERTENTU:1 BAGI:5 NAMUN:3 TREND:2 TERSEBUT:3 SEMAKIN:1 BERUBAH:1 SEJAK:1 INI:6 KINI:1 LEBIH:6 BERANI:1 BEBERAPA:1 BERBEZA:1 RUANG:13 YANG:16 PENDEKATAN:1 BUKAN:2 SAHAJA:2 KELIHATAN:8 MENARIK:2 MALAH:3 MEMBERI:1 KEPADA:2 RUMAH:4 PERIBADI:1 MEREKA:2 MENURUT:1 DIA:9 AKAN:3 CUBA:1 MENCARI:1 APA:2 AGAR:2 DAPAT:2 SUPAYA:1 SESUATU:2 ITU:3 TIDAK:5 MAHU:3 DALAM:5 TERLALU:1 PADA:2 MASA:5 SAMA:1 JUGA:5 SELAIN:1 BOLEH:2 SEDAP:1 MATA:1 MEMANDANG:1 KALAU:1 SECARA:2 SAYA:4 SERTA:5 MEMPUNYAI:1 PELBAGAI:1 WALAUPUN:2 BANYAK:2 POKOK:4 HIJAU:3 SETIAP:4 SUDUT:2 KEHADIRAN:1 MENGHIDUPKAN:2 MERAH:2 TITIK:2 UTAMA:3 MENGENAI:1 MENJADI:2 TELEVISYEN:1 KERANA:2 LAIN:1 HIASAN:1 MEMBERIKAN:1 SEGAR:1 MERUPAKAN:1 TEMPAT:1 BEREHAT:1 BERSAMA:1 LAPANG:1 BERKATA:3 KEDAI:2 ATAU:2 MASIH:1 BARU:1 ADA:1 BELI:1 SEBENARNYA:1 TENTANG:1 HARGA:1 BARANG:2 BURU:2 DIBUAT:1 PERLAHAN:2 HAMPIR:1 TIGA:1 TAHUN:1 SEBAIK:1 MULA:2 MENAMBAH:1 PERABOT:1 SEDIKIT:2 DEMI:1 BAJET:2 DILAKUKAN:1 PERJALANAN:1 TURUT:1 KOS:1 BEGITU:1 DARI:1 BAHARU:1 KEPERLUAN:1 TERLEPAS:1 KAMI:2 BERITA:1 ISYTIHAR:1 DARURAT:1 SEPARUH:1 AKHIR:1 AGENDA:1 UMMAH:1 TERAS:1 PAS:1 PERUNTUKAN:1 PERKARA:1 RINGAN:1 TERMA:1 POLISI:1 SENARAI:1 AKHBAR:1 HAK:1 CIPTA:1 MULIA:2 LAGI:1
https://www.utusan.com.my/seri/2026/08/pesona-chinoiserie-di-terengganu/	MASUK:3 LANGGAN:5 INSPIRASI:3 LIKU:2 HIDUP:2 CANTIK:2 RESIPI:2 TERKINI:2 NASIONAL:2 JENAYAH:2 KOMUNITI:2 MAHKAMAH:2 POLITIK:2 TRAGEDI:2 EKONOMI:2 HARTANAH:2 KEWANGAN:2 PRODUK:3 LUAR:3 NEGARA:3 BARAT:2 TENGGARA:2 GAYA:2 AGAMA:2 FESYEN:2 GAJET:2 HIBURAN:2 KELUARGA:3 WANITA:2 KESIHATAN:2 SUKAN:6 BOLA:2 SEPAK:4 BADMINTON:2 LUMBA:6 BASIKAL:2 KERETA:2 TAKRAW:2 SEMUA:2 RENCANA:2 SURAT:2 PEMBACA:2 PANCAINDERA:2 AKAUN:2 OLEH:2 KONSEP:8 DEKORASI:8 BELUM:1 BEGITU:1 PADA:4 NAMUN:2 SENI:1 TIMUR:1 DAN:18 INI:11 SUDAH:1 LAMA:1 MENDAPAT:1 TEMPAT:1 DALAM:5 KLASIK:3 SELURUH:1 DUNIA:1 TERSEBUT:1 ABU:1 BAKAR:1 SEBAGAI:3 IDENTITI:2 UTAMA:2 MEMPUNYAI:3 YANG:11 MAMPU:1 SEGAR:1 SEJAK:1 RUMAH:5 HASRAT:1 SAYA:4 ADALAH:1 UNTUK:3 RUANG:9 BUKAN:3 SAHAJA:2 MALAH:4 DENGAN:2 BERBEZA:1 SEBELUM:1 MELALUI:1 TRANSFORMASI:1 SECARA:3 SEHINGGA:1 WAJAH:1 SEPERTI:1 HARI:1 MASIH:1 AGAK:1 MODEN:1 LEBIH:4 MENJADI:4 PILIHAN:3 PEMILIK:2 KEPADA:3 SERI:1 BARU:2 PERCAYA:1 SENTIASA:1 BERUBAH:1 PENGALAMAN:1 SERTA:5 RASA:2 ITU:3 DIA:3 TIDAK:3 SEBALIKNYA:3 SETIAP:5 KESESUAIAN:2 FUNGSI:1 DARI:5 SEMASA:2 RUJUKAN:2 DARIPADA:2 LAMAN:1 MAJALAH:1 KARYA:1 HIASAN:1 SEGALA:1 IDEA:1 PEMILIHAN:3 SUSUN:1 ATUR:1 TETAP:1 IMAGINASI:1 SENDIRI:1 TERLALU:2 PERATURAN:1 REKA:3 BENTUK:3 DIRI:1 TURUT:3 AHLI:1 BELAKANG:1 BIDANG:1 PANDUAN:1 TELITI:1 WARNA:3 AKSESORI:3 DEKORATIF:1 BAGI:2 KESEIMBANGAN:2 PENSYARAH:1 KANAN:1 PENGGUNAAN:2 SUPAYA:1 DAPAT:1 ANTARA:2 SATU:3 SAMA:2 LAIN:2 DIBERI:1 PERHATIAN:1 PERABOT:1 PULA:1 DIBUAT:1 TANPA:1 JENAMA:1 KEDAI:2 ATAU:1 TREND:1 TERTENTU:1 SELAIN:1 KHAS:1 ADA:1 JUGA:3 KERANA:3 KEUNIKAN:3 BOLEH:1 MENYEBABKAN:1 TAMPAK:1 PADAT:1 BENAR:2 MASA:2 KESABARAN:1 API:2 SUDUT:2 JARANG:1 TITIK:1 TUMPU:1 BERJAYA:1 HANGAT:1 MERUPAKAN:1 KEGEMARAN:1 BEREHAT:1 MEMBACA:1 TETAMU:2 SERING:1 LOKASI:1 BERSAMA:1 MAHU:1 TERLEPAS:1 KAMI:2 BERITA:1 ISYTIHAR:1 DARURAT:1 SEPARUH:1 AKHIR:1 AGENDA:1 UMMAH:1 TERAS:1 PAS:1 PERUNTUKAN:1 PERKARA:1 RINGAN:1 TERMA:1 POLISI:1 SENARAI:1 AKHBAR:1 HAK:1 CIPTA:1 MULIA:2 LAGI:1
https://utusan.com.my/terma-dan-syarat/	TERMA:3 DAN:3 UTUSAN:20 MASUK:3 LANGGAN:3 TERKINI:4 NASIONAL:4 JENAYAH:4 KOMUNITI:4 MAHKAMAH:4 POLITIK:4 TRAGEDI:4 EKONOMI:4 HARTANAH:4 KEWANGAN:4 PRODUK:5 RINGGIT:4 LUAR:4 NEGARA:4 BARAT:5 TENGGARA:4 GAYA:4 AGAMA:4 FESYEN:4 GAJET:4 HIBURAN:4 KELUARGA:4 WANITA:4 KESIHATAN:4 PENDIDIKAN:4 SUKAN:12 BOLA:4 SEPAK:8 BADMINTON:4 LUMBA:12 BASIKAL:4 KERETA:4 TAKRAW:4 SEMUA:4 RENCANA:4 SURAT:4 PEMBACA:4 PILIHAN:4 PANCAINDERA:4 SERI:4 YOU:72 MULIA:5 VIDEO:1 FAIL:1 CAN:3 ONLINE:1 INTERNET:2 LORONG:1 PERSIARAN:1 JAYA:1 POLISI:1 SENARAI:1 KEDAI:1 AKHBAR:1 KAMI:1 HAK:1 CIPTA:1 SATU:1 LAGI:1
https://utusan.com.my/polisi-editorial/	POLISI:2 UTUSAN:6 MASUK:3 LANGGAN:3 TERKINI:4 NASIONAL:4 JENAYAH:4 KOMUNITI:4 MAHKAMAH:4 POLITIK:4 TRAGEDI:4 EKONOMI:4 HARTANAH:4 KEWANGAN:4 PRODUK:5 RINGGIT:4 LUAR:4 NEGARA:4 BARAT:4 TENGGARA:4 GAYA:4 AGAMA:4 FESYEN:4 GAJET:4 HIBURAN:4 KELUARGA:4 WANITA:4 KESIHATAN:4 PENDIDIKAN:4 SUKAN:12 BOLA:4 SEPAK:8 BADMINTON:4 LUMBA:12 BASIKAL:4 KERETA:4 TAKRAW:4 SEMUA:4 RENCANA:4 SURAT:4 PEMBACA:4 PILIHAN:4 PANCAINDERA:4 SERI:4 MULIA:11 MINGGUAN:1 AHAD:1 HAD:1 BAHASA:1 CAN:1 TERMA:1 DAN:1 SENARAI:1 KEDAI:1 AKHBAR:1 KAMI:1 HAK:1 CIPTA:1 SATU:1 LAGI:1
https://utusan.com.my/senarai-kedai-akhbar/	SENARAI:3 KEDAI:31 AKHBAR:5 UTUSAN:5 MASUK:3 LANGGAN:3 TERKINI:4 NASIONAL:4 JENAYAH:4 KOMUNITI:4 MAHKAMAH:4 POLITIK:4 TRAGEDI:4 EKONOMI:4 HARTANAH:4 KEWANGAN:4 PRODUK:5 RINGGIT:4 LUAR:4 NEGARA:8 BARAT:17 TENGGARA:4 GAYA:4 AGAMA:4 FESYEN:4 GAJET:4 HIBURAN:4 KELUARGA:4 WANITA:4 KESIHATAN:4 PENDIDIKAN:4 SUKAN:12 BOLA:4 SEPAK:8 BADMINTON:4 LUMBA:12 BASIKAL:4 KERETA:4 TAKRAW:4 SEMUA:4 RENCANA:4 SURAT:4 PEMBACA:4 PILIHAN:4 PANCAINDERA:4 SERI:21 KUALA:147 LUMPUR:136 STESEN:18 JALAN:537 ARA:11 LAPANGAN:1 TERBANG:1 SUBANG:3 SEKSYEN:64 BANDAR:95 UTAMA:36 BATU:88 BARU:41 SURIA:4 BUKIT:55 JAYA:71 PERDANA:23 UNIT:14 HOTEL:2 ELEKTRON:1 DENAI:4 ALAM:122 TINGGI:31 PERSIARAN:48 NILAM:10 KOTA:34 TIGA:4 LAMA:10 RAJA:32 SETIA:49 DATARAN:5 MENARA:7 KEMUNING:8 MUTIARA:1 OASIS:4 CEMPAKA:4 PANDAN:17 INDAH:25 TAMAN:159 BAHAGIA:2 PUSAT:15 BANGUNAN:8 BERSATU:3 UNIVERSITI:2 ATAS:2 DAN:8 SEBAHAGIAN:2 PUTERI:6 WAWASAN:2 SELATAN:5 KOI:1 PIPIT:1 SEPANG:7 HOSPITAL:3 SINGA:4 LOMPAT:1 PADANG:8 PRESINT:5 PERBANDARAN:1 BUDIMAN:3 BANDARAYA:2 OLAHRAGA:1 KAWASAN:15 BUNGA:9 LOCENG:1 KUNING:1 SUNGAI:33 BESAR:40 SAUJANA:8 BULOH:10 PEKAN:22 TASIK:1 PANTAI:4 KIRI:2 HUKUM:1 CANSELOR:1 TUANKU:2 PERMAISURI:1 MANIS:1 SEGAR:1 WISMA:4 PLATINUM:4 DANAU:6 DESA:17 RESIDEN:2 RIMBUNAN:2 RAYA:12 LAMAN:1 BELI:2 BELAH:7 LESTARI:2 HORIZON:1 SENTUL:6 PASAR:44 SETAPAK:17 LORONG:21 WANGSA:12 MAJU:16 MELATI:4 TUMBUHAN:1 IPOH:2 MUKIM:4 TENGAH:3 TIMUR:1 PUTRA:20 MAKTAB:1 RUANG:1 NIAGA:4 TEKSI:2 PERUBATAN:1 UTARA:2 PROFESOR:1 DIRAJA:1 PANGSAPURI:1 KHIDMAT:1 KOLAM:1 AIR:4 STESYEN:2 TENAGA:1 MESRA:6 PINANG:4 MERCU:1 CENDANA:1 SULTAN:2 MEGA:2 MENDUNG:1 ENDAH:2 HANG:1 KASTURI:1 PERAK:2 ILHAM:1 PALMA:2 INTAN:2 LAUT:1 PUTUS:2 TELUK:24 UDANG:3 AMAN:5 MAHOGANI:1 TINGKAT:3 BAWAH:4 BAYU:8 HAJI:3 PULOH:2 MEWAH:4 SINGGAHSANA:1 SENTOSA:10 UDA:2 ORKID:3 LEBUH:8 PULUH:3 MUDA:14 KUDA:2 RANTAU:7 PANJANG:5 SANGGUL:1 PELABUHAN:19 GEMILANG:5 RIMBA:4 LENGKUAS:2 MELUR:2 WAU:2 OPERA:1 LIKU:2 BERJAYA:3 PELABUR:2 PAHAT:8 KAYANGAN:2 UNGU:1 PLUMBUM:2 KOMPLEKS:4 PANGLIMA:15 GARANG:15 ALANG:1 SAL:1 BANGAU:1 JATI:8 PELANGI:4 LINTANG:1 WILAYAH:1 PERSEKUTUAN:1 YAKIN:1 ANAK:1 BELANGKAS:1 KAMPUNG:26 KERAMAT:6 ULU:1 LEMBAH:1 PERKASA:1 MASJID:6 SEBELAH:2 RESTORAN:6 RAKYAT:1 SEROJA:1 PANAS:2 AYER:2 RUMAH:2 IBU:1 FASA:4 HARIAN:1 NIRWANA:1 KEMAJUAN:1 BRIYANI:1 BANTING:4 OLAK:1 IJOK:1 BATANG:3 AGENSI:1 KAWAN:1 GERAI:6 KALI:1 ARANG:1 SATU:5 TUA:3 LAKSAMANA:2 NAKHODA:3 SELERA:2 KAJANG:7 DIN:2 BESTARI:3 PUSTAKA:1 LEK:1 BAIDURI:1 HULU:1 TONG:2 SASARAN:1 KOPI:1 NYATA:1 SELAT:1 MERANTI:1 PUTIH:1 SITI:1 NIRMALA:1 SEJATI:1 BENDAHARA:1 LONG:1 MINYAK:1 BIR:1 KOPITIAM:6 MEMPELAM:1 KUBU:2 BHARU:2 INSAF:1 SENG:4 KASIH:1 KUANG:4 CEMPEDAK:1 KEM:1 GAGAH:2 SAMA:1 GEDUNG:1 SYARIKAT:7 PETROL:1 GONG:2 KARIM:1 SUKMA:2 PUNCAK:3 BAKAU:2 KERTAS:2 MENTERI:2 SABAK:1 SAUDARA:1 EMPAT:7 MIN:1 SALAK:4 HAI:1 MURAH:1 AWAM:3 MAWAR:1 SINAR:1 TIMUN:2 NELAYAN:1 JUBLI:1 MERBAU:2 TANJUNG:2 KARANG:1 WIRA:2 ZAMAN:1 PAHLAWAN:3 HORMAT:1 KITA:1 SEKOLAH:2 HITAM:2 GADING:4 DELIMA:2 MERDEKA:1 LALANG:1 RENGIT:1 BUKU:7 TUNGGAL:1 TENANG:2 MAHKOTA:2 KECIL:1 SELAMAT:2 PASIR:2 NANAS:1 TOKO:1 BIN:7 BAS:1 HARTA:1 BALOI:1 ANAM:2 KENANGAN:1 LUM:1 AWANG:1 BANK:1 BAKAR:1 MAIN:1 WAKIL:1 SIMPANG:8 MATI:1 ALOR:4 GAJAH:5 DEWA:1 WARISAN:1 IBUNDA:1 TANAH:2 EMAS:2 MAS:1 NEGERI:28 SEMBILAN:28 API:1 KAPITAN:1 HARUAN:1 PAKAIAN:1 RIA:1 ILMU:1 DEWAN:1 PENJARA:1 DARA:2 BERA:1 MENUJU:1 LAYANG:2 SERBAGUNA:1 BERHAD:1 STOR:1 MUTHU:1 KUBANG:1 KEK:1 TERMA:1 POLISI:1 KAMI:1 HAK:1 CIPTA:1 MULIA:2 LAGI:1
https://utusan.com.my/hubungi-kami/	KAMI:3 UTUSAN:5 MASUK:3 LANGGAN:3 TERKINI:4 NASIONAL:4 JENAYAH:4 KOMUNITI:4 MAHKAMAH:4 POLITIK:4 TRAGEDI:4 EKONOMI:4 HARTANAH:4 KEWANGAN:4 PRODUK:5 RINGGIT:4 LUAR:4 NEGARA:4 BARAT:4 TENGGARA:4 GAYA:4 AGAMA:4 FESYEN:4 GAJET:4 HIBURAN:4 KELUARGA:4 WANITA:4 KESIHATAN:4 PENDIDIKAN:4 SUKAN:12 BOLA:4 SEPAK:8 BADMINTON:4 LUMBA:12 BASIKAL:4 KERETA:4 TAKRAW:4 SEMUA:4 RENCANA:4 SURAT:4 PEMBACA:4 PILIHAN:4 PANCAINDERA:4 SERI:4 HANTAR:1 TERMA:1 DAN:1 POLISI:1 SENARAI:1 KEDAI:1 AKHBAR:1 HAK:1 CIPTA:1 MULIA:2 SATU:1 LAGI:1
https://www.kosmo.com.my/2020/07/15/hari-jumaat-diumum-hari-jawi/	HARI:7 JAWI:9 ONLINE:1 MASUK:3 LANGGAN:3 TERKINI:5 NEGARA:6 ANALISIS:4 SEMASA:4 KATA:8 SAYA:5 KOMUNITI:4 AHAD:4 DUNIA:4 SUKAN:4 HALAL:4 NIAGA:4 SOKONG:4 KAMPUS:4 WANITA:5 RASA:4 KENYATAAN:4 AKHBAR:3 MENTERI:9 JABATAN:6 PERDANA:5 HAL:5 AGAMA:5 SEMALAM:3 MENCIPTA:1 KELAINAN:2 DALAM:10 OLEH:1 SEBAGAI:1 MULA:1 USAHA:2 DAN:7 YANG:2 SEHINGGA:1 INI:2 TERI:1 DATUK:1 SERI:1 BERKATA:1 USUL:1 ITU:3 TELAH:1 MESYUARAT:1 JEMAAH:1 MENDAPAT:1 PENUH:1 DARIPADA:1 SEMUA:2 PADA:1 LALU:1 BAGI:2 TULISAN:7 KEPALA:1 SURAT:1 RASMI:3 AKAN:1 PENGGUNAAN:1 SOSIAL:2 JUGA:1 SETIAP:1 AGENSI:2 BAWAH:1 MENAMBAH:1 PERLEMBAGAAN:1 PERSEKUTUAN:2 SEPERTI:1 SEKSYEN:1 AKTA:1 BAHASA:2 KEBANGSAAN:1 MENJADI:1 PENTADBIRAN:1 ADAT:1 ISTIADAT:1 MASYARAKAT:1 SEJAK:1 INGIN:1 SELURUH:1 BADAN:1 BUKAN:1 KERAJAAN:2 RAKYAT:1 UNTUK:2 BERSAMA:1 TURUT:1 SERIUS:1 DENGAN:2 TULIS:1 TIDAK:2 MAHU:1 TERLEPAS:1 KAMI:2 KERANA:1 KEDAI:2 AKU:1 KECEWA:1 MARAH:1 TETAPI:1 KEPUTUSAN:1 TETAMU:1 MAJLIS:1 DAPAT:1 AIR:1 LITER:1 CUMA:1 MINIT:1 NAIK:1 PERAK:1 SEDIA:1 TABUNG:1 SUMBANGAN:1 KASIH:1 ADIK:1 ABANG:1 SAKIT:1 SAMBUT:1 BAIK:1 RUMAH:1 POLIS:1 SIASAT:1 LELAKI:1 TUNJUK:1 ISYARAT:1 LUCAH:1 KEPADA:1 BERITA:1 TERMA:1 POLISI:1 SENARAI:1 HAK:1 CIPTA:1 MULIA:1
https://www.kosmo.com.my/2020/07/15/warung-tepi-sawah-saji-makanan-rm1/	WARUNG:12 TEPI:4 SAWAH:4 SAJI:2 MAKANAN:4 ONLINE:1 MASUK:3 LANGGAN:3 TERKINI:5 NEGARA:6 ANALISIS:4 SEMASA:4 KATA:8 SAYA:7 KOMUNITI:4 AHAD:4 DUNIA:4 SUKAN:4 HALAL:4 NIAGA:4 SOKONG:4 KAMPUS:4 WANITA:5 RASA:5 DEPAN:2 KIRI:1 ANTARA:1 MAKAN:4 TENGAH:2 HARI:4 PETANG:3 YANG:6 KAMPUNG:4 SUNGAI:2 PADANG:2 DEKAT:2 SIMPANG:2 EMPAT:3 SEMALAM:1 OLEH:1 APA:1 SAHAJA:4 DENGAN:1 HARGA:7 ITU:3 TAWARAN:1 SEORANG:2 SINI:1 MENJUAL:2 PELBAGAI:3 DAN:7 MINUM:2 KEPADA:1 PENDUDUK:3 SEJAK:2 LALU:2 SELERA:2 SENJA:1 TERLETAK:1 DIBUKA:2 PUKUL:1 PAGI:1 HINGGA:1 SETIAP:1 KECUALI:1 MENAWARKAN:1 NASI:6 AYAM:5 DAGING:3 GULAI:2 BERKATA:3 TURUT:2 LAKSA:1 BIHUN:1 KUETIAU:1 PULUT:2 MEMPELAM:1 KUNING:1 SELAIN:2 JENIS:2 AIR:2 PADA:6 ORANG:5 RAMAI:2 DARI:1 SELURUH:1 TERMASUK:1 PELANCONG:1 ASING:1 PELANGGAN:2 INI:2 PERNAH:1 MALAH:1 HUJUNG:1 MINGGU:1 PERLU:2 MEMASAK:2 SEHINGGA:2 BERAS:1 BIASA:1 JUGA:1 PERIUK:2 KERANA:3 TINGGI:1 SATU:1 HANYA:1 CUKUP:1 UNTUK:4 DIA:3 BEBAN:1 KEWANGAN:1 TERSEBUT:1 MEMPUNYAI:1 KELUARGA:1 BESAR:1 BERSAMA:1 SITU:1 TANPA:1 RISAU:1 LEBIH:1 BAHARU:1 IAITU:2 IKAN:1 BAKAR:3 AKHIR:1 TAHUN:1 SEMENTARA:1 SEKELUARGA:1 BUKAN:1 TETAPI:1 SEDAP:1 WALAUPUN:1 MURAH:2 NAMUN:1 BOLEH:3 SANGAT:1 TIDAK:1 MAHU:1 TERLEPAS:1 KAMI:2 ASLI:1 MAUT:2 HARIMAU:1 SELAMAT:1 INGAT:1 KALAU:1 DAH:1 TINGGAL:1 JANGAN:1 NAIK:1 SEN:2 VIDEO:2 PERCAYA:1 IKUT:1 TEROWONG:1 MOTOSIKAL:1 LANGGAR:1 DUA:2 MURID:1 SEKOLAH:1 PELAJAR:1 WANG:1 MANGSA:1 KAKI:1 BENDA:1 TAJAM:1 BELUM:1 SEMPAT:1 TANGAN:1 MENANTU:1 MEREKA:2 DUDUK:1 BERITA:1 UTAN:1 SINGGAH:1 GORENG:1 ADA:2 BAU:1 HANYIR:1 TAPI:1 AKU:1 TELAN:1 AMANG:1 BUDAK:1 LELAKI:1 PEMBACA:1 LEGA:1 SAJIAN:1 MANUSIA:1 BERI:1 SUMBANGAN:1 NAK:1 TAHU:1 LEMAK:1 SELEPAS:1 DAPAT:1 KEMBALI:1 TERMA:1 POLISI:1 SENARAI:1 KEDAI:1 AKHBAR:1 HAK:1 CIPTA:1 MULIA:1
https://www.kosmo.com.my/2020/07/15/juruterbang-airasia-maut-ke-tempat-kerja/	JURUTERBANG:3 MAUT:5 TEMPAT:5 KERJA:2 ONLINE:1 MASUK:3 LANGGAN:3 TERKINI:5 NEGARA:5 ANALISIS:4 SEMASA:4 KATA:8 SAYA:5 KOMUNITI:4 AHAD:4 DUNIA:6 SUKAN:4 HALAL:4 NIAGA:4 SOKONG:4 KAMPUS:4 WANITA:5 RASA:5 KERETA:3 YANG:6 MANGSA:6 SELEPAS:2 BAHAGIAN:1 BELAKANG:2 LORI:3 TIANG:2 KONKRIT:2 JAYA:2 SEMALAM:3 SEORANG:1 SYARIKAT:1 DALAM:2 KEMALANGAN:1 LEBUH:1 RAYA:1 BARU:1 LEMBAH:1 BUKIT:1 SINI:2 KEJADIAN:6 PADA:2 PUKUL:1 PAGI:1 ITU:1 AKIBAT:1 ANGGOTA:1 BADAN:1 KETUA:1 JABATAN:1 DAN:2 BERKATA:1 KETIKA:2 MEMANDU:1 JENIS:1 PERJALANAN:1 LAPANGAN:1 TERBANG:1 ANTARABANGSA:1 KUALA:1 LUMPUR:1 SEPANG:1 LOKASI:1 MENINGGAL:1 MENURUT:1 MAYAT:1 PUSAT:1 PERUBATAN:1 UNIVERSITI:1 UNTUK:2 SIASAT:1 KES:1 TERSEBUT:1 SEKSYEN:1 AKTA:1 JALAN:1 POLIS:1 MEMINTA:1 ORANG:2 RAMAI:2 MEMPUNYAI:1 MAKLUMAT:1 MENGENAI:1 SUPAYA:1 KEPADA:1 PEGAWAI:1 TALIAN:1 MEMBANTU:1 TIDAK:1 MAHU:1 TERLEPAS:1 KAMI:2 ASLI:1 HARIMAU:1 SELAMAT:1 INGAT:1 KALAU:1 DAH:1 TINGGAL:1 JANGAN:1 MINUM:1 HARGA:1 NAIK:1 SEN:2 VIDEO:1 PERCAYA:1 BOLEH:1 IKUT:1 TEROWONG:1 MOTOSIKAL:1 LANGGAR:1 DUA:2 MURID:1 DEPAN:1 SEKOLAH:1 PELAJAR:1 WANG:1 KAKI:1 BENDA:1 TAJAM:1 BELUM:1 SEMPAT:1 AIR:1 TANGAN:1 MENANTU:1 MEREKA:1 DUDUK:1 BERITA:1 TERMA:1 POLISI:1 SENARAI:1 KEDAI:1 AKHBAR:1 HAK:1 CIPTA:1 MULIA:1
https://www.kosmo.com.my/2020/07/15/gagal-pamer-tanda-harga-tiga-peniaga-dikompaun/	GAGAL:4 TANDA:5 HARGA:9 TIGA:3 ONLINE:1 MASUK:3 LANGGAN:3 TERKINI:6 NEGARA:5 ANALISIS:4 SEMASA:4 KATA:8 SAYA:5 KOMUNITI:4 AHAD:4 DUNIA:4 SUKAN:4 HALAL:4 NIAGA:4 SOKONG:4 KAMPUS:4 WANITA:5 RASA:5 ANGGOTA:2 KUASA:3 BERSAMA:1 YANG:10 DALAM:3 OPERASI:3 SUBANG:1 JAYA:2 DAN:7 ALAM:2 KELMARIN:2 OLEH:4 KUALA:1 LUMPUR:1 KERANA:1 KAWALAN:3 MEREKA:2 SATU:1 BANG:1 ITU:2 TELAH:4 NEGERI:1 HAL:1 PENGGUNA:2 KIRA:2 PUKUL:1 TENGAH:1 HARI:1 KETUA:1 PEGAWAI:1 BERKATA:1 ANTARA:1 TIDAK:2 IALAH:1 GULA:2 GAS:1 CECAIR:1 KERAJAAN:1 KITA:1 KHUATIR:1 MENJUAL:1 INI:1 TINDAKAN:2 SERTA:1 SEBANYAK:1 KEPADA:2 SETIAP:1 AKTA:1 IAITU:1 KETIKA:1 SINI:1 SEMALAM:1 MENJELASKAN:1 BAGI:1 PUTIH:1 KASAR:1 ADALAH:2 MANAKALA:1 SEMUA:1 AGAR:1 MEMATUHI:2 TEGAS:1 AKAN:1 GARIS:1 PANDUAN:1 SEBARANG:1 SALAH:1 LAKU:1 MELALUI:1 SALURAN:1 JELAS:1 BELIAU:1 MAHU:1 TERLEPAS:1 KAMI:2 ORANG:1 ASLI:1 MAUT:2 HARIMAU:1 SELAMAT:1 INGAT:1 KALAU:1 DAH:1 TINGGAL:1 JANGAN:1 MINUM:1 NAIK:1 SEN:2 VIDEO:1 RAMAI:1 PERCAYA:1 BOLEH:1 IKUT:1 TEROWONG:1 MOTOSIKAL:1 LANGGAR:1 DUA:2 MURID:1 DEPAN:1 SEKOLAH:1 PELAJAR:1 WANG:1 MANGSA:1 KAKI:1 BENDA:1 TAJAM:1 BELUM:1 SEMPAT:1 AIR:1 TANGAN:1 MENANTU:1 DUDUK:1 BERITA:1 TERMA:1 POLISI:1 SENARAI:1 KEDAI:1 AKHBAR:1 HAK:1 CIPTA:1 MULIA:1
https://www.kosmo.com.my/2020/07/15/alyssa-tertekan-dikecam-netizen-gara-gara-beli-vellfire/	BELI:2 ONLINE:1 MASUK:3 LANGGAN:3 TERKINI:6 NEGARA:7 ANALISIS:4 SEMASA:4 KATA:8 SAYA:14 KOMUNITI:4 AHAD:5 DUNIA:4 SUKAN:6 HALAL:4 NIAGA:4 SOKONG:4 KAMPUS:4 WANITA:4 RASA:4 YANG:10 HASIL:2 WANG:3 DARIPADA:2 PENDAPATAN:3 OLEH:2 KUALA:1 LUMPUR:1 PELAKON:1 DAN:5 PENYANYI:1 KANAK:4 KINI:2 DENGAN:3 IBU:5 PEMBELIAN:3 KENDERAAN:4 PELBAGAI:1 GUNA:1 JENIS:1 BERKATA:2 KERANA:2 TIDAK:6 ITU:4 UNTUK:6 MASA:1 DEPAN:1 SEBALIKNYA:1 MEWAH:2 SELAIN:1 MEREKA:2 SENANG:1 SEBENARNYA:2 ADALAH:1 KEHENDAK:1 SENDIRI:1 SEBAGAI:1 BINTANG:1 TELAH:2 LAMA:1 MEMANG:1 SUKA:1 KERETA:1 BESAR:1 SEJAK:2 KECIL:1 AKAN:1 MENJADI:1 ISU:1 AGAK:1 SEDIH:1 RAMAI:1 SEHINGGA:2 ADA:1 BAPA:2 PANDAI:2 KEWANGAN:2 ANAK:3 KETIKA:3 SEMALAM:1 MENURUT:1 TETAPI:1 LEBIH:1 KEPADA:3 INGIN:1 MEMBERI:1 INSPIRASI:1 LUAR:1 SANA:1 BERJAYA:2 SEPERTINYA:1 INI:3 BUKAN:1 SEMATA:1 MATA:1 KESELESAAN:1 MALAH:2 BOLEH:1 BAGI:1 MEMUDAHKAN:1 LOKASI:1 JAUH:1 BEKERJA:1 HARAP:1 TIADA:2 LAGI:1 SUARA:2 SUMBANG:1 KASIHAN:1 TEMPIAS:1 SEMENTARA:1 BARU:2 DIA:1 SUAMI:1 JUGA:2 PERNAH:1 BERGANTUNG:1 NYA:1 TERSEBUT:1 REZEKI:1 SALURAN:2 MEMPUNYAI:1 KIRA:2 JUTA:3 LAGU:1 KAMU:1 MENERIMA:1 SEBANYAK:1 TONTONAN:1 LUMAYAN:1 RIBU:1 RINGGIT:1 LAPAN:1 TAHUN:1 LALU:1 MAHU:1 TERLEPAS:1 KAMI:2 HIDUP:1 LAUT:1 BOTOL:1 AIR:1 LAKUKAN:2 AGAMA:2 TUJUH:1 VAN:1 WARGA:3 ASING:1 MISI:1 TAKRAW:1 BURU:1 EMAS:3 TERUS:1 MENYALA:1 PUASA:1 SEMBAHYANG:1 KHAS:1 DEMI:1 SEMULA:1 AWAM:1 TERIMA:1 LAPOR:2 TOLAK:1 RASUAH:1 TERUJA:2 DAPAT:2 LIHAT:2 PENYU:2 MANDI:2 BAKAR:1 SEMANGAT:1 ATLET:1 BERITA:1 TANAH:1 RUNTUH:1 BILA:1 CINTA:1 AKTIVITI:1 SINDIKET:1 KERAJAAN:1 NEGERI:1 KUASA:1 GANTUNG:1 TUGAS:1 JABATAN:1 PEGUAM:1 PIALA:1 YAKIN:1 HARIMAU:1 MOTOSIKAL:1 HANTAR:1 BARANG:1 TERMA:1 POLISI:1 SENARAI:1 KEDAI:1 AKHBAR:1 HAK:1 CIPTA:1 MULIA:1
https://www.kosmo.com.my/2020/07/15/city-layak-beraksi-di-saingan-eropah/	LAYAK:2 BERAKSI:3 ONLINE:1 MASUK:3 LANGGAN:3 TERKINI:6 NEGARA:4 ANALISIS:4 SEMASA:4 KATA:8 SAYA:5 KOMUNITI:4 AHAD:4 DUNIA:4 SUKAN:6 HALAL:4 NIAGA:4 SOKONG:4 KAMPUS:4 WANITA:5 RASA:5 TERLEPAS:4 DARIPADA:3 PENGGANTUNGAN:3 DUA:4 TAHUN:2 SELEPAS:1 RAYUAN:2 MEREKA:7 TERIMA:1 CAS:2 OLEH:1 PENGURUS:1 BERHAK:1 UNTUK:3 DALAM:1 ELIT:2 LIGA:2 JUARA:2 MUSIM:3 DEPAN:3 HAMPIR:2 GAGAL:1 BERBUAT:1 DEMIKIAN:1 KERANA:3 KESATUAN:1 BOLA:1 SEPAK:1 SEBELUM:3 INI:4 TELAH:3 PERATURAN:2 KEWANGAN:2 ADIL:1 MENGELUARKAN:1 YANG:10 TERLALU:1 BESAR:4 PADA:3 PASARAN:1 PEMAIN:1 MENYEBABKAN:1 AKSI:1 NASIB:1 APABILA:2 MAHKAMAH:1 TIMBANG:1 MENERIMA:1 SEKALI:1 GUS:1 BERJAYA:3 TERSEBUT:1 MENURUT:1 WANG:3 SEBANYAK:1 BILION:1 SEPANJANG:1 HASIL:1 KINI:1 SUDAH:2 PASUKAN:2 GERGASI:1 LAIN:3 SEPERTI:3 DAN:6 PERCAYA:2 MAMPU:1 MEMBERI:1 JUGA:1 KELAB:4 KAMI:7 BERADA:1 BETUL:1 BANYAK:1 TURUT:1 MEMBUAT:1 PELABURAN:2 MERUPAKAN:1 KAMU:1 SEJAK:1 LEBIH:1 LALU:1 DENGAN:1 PERDANA:1 BAGI:1 TUJUAN:1 ITU:1 SUMBER:1 TETAPI:1 TENTU:1 MELAKUKAN:1 KESILAPAN:1 AGENSI:1 TIDAK:1 MAHU:1 ORANG:1 ASLI:1 MAUT:2 HARIMAU:1 SELAMAT:1 INGAT:1 KALAU:1 DAH:1 TINGGAL:1 JANGAN:1 MINUM:1 HARGA:1 NAIK:1 SEN:2 VIDEO:1 RAMAI:1 BOLEH:1 IKUT:1 TEROWONG:1 MOTOSIKAL:1 LANGGAR:1 MURID:1 SEKOLAH:1 PELAJAR:1 MANGSA:1 KAKI:1 BENDA:1 TAJAM:1 BELUM:1 SEMPAT:1 AIR:1 TANGAN:1 MENANTU:1 DUDUK:1 BERITA:1 TERMA:1 POLISI:1 SENARAI:1 KEDAI:1 AKHBAR:1 HAK:1 CIPTA:1 MULIA:1
https://www.kosmo.com.my/2020/07/15/legenda-bachchan-positif-covid-19/	ONLINE:1 MASUK:3 LANGGAN:3 TERKINI:5 NEGARA:4 ANALISIS:4 SEMASA:4 KATA:9 SAYA:8 KOMUNITI:4 AHAD:4 DUNIA:6 SUKAN:4 HALAL:4 NIAGA:4 SOKONG:4 KAMPUS:4 WANITA:5 RASA:5 PIHAK:1 MELAKUKAN:1 NYAHKUMAN:1 LUAR:1 KELUARGA:2 OLEH:1 BINTANG:1 DAN:9 ANAK:1 DIMASUKKAN:2 HOSPITAL:2 BANDAR:1 LEPAS:2 MEREKA:3 MENGALAMI:1 SIMPTOM:1 RINGAN:1 BERADA:1 DALAM:2 KEADAAN:1 BAIK:1 MANAKALA:1 MENANTU:2 RAI:1 BERSAMA:2 TURUT:2 VIRUS:2 ITU:2 KEMUDIAN:1 SESIAPA:1 SAHAJA:1 YANG:1 PERNAH:1 RAPAT:1 DENGAN:1 TEMPOH:1 HARI:1 LALU:1 MENJALANI:2 UJIAN:1 AKAUN:1 KIRI:1 TENGAH:1 SEMENTARA:1 PULA:1 BERKATA:1 ISTERI:1 TIDAK:2 SEBARANG:1 TANDA:1 JANGKITAN:2 KUARANTIN:1 RUMAH:1 AHLI:1 LAIN:1 TERMASUK:1 IBU:1 TERSEBUT:1 RATU:1 CANTIK:1 PADA:2 TAHUN:2 MEMBUAT:1 LAYAR:1 PERAK:1 LEWAT:1 ANGKA:1 KORONAVIRUS:1 KEPADA:1 KES:1 IAITU:1 KETIGA:1 KEMATIAN:1 MAHU:1 TERLEPAS:1 KAMI:2 ORANG:1 ASLI:1 MAUT:2 HARIMAU:1 SELAMAT:1 INGAT:1 KALAU:1 DAH:1 TINGGAL:1 JANGAN:1 MINUM:1 HARGA:1 NAIK:1 SEN:2 VIDEO:1 RAMAI:1 PERCAYA:1 BOLEH:1 IKUT:1 TEROWONG:1 MOTOSIKAL:1 LANGGAR:1 DUA:2 MURID:1 DEPAN:1 SEKOLAH:1 PELAJAR:1 WANG:1 MANGSA:1 KAKI:1 BENDA:1 TAJAM:1 BELUM:1 SEMPAT:1 AIR:1 TANGAN:1 DUDUK:1 BERITA:1 TERMA:1 POLISI:1 SENARAI:1 KEDAI:1 AKHBAR:1 HAK:1 CIPTA:1 MULIA:1
https://www.kosmo.com.my/2020/07/15/doktor-lima-lelaki-ke-tali-gantung-2/	DOKTOR:3 LIMA:4 LELAKI:4 TALI:2 GANTUNG:4 ONLINE:1 MASUK:3 LANGGAN:3 TERKINI:5 NEGARA:5 ANALISIS:4 SEMASA:4 KATA:8 SAYA:4 KOMUNITI:4 AHAD:4 DUNIA:4 SUKAN:4 HALAL:4 NIAGA:4 SOKONG:4 KAMPUS:4 WANITA:5 RASA:4 KIRI:1 SAMPAI:2 MATI:3 OLEH:3 MAHKAMAH:7 TINGGI:3 KUALA:2 LUMPUR:2 SELEPAS:5 BERSALAH:3 MEMBUNUH:6 TAHUN:2 LALU:1 SEORANG:1 DAN:11 SINI:4 SEMALAM:1 RAYA:3 DATUK:4 PADA:5 HAKIM:1 MEMBUAT:1 KEPUTUSAN:1 ITU:1 PIHAK:2 BERJAYA:1 KES:3 TERHADAP:1 KEENAM:1 ENAM:2 TERTUDUH:6 MEREKA:1 IALAH:1 PAKAR:1 PERTAMA:1 PEMBERI:1 PINJAMAN:1 WANG:1 EMPAT:2 IAITU:1 KESEMUA:1 KETIKA:1 DALAM:5 PERJALANAN:1 DARI:1 JALAN:2 NOMBOR:1 SUBANG:2 JAYA:2 ANTARA:1 PUKUL:1 PAGI:1 MALAM:1 DIBUAT:1 SEKSYEN:1 KANUN:1 YANG:2 PEGUAM:1 WEI:1 SEPANJANG:1 SAKSI:2 MANAKALA:1 MEMANGGIL:1 BAGI:1 MEMBERI:1 KETERANGAN:1 SERAMAI:1 TUJUH:1 TERMA:2 MAJISTRET:1 ATAS:2 KEDUA:1 DARIPADA:1 MENGAKU:1 SESYEN:1 MAYAT:1 KERETA:1 PENJARA:1 DUA:2 HILANG:1 SEBELUM:1 GUNI:1 TONG:1 PAYA:1 BUNUH:1 HUKUM:2 TIDAK:1 MAHU:1 TERLEPAS:1 KAMI:2 PIALA:1 PIMPIN:1 PENTAS:1 SEPARUH:1 AKHIR:1 PENUMPANG:1 MAUT:1 KEMALANGAN:1 LIBAT:1 TIGA:1 KENDERAAN:1 FILEM:1 KONSPIRASI:1 BURU:1 NAFAS:1 BAKAL:1 KEMBALI:1 PAWAGAM:1 METER:1 KABEL:2 KOS:1 BAIK:1 VIDEO:1 GADIS:1 BELAJAR:1 KERJA:1 KILANG:1 CARI:1 REZEKI:1 RAJA:1 BELUM:1 HARI:1 MAMPU:1 TARIK:1 EMPANGAN:1 KERING:1 KUBUR:1 PURBA:1 BERITA:1 GADAI:1 EMAS:1 TAUKE:1 GAGAL:1 PINDAH:1 SEDIA:1 TAWARAN:1 BUAT:1 BEKAS:1 BANDUAN:1 BULAN:1 MENCURI:1 ROMPAK:1 RAYUAN:1 ARAH:1 KHALWAT:1 KENA:1 TUTUP:1 SYUKUR:1 BEBAS:1 POLISI:1 SENARAI:1 KEDAI:1 AKHBAR:1 HAK:1 CIPTA:1 MULIA:1
https://www.kosmo.com.my/2020/07/15/vettel-dilamar-aston-martin/	ONLINE:1 MASUK:4 LANGGAN:3 TERKINI:6 NEGARA:4 ANALISIS:4 SEMASA:4 KATA:8 SAYA:5 KOMUNITI:4 AHAD:4 DUNIA:6 SUKAN:5 HALAL:4 NIAGA:4 SOKONG:4 KAMPUS:4 WANITA:5 RASA:5 BAKAL:3 OLEH:3 PADA:3 MUSIM:3 INI:5 PEMANDU:6 SEDANG:1 MELAKUKAN:1 PERBINCANGAN:1 SERIUS:1 MENGENAI:2 TAWARAN:1 UNTUK:2 PASUKAN:6 SATU:1 TAHUN:2 DEPAN:3 MENURUT:1 SUMBER:1 JUARA:2 SEBANYAK:1 EMPAT:2 KALI:2 ITU:3 TELAH:1 PEMILIK:1 YANG:5 SEDIA:2 SEMULA:1 BAGI:1 LAGI:2 TERSEBUT:1 IAITU:2 SERING:1 TURUT:1 MENYATAKAN:1 BAHAWA:2 ANTARA:1 BEKAS:1 BERSAMA:1 DALAM:1 TEMPOH:1 SUDAH:2 MEMPUNYAI:3 BEBERAPA:1 MANAKALA:1 SEORANG:1 IALAH:1 ANAK:1 PASTI:1 SELAMAT:2 SEJAK:1 BEBAS:1 DARIPADA:1 SEBARANG:1 SELEPAS:1 SITUASI:1 BARU:2 SESUATU:1 SEMUA:1 ORANG:2 APABILA:1 MEMIKIRKAN:1 AKAN:1 MUNGKIN:2 JENTERA:1 SEMAKIN:1 LAJU:1 KAMU:1 BENAR:1 NAMUN:1 KAMI:4 PANJANG:1 DENGAN:1 KEDUA:1 DUA:3 ADA:2 JADI:1 TIDAK:2 AKAL:1 KETIKA:1 AGENSI:1 MAHU:1 TERLEPAS:1 ASLI:1 MAUT:2 HARIMAU:1 INGAT:1 KALAU:1 DAH:1 TINGGAL:1 JANGAN:1 MINUM:1 HARGA:1 NAIK:1 SEN:2 VIDEO:1 RAMAI:1 PERCAYA:1 BOLEH:1 IKUT:1 TEROWONG:1 MOTOSIKAL:1 LANGGAR:1 MURID:1 SEKOLAH:1 PELAJAR:1 WANG:1 MANGSA:1 KAKI:1 BENDA:1 TAJAM:1 BELUM:1 SEMPAT:1 AIR:1 TANGAN:1 MENANTU:1 MEREKA:1 DUDUK:1 BERITA:1 TERMA:1 DAN:1 POLISI:1 SENARAI:1 KEDAI:1 AKHBAR:1 HAK:1 CIPTA:1 MULIA:1
https://www.kosmo.com.my/2020/07/15/pelajar-asrama-tingkatan-4-6-bersekolah-15-julai/	PELAJAR:7 ASRAMA:3 ONLINE:1 MASUK:3 LANGGAN:3 TERKINI:5 NEGARA:5 ANALISIS:4 SEMASA:4 KATA:8 SAYA:5 KOMUNITI:4 AHAD:4 DUNIA:4 SUKAN:6 HALAL:4 NIAGA:4 SOKONG:4 KAMPUS:4 WANITA:5 RASA:5 GAMBAR:1 HIASAN:1 OLEH:1 EMPAT:1 DAN:6 ENAM:1 SATU:3 TAHUN:2 SEKOLAH:14 BAWAH:1 PENDIDIKAN:1 AKAN:3 KEMBALI:2 PADA:6 INI:4 DALAM:5 KENYATAAN:2 BERKATA:1 DIBERI:1 KEPADA:2 KUMPULAN:1 BAGI:3 MEREKA:5 MEMPUNYAI:1 MASA:2 YANG:3 UNTUK:2 PERSEDIAAN:1 MENDUDUKI:1 AWAM:1 DUA:3 TIGA:1 DEPAN:2 MENERUSKAN:1 SEHINGGA:1 SEMULA:2 SINI:1 SEMALAM:1 KEPUTUSAN:1 ITU:2 PENUH:1 KEBANGSAAN:1 AGAMA:2 KERAJAAN:1 NEGERI:1 SENI:1 KAMI:3 SENTIASA:2 SEMUA:2 MURID:3 DAPAT:2 SECARA:1 MANAKALA:1 KONTEKS:1 BEBERAPA:1 DIBUAT:1 ATAS:1 TATACARA:1 PENGURUSAN:2 BERDASARKAN:1 PERBINCANGAN:1 BERSAMA:2 KESIHATAN:2 DIMASUKKAN:1 SEBAGAI:1 GARIS:1 PANDUAN:1 MESYUARAT:1 KHAS:1 MENTERI:2 MENGENAI:1 PERINTAH:1 KAWALAN:1 PERGERAKAN:1 BILANGAN:1 LALU:1 MENURUT:1 PULANG:1 RUMAH:1 HARI:1 RAYA:1 KELUARGA:1 KIRA:1 PANDANGAN:1 KEADAAN:1 SELAMAT:2 TIDAK:1 MAHU:1 TERLEPAS:1 ORANG:1 ASLI:1 MAUT:2 HARIMAU:1 INGAT:1 KALAU:1 DAH:1 TINGGAL:1 JANGAN:1 MINUM:1 HARGA:1 NAIK:1 SEN:2 VIDEO:1 RAMAI:1 PERCAYA:1 BOLEH:1 IKUT:1 TEROWONG:1 MOTOSIKAL:1 LANGGAR:1 WANG:1 MANGSA:1 KAKI:1 BENDA:1 TAJAM:1 BELUM:1 SEMPAT:1 AIR:1 TANGAN:1 MENANTU:1 DUDUK:1 BERITA:1 TERMA:1 POLISI:1 SENARAI:1 KEDAI:1 AKHBAR:1 HAK:1 CIPTA:1 MULIA:1
https://www.kosmo.com.my/2020/07/15/tiada-lagi-rezeki-durian-runtuh-buat-penghantar-makanan/	TIADA:4 LAGI:2 REZEKI:3 DURIAN:3 BUAT:4 MAKANAN:10 ONLINE:1 MASUK:3 LANGGAN:3 TERKINI:5 NEGARA:5 ANALISIS:4 SEMASA:4 KATA:8 SAYA:9 KOMUNITI:4 AHAD:4 DUNIA:4 SUKAN:4 HALAL:4 NIAGA:4 SOKONG:4 KAMPUS:4 WANITA:6 RASA:6 TEMPAHAN:3 PERKHIDMATAN:3 DARIPADA:2 PELANGGAN:2 BANDAR:1 JAYA:1 BARU:2 INI:4 OLEH:1 KUALA:1 LUMPUR:1 PENDAPATAN:7 DAN:4 SEJAK:2 PERINTAH:2 KAWALAN:2 PERGERAKAN:2 PEMULIHAN:1 AKIBAT:1 PANDEMIK:1 LALU:2 SEORANG:2 YANG:2 MAHU:2 SEBAGAI:1 BERKATA:3 KETIKA:4 BAGAIKAN:1 SEPANJANG:1 TEMPOH:1 ITU:1 DIA:2 MENERIMA:2 BANYAK:1 APABILA:1 ORANG:2 RAMAI:3 LEBIH:2 UNTUK:3 KERANA:2 BIMBANG:1 JIKA:1 KERAP:1 KELUAR:1 RUMAH:1 SEBELUM:1 KAMI:4 TIDAK:2 CUKUP:1 MASA:2 AMBIL:1 SEMUA:1 NAMUN:1 SELEPAS:1 JUMLAH:2 PESANAN:5 SECARA:1 BOLEH:2 DAPAT:1 SEHINGGA:1 DENGAN:2 TETAPI:1 SEKARANG:3 NAK:1 CAPAI:1 PUN:1 SUKAR:1 UPAH:1 DITERIMA:1 KIRA:2 SYARIKAT:1 TURUT:1 SEMAKIN:1 MULA:1 MAMPU:1 HANYA:1 GAJI:1 POKOK:1 SELAIN:1 KEKURANGAN:1 JUGA:2 PEMANDU:2 MENJADI:1 PENUMPANG:1 JADI:1 DALAM:2 ADALAH:1 ANTARA:1 FAKTOR:1 TERLEPAS:1 ASLI:1 MAUT:2 HARIMAU:1 SELAMAT:1 INGAT:1 KALAU:1 DAH:1 TINGGAL:2 JANGAN:2 MINUM:1 HARGA:1 NAIK:1 SEN:2 VIDEO:1 PERCAYA:1 IKUT:1 TEROWONG:1 MOTOSIKAL:1 LANGGAR:1 DUA:2 MURID:1 DEPAN:1 SEKOLAH:1 PELAJAR:1 WANG:1 MANGSA:1 KAKI:1 BENDA:1 TAJAM:1 BELUM:1 SEMPAT:1 AIR:1 TANGAN:1 MENANTU:1 MEREKA:1 DUDUK:1 BERITA:1 PENGLIHATAN:1 GELAP:1 TAK:1 KENAL:1 SIAPA:1 INFLASI:1 PERATUS:1 PADA:1 HAIWAN:1 LIAR:1 TEPI:1 JALAN:1 KAJI:1 LANGKAH:1 TAMBAH:1 BAIK:1 AWAM:1 TIGA:1 NEGERI:1 PANTAI:1 TIMUR:1 IBU:2 KOTA:1 JIJIK:1 LUKA:1 KUIH:1 LANGSUNG:1 AYAH:1 TERMA:1 POLISI:1 SENARAI:1 KEDAI:1 AKHBAR:1 HAK:1 CIPTA:1 MULIA:1
https://www.kosmo.com.my/2020/07/15/chelsea-enggan-terlalu-selesa/	ENGGAN:2 TERLALU:3 ONLINE:1 MASUK:3 LANGGAN:3 TERKINI:5 NEGARA:4 ANALISIS:4 SEMASA:4 KATA:8 SAYA:7 KOMUNITI:4 AHAD:4 DUNIA:4 SUKAN:5 HALAL:4 NIAGA:4 SOKONG:4 KAMPUS:4 WANITA:5 RASA:5 OLEH:1 SEDAR:1 BAHAWA:1 PERLU:2 KEGAGALAN:1 MEMUNGUT:1 MATA:4 PENUH:1 SETELAH:1 PADA:6 AKSI:6 KELMARIN:1 DALAM:2 USAHA:2 KEKAL:2 KEDUDUKAN:3 EMPAT:2 PASUKAN:3 AWAL:1 PAGI:1 TADI:1 BERJAYA:2 UNTUK:8 KETIGA:1 LIGA:2 DENGAN:4 PERBEZAAN:1 DAN:2 KETIKA:2 KECEWA:1 APABILA:1 PERLAWANAN:3 PERCAYA:3 MEMBERI:2 KEPADA:2 MEREKA:2 TEMPAT:1 JUARA:2 MUSIM:1 DEPAN:2 TIDAK:3 BERCAKAP:1 PEMAIN:2 MENGENAI:1 KELEBIHAN:1 TERSEBUT:2 KERANA:1 KAMI:8 YANG:4 ADA:1 BOLEH:2 WALAUPUN:1 MENJADI:1 TERLEPAS:2 BERADA:1 ZON:1 BUKAN:1 MUDAH:1 TETAPI:1 PARA:1 TELAH:1 MEMBERIKAN:1 TERBAIK:1 MASA:1 SEBELUM:2 REHAT:1 BABAK:1 PERTAMA:1 TIGA:1 BAKAL:1 BERIKUTNYA:1 CUBA:1 KEMBALI:1 AGENSI:1 MAHU:1 ORANG:1 ASLI:1 MAUT:2 HARIMAU:1 SELAMAT:1 INGAT:1 KALAU:1 DAH:1 TINGGAL:1 JANGAN:1 MINUM:1 HARGA:1 NAIK:1 SEN:2 VIDEO:1 RAMAI:1 IKUT:1 TEROWONG:1 MOTOSIKAL:1 LANGGAR:1 DUA:2 MURID:1 SEKOLAH:1 PELAJAR:1 WANG:1 MANGSA:1 KAKI:1 BENDA:1 TAJAM:1 BELUM:1 SEMPAT:1 AIR:1 TANGAN:1 MENANTU:1 DUDUK:1 BERITA:1 TERMA:1 POLISI:1 SENARAI:1 KEDAI:1 AKHBAR:1 HAK:1 CIPTA:1 MULIA:1
https://www.kosmo.com.my/2020/07/15/28-lelaki-kena-denda-rm560000/	LELAKI:5 KENA:2 DENDA:6 ONLINE:1 MASUK:3 LANGGAN:3 TERKINI:5 NEGARA:5 ANALISIS:4 SEMASA:4 KATA:8 SAYA:5 KOMUNITI:4 AHAD:4 DUNIA:4 SUKAN:4 HALAL:4 NIAGA:4 SOKONG:4 KAMPUS:4 WANITA:5 RASA:5 SEBAHAGIAN:1 DARIPADA:1 YANG:5 ATAS:6 DENGAN:1 AKTIVITI:2 AYAM:4 MAHKAMAH:3 SESYEN:2 SEMALAM:2 OLEH:2 SERAMAI:1 SETIAP:1 SEORANG:1 SINI:2 KESALAHAN:4 DALAM:1 PADA:2 LALU:2 HAKIM:1 ITU:4 SELEPAS:1 KESEMUA:3 TERTUDUH:5 HINGGA:1 TAHUN:2 MENGAKU:1 BERSALAH:1 TERHADAP:1 MEREKA:4 EMPAT:1 IAITU:1 DAN:4 BAGI:1 KEEMPAT:1 SEKSYEN:2 AKTA:2 HAIWAN:2 LAIN:2 TERMASUK:1 DUA:3 WARGA:1 HADIR:1 MENONTON:1 DIBUAT:1 PENJARA:4 SELAMA:1 ENAM:1 BULAN:2 GAGAL:3 TURUT:1 LIMA:1 MELAKUKAN:1 PONDOK:1 TIDAK:2 JALAN:1 AYER:1 PUKUL:1 TENGAH:1 HARI:1 ATAU:1 SEHINGGA:1 TIGA:1 MAHU:1 TERLEPAS:1 KAMI:2 ORANG:1 ASLI:1 MAUT:2 HARIMAU:1 SELAMAT:1 INGAT:1 KALAU:1 DAH:1 TINGGAL:1 JANGAN:1 MINUM:1 HARGA:1 NAIK:1 SEN:2 VIDEO:1 RAMAI:1 PERCAYA:1 BOLEH:1 IKUT:1 TEROWONG:1 MOTOSIKAL:1 LANGGAR:1 MURID:1 DEPAN:1 SEKOLAH:1 PELAJAR:1 WANG:1 MANGSA:1 KAKI:1 BENDA:1 TAJAM:1 BELUM:1 SEMPAT:1 AIR:1 TANGAN:1 MENANTU:1 DUDUK:1 BERITA:1 TERMA:1 POLISI:1 SENARAI:1 KEDAI:1 AKHBAR:1 HAK:1 CIPTA:1 MULIA:1
https://www.kosmo.com.my/2020/07/15/kedai-roti-stor-barang-terbakar/	KEDAI:6 ROTI:6 STOR:5 BARANG:5 ONLINE:1 MASUK:3 LANGGAN:3 TERKINI:6 NEGARA:6 ANALISIS:4 SEMASA:4 KATA:9 SAYA:4 KOMUNITI:4 AHAD:4 DUNIA:4 SUKAN:4 HALAL:4 NIAGA:4 SOKONG:4 KAMPUS:4 WANITA:4 RASA:4 ANGGOTA:3 BOMBA:7 KERJA:4 KEBAKARAN:3 DUA:5 BUAH:3 RUMAH:5 JALAN:2 KUALA:2 SUNGAI:4 PAGI:4 INI:3 OLEH:2 YANG:1 DAN:8 SINI:1 DALAM:3 KEJADIAN:4 PADA:3 PENOLONG:1 PENGARAH:1 BAHAGIAN:1 OPERASI:2 NEGERI:2 KANAN:1 BERKATA:1 MENERIMA:1 PUKUL:2 TADI:1 SEBAIK:1 TIBA:1 LOKASI:1 KITA:2 IAITU:1 DENGAN:2 KEADAAN:1 ASAP:2 TEBAL:1 SERTA:1 API:4 MARAK:1 SATU:1 KENYATAAN:1 HARI:1 BELIAU:1 DILAKUKAN:1 DARI:1 BALAI:1 PASUKAN:1 SUKARELA:1 BAKAR:1 ARANG:1 DAPAT:1 BERJAYA:1 KIRA:4 ENAM:1 MINIT:1 KEMUDIAN:1 HAMPIR:1 PERATUS:2 MANAKALA:1 MASIH:1 KERUGIAN:1 PUNCA:2 TIDAK:1 MAHU:1 TERLEPAS:1 KAMI:2 TANAH:1 RUNTUH:1 FIKIR:1 KOS:1 BELAJAR:1 IBU:1 LEGA:1 ANAK:1 TERIMA:1 TAWARAN:1 BILA:1 WARGA:3 EMAS:2 CINTA:1 LAPOR:1 AKTIVITI:1 SINDIKET:1 KERAJAAN:1 TIADA:1 KUASA:1 GANTUNG:1 TUGAS:1 JABATAN:1 PEGUAM:1 SIRI:1 SASAR:1 JADI:1 PEMBANGUNAN:1 BAKAT:1 PIALA:1 YAKIN:1 HARIMAU:1 BERITA:1 VIDEO:1 BANJIR:1 TIGA:1 MANGSA:1 KERETA:1 HIDU:1 SEKELUARGA:1 MAUT:2 CUCU:1 KUMPULAN:1 GUNUNG:1 BOLA:1 WAKTU:1 MALAM:1 BANGUNAN:1 PASTI:1 MUSNAH:1 KEPALA:1 AIR:1 BATU:1 LICIN:1 ARUS:1 DERAS:1 SELAMATKAN:1 LELAKI:1 SEORANG:1 LORI:1 HALA:1 TERMA:1 POLISI:1 SENARAI:1 AKHBAR:1 HAK:1 CIPTA:1 MULIA:1
https://www.kosmo.com.my/2020/07/15/jumlah-pendeposit-th-bertambah/	JUMLAH:5 BERTAMBAH:2 ONLINE:1 MASUK:3 LANGGAN:3 TERKINI:5 NEGARA:5 ANALISIS:4 SEMASA:4 KATA:9 SAYA:5 KOMUNITI:4 AHAD:4 DUNIA:4 SUKAN:4 HALAL:4 NIAGA:4 SOKONG:4 KAMPUS:4 WANITA:5 RASA:5 GAMBAR:1 HIASAN:1 OLEH:1 KUALA:1 LUMPUR:1 TABUNG:1 HAJI:3 TERUS:1 MENDAPAT:1 DAN:5 DARIPADA:5 PARA:1 MELALUI:1 KEPADA:2 BILION:6 PADA:7 LEPAS:1 TAHUN:4 LALU:3 PENGARAH:1 KUMPULAN:1 KETUA:1 PEGAWAI:1 DATUK:1 BERKATA:1 DALAM:4 TEMPOH:4 ITU:2 LEBIH:2 AKAUN:1 TELAH:3 DIBUKA:1 SEBAGAI:1 MEMBERI:2 TAMBAH:2 PELANGGAN:1 KAMI:3 AKAN:1 TERHADAP:1 PERKHIDMATAN:1 SEBAHAGIAN:1 BESAR:1 TEKNOLOGI:1 NYA:1 SATU:1 KENYATAAN:1 SINI:1 SEMALAM:1 SELAIN:1 MENERANGKAN:1 PENDAPATAN:5 SEPARUH:1 PERTAMA:1 INI:2 ADALAH:1 SEBANYAK:4 PELABURAN:6 PASARAN:2 ASET:2 TETAP:1 IAITU:1 PERATUS:1 BAGI:1 HINGGA:1 HARTANAH:1 JUTA:4 MANAKALA:1 WANG:2 SEBA:1 PULA:1 KEUNTUNGAN:1 BERSIH:1 ENAM:1 BULAN:1 YANG:2 SAMA:1 JUGA:1 LIABILITI:1 SEDANG:1 MEMBUAT:1 PERSEDIAAN:1 UNTUK:1 PENGURUSAN:1 RUMIT:1 HADAPAN:1 MUSIM:1 TIDAK:1 MAHU:1 TERLEPAS:1 ORANG:1 ASLI:1 MAUT:2 HARIMAU:1 SELAMAT:1 INGAT:1 KALAU:1 DAH:1 TINGGAL:1 JANGAN:1 MINUM:1 HARGA:1 NAIK:1 SEN:2 VIDEO:1 RAMAI:1 PERCAYA:1 BOLEH:1 IKUT:1 TEROWONG:1 MOTOSIKAL:1 LANGGAR:1 DUA:2 MURID:1 DEPAN:1 SEKOLAH:1 PELAJAR:1 MANGSA:1 KAKI:1 BENDA:1 TAJAM:1 BELUM:1 SEMPAT:1 AIR:1 TANGAN:1 MENANTU:1 MEREKA:1 DUDUK:1 BERITA:1 TERMA:1 POLISI:1 SENARAI:1 KEDAI:1 AKHBAR:1 HAK:1 CIPTA:1 MULIA:1
https://www.kosmo.com.my/2020/07/15/woods-mahu-tempa-sejarah-jelajah-pga/	MAHU:5 SEJARAH:4 JELAJAH:4 ONLINE:1 MASUK:3 LANGGAN:3 TERKINI:5 NEGARA:4 ANALISIS:4 SEMASA:4 KATA:9 SAYA:10 KOMUNITI:4 AHAD:5 DUNIA:5 SUKAN:6 HALAL:4 NIAGA:4 SOKONG:4 KAMPUS:4 WANITA:5 RASA:5 TIDAK:4 MENGALAMI:1 NYAWA:1 BAHAWA:2 TIADA:2 APA:1 YANG:8 MUSTAHIL:1 UNTUK:4 MENCIPTA:1 PADA:7 KEJOHANAN:7 MINGGU:2 INI:4 SEKALI:4 GUS:3 PERTAMA:1 DALAM:1 SEJAK:1 LALU:3 BAKAL:1 MENJULANG:1 DILAKUKAN:1 TAHUN:3 INGIN:1 ITU:2 BAHARU:1 BAGI:1 SEBAB:1 MALAH:1 SETIAP:1 ACARA:1 AKAN:1 SELEPAS:2 SUDAH:1 SEBANYAK:1 LIMA:1 KALI:1 BERJAYA:1 DENGAN:1 JEPUN:2 BELIAU:1 KISAH:1 DAN:2 KEKAL:1 YAKIN:1 KEJAYAAN:1 SEBARANG:1 ALASAN:1 KENAPA:1 MAMPU:1 LAGI:1 TERLEPAS:2 BANYAK:1 SAKIT:1 BELAKANG:1 SELAIN:1 TERSEBUT:1 AKIBAT:1 WABAK:1 AGENSI:1 IAITU:1 KAMI:2 ORANG:1 ASLI:1 MAUT:2 HARIMAU:1 SELAMAT:1 INGAT:1 KALAU:1 DAH:1 TINGGAL:1 JANGAN:1 MINUM:1 HARGA:1 NAIK:1 SEN:2 VIDEO:1 RAMAI:1 PERCAYA:1 BOLEH:1 IKUT:1 TEROWONG:1 MOTOSIKAL:1 LANGGAR:1 DUA:2 MURID:1 DEPAN:1 SEKOLAH:1 PELAJAR:1 WANG:1 MANGSA:1 KAKI:1 BENDA:1 TAJAM:1 BELUM:1 SEMPAT:1 AIR:1 TANGAN:1 MENANTU:1 MEREKA:1 DUDUK:1 BERITA:1 TERMA:1 POLISI:1 SENARAI:1 KEDAI:1 AKHBAR:1 HAK:1 CIPTA:1 MULIA:1
https://www.kosmo.com.my/2020/07/20/bersengkang-mata-ikuti-kuliah-maya/	MATA:3 KULIAH:6 MAYA:2 ONLINE:17 MASUK:3 LANGGAN:3 TERKINI:5 NEGARA:8 ANALISIS:4 SEMASA:5 KATA:8 SAYA:15 KOMUNITI:4 AHAD:4 DUNIA:5 SUKAN:4 HALAL:4 NIAGA:4 SOKONG:4 KAMPUS:7 WANITA:6 RASA:6 TEKUN:1 PENGAJIAN:6 SECARA:12 YANG:12 DIBUAT:3 OLEH:7 DARI:3 BUKIT:2 KUALA:2 LUMPUR:2 SELEPAS:2 PULANG:4 TANAH:2 AIR:3 LALU:2 PANDEMIK:2 TELAH:3 GAYA:1 HIDUP:1 MASYARAKAT:1 SELURUH:1 DALAM:9 AKTIVITI:6 HARIAN:1 SEBAGAI:2 BAHARU:2 ITU:8 PERLU:8 BAGI:4 PENYAKIT:1 TERSEBUT:2 PERSEKITARAN:1 SALAH:1 SATU:2 SEKTOR:1 BERUBAH:1 KEADAAN:2 ADALAH:2 PENDIDIKAN:2 TERMASUK:3 TINGGI:2 JIKA:3 SEBELUM:1 INI:6 DAN:13 DEWAN:3 ATAU:3 BILIK:2 NAMUN:3 KINI:2 DILAKUKAN:1 DEPAN:3 KOMPUTER:2 GAJET:1 MAJLIS:1 KESELAMATAN:1 SUPAYA:1 SEHINGGA:1 BUKAN:1 SAHAJA:1 JUGA:4 UNIVERSITI:8 LAIN:1 PARA:4 LUAR:1 TURUT:1 MAHASISWI:1 FAKULTI:2 PERUBATAN:1 MESKIPUN:4 DIA:8 TETAP:2 MENJALANI:1 ANTARA:2 KERAJAAN:1 KETIKA:3 PERINTAH:1 KAWALAN:1 PERGERAKAN:1 PADA:5 MENAMBAH:2 AKAN:2 MENYEBABKAN:2 WAKTU:3 GRADUASI:1 HADAPAN:1 BERHARAP:2 TIDAK:9 MELALUI:2 BIMBANG:2 IBU:1 BAPA:1 KOS:2 SETIAP:2 YURAN:1 PERGI:1 BALIK:1 SERTA:1 SEWA:1 RUMAH:1 BUAL:1 BARU:2 MENURUT:1 ANAK:1 KETIGA:1 DARIPADA:1 EMPAT:1 ADIK:1 BERADIK:1 SEDIKIT:2 KERANA:7 MASALAH:3 PERBEZAAN:1 ZON:1 LEWAT:1 MALAM:2 AWAL:2 PAGI:1 UNTUK:5 KELAS:3 MENJAWAB:1 PENSYARAH:5 MASA:3 TIDUR:1 BERBEZA:2 HAMPIR:1 ENAM:1 JAM:2 SINI:1 SANA:1 MASIH:1 LAGI:1 SIANG:1 AGAR:1 PIHAK:2 DAPAT:2 MENERUSKAN:1 LEBIH:2 LAMA:2 HARI:2 RAYA:1 BERSAMA:1 KELUARGA:1 PULA:1 DENGAN:1 PELAJAR:7 TAHUN:1 DUA:4 KEJURUTERAAN:2 BERADA:2 TETAPI:1 TERHADAP:1 KEPUTUSAN:1 LANGKAH:1 TEPAT:1 RISIKO:1 PENGALAMAN:1 PERTAMA:1 BELAJAR:2 ADA:3 MENGENAI:1 CARA:1 BERTAMBAH:1 BAIK:2 MENARIK:2 SELAMA:1 HINGGA:1 TIGA:1 RIBA:1 BAS:1 JADI:2 KAJI:1 PELAJARAN:1 SEBAIK:1 BERLAKU:1 SEPERTI:1 KELAJUAN:1 INTERNET:3 SEKALI:1 GUS:1 TERGANGGU:1 SEMENTARA:1 WARGA:1 TEKNOLOGI:2 MAKLUMAT:2 CAPAIAN:2 MEREKA:2 KURANG:1 MEMUASKAN:1 SEMUA:1 MASING:2 KAWASAN:1 KAMPUNG:1 VIDEO:4 NAIK:3 BOLEH:3 MENONTON:1 BILA:2 TERUS:1 SANGAT:1 MEMBANTU:1 MEMPUNYAI:1 PELBAGAI:1 KEMUDAHAN:2 BACAAN:1 KUIZ:1 SOALAN:1 MAHU:2 TERLEPAS:1 KAMI:2 ORANG:1 ASLI:1 MAUT:2 HARIMAU:1 SELAMAT:2 INGAT:1 KALAU:1 DAH:1 TINGGAL:1 JANGAN:1 MINUM:1 HARGA:1 SEN:2 RAMAI:1 PERCAYA:1 IKUT:1 TEROWONG:1 MOTOSIKAL:1 LANGGAR:1 MURID:1 SEKOLAH:1 WANG:1 MANGSA:1 KAKI:1 BENDA:1 TAJAM:1 BELUM:1 SEMPAT:1 TANGAN:1 MENANTU:1 DUDUK:1 BERITA:1 TEKAD:1 ACARA:1 LELAKI:1 TIMBANG:1 PRODUK:1 KECANTIKAN:1 MELABEL:1 RAHMAT:1 TEATER:2 PENJELASAN:1 MOHON:1 MAAF:1 ADEGAN:1 DIPERSEMBAHKAN:1 PIALA:1 SEKAT:1 HAJAT:1 BESAR:1 JENAZAH:1 TERMA:1 POLISI:1 SENARAI:1 KEDAI:1 AKHBAR:1 HAK:1 CIPTA:1 MULIA:1
https://www.kosmo.com.my/2020/07/20/raih-populariti-menerusi-tiktok/	ONLINE:1 MASUK:3 LANGGAN:3 TERKINI:5 NEGARA:5 ANALISIS:4 SEMASA:4 KATA:8 SAYA:14 KOMUNITI:4 AHAD:4 DUNIA:7 SUKAN:4 HALAL:4 NIAGA:4 SOKONG:4 KAMPUS:4 WANITA:5 RASA:6 VIDEO:19 BERSAMA:2 MENDAPAT:7 TONTONAN:3 JUTA:2 APLIKASI:11 OLEH:2 DAN:11 INI:6 RANGKAIAN:1 SOSIAL:2 BERASAL:2 DARI:3 SEMAKIN:1 PERHATIAN:3 MASYARAKAT:3 SELURUH:1 YANG:16 PADA:2 TAHUN:5 ITU:6 TURUT:1 GENERASI:1 MUDA:2 BERBEZA:2 DARIPADA:6 LAIN:2 KERANA:1 PERKHIDMATAN:1 MEMBUAT:1 TARIAN:5 PENDEK:4 GERAK:1 MULUT:1 KOMEDI:1 SEBAGAI:3 MUDAH:1 ALIH:1 KETUJUH:1 PALING:3 BANYAK:2 TURUN:1 HINGGA:1 SELAIN:1 MENJADI:1 HIBURAN:1 BERJAYA:2 BEBERAPA:2 INDIVIDU:2 ANTARABANGSA:1 SEPERTI:1 SALAH:1 SEORANG:1 IALAH:2 ANAK:3 PELAKON:1 KASIH:1 MULA:3 DENGAN:7 SEJAK:2 LALU:2 SELEPAS:1 TAMAT:1 PELAJARAN:1 GADIS:2 KINI:2 BOLEH:2 MEMPUNYAI:2 BERMAIN:2 HANYA:3 SUKA:4 BAGI:4 BOSAN:1 DUDUK:2 RUMAH:1 TIDAK:8 SANGKA:2 PULA:2 WARGA:1 INTERNET:1 KETIKA:1 BUAL:1 GEN:1 BARU:2 SETIAP:1 BULAN:2 KUALA:1 LUMPUR:1 MAHU:2 SEBANYAK:1 NAIK:2 LAGU:2 RANCAK:1 DIA:4 MASA:2 SELAMA:2 MINIT:1 SAAT:1 UNTUK:4 DALAM:8 SEBELUM:1 AKAN:4 BELAJAR:1 DAHULU:1 DIPERSEMBAHKAN:1 BETUL:2 MENARIK:1 RATA:2 SEHINGGA:1 RIBU:1 ADALAH:2 BAPA:1 JUMLAH:1 TAWARAN:1 PENGARAH:1 FILEM:1 AKTIF:4 SENI:1 BUAT:1 KURANG:2 AKTIVITI:1 JUGA:2 DAPAT:1 PENDAPATAN:1 SENDIRI:3 MESKIPUN:1 TERLALU:1 BELAH:1 PERNAH:1 MENGABAIKAN:1 APABILA:2 KEPUTUSAN:1 CEMERLANG:1 KELAHIRAN:1 TERSEBUT:2 LEBIH:1 SEKADAR:1 MEREKA:2 SERING:1 AKSI:1 SIAPA:1 BUKAN:1 SAHAJA:1 UMUM:1 SELEBRITI:1 MALAH:1 DIRAJA:1 AGAK:1 UNIK:1 NAMUN:1 MENURUT:1 SULUNG:1 EMPAT:1 BERADIK:1 IDEA:1 SECARA:1 PUN:1 TETAPI:1 PERTAMA:1 KESAN:1 TERLEPAS:1 KAMI:2 ORANG:1 ASLI:1 MAUT:2 HARIMAU:1 SELAMAT:1 INGAT:1 KALAU:1 DAH:1 TINGGAL:1 JANGAN:1 MINUM:1 HARGA:1 SEN:2 RAMAI:1 PERCAYA:1 IKUT:1 TEROWONG:1 MOTOSIKAL:1 LANGGAR:1 DUA:2 MURID:1 DEPAN:1 SEKOLAH:1 PELAJAR:1 WANG:1 MANGSA:1 KAKI:1 BENDA:1 TAJAM:1 BELUM:1 SEMPAT:1 AIR:1 TANGAN:1 MENANTU:1 BERITA:1 TERMA:1 POLISI:1 SENARAI:1 KEDAI:1 AKHBAR:1 HAK:1 CIPTA:1 MULIA:1
https://www.kosmo.com.my/2020/07/15/pandemik-covid-19-bantu-tingkatkan-jualan-carsome/	PANDEMIK:3 ONLINE:2 MASUK:3 LANGGAN:3 TERKINI:5 NEGARA:4 ANALISIS:4 SEMASA:4 KATA:8 SAYA:5 KOMUNITI:4 AHAD:4 DUNIA:4 SUKAN:4 HALAL:5 NIAGA:5 SOKONG:4 KAMPUS:4 WANITA:5 RASA:5 MENJADI:1 PILIHAN:1 PENGGUNA:7 UNTUK:6 MAKLUMAT:1 LANJUT:1 MENGENAI:1 KERETA:14 OLEH:1 KUALA:1 LUMPUR:1 TENGGARA:1 YANG:8 LEBIH:5 BAIK:1 PADA:3 BULAN:6 INI:4 BERSAMA:1 DAN:14 KETUA:1 PEGAWAI:1 BERKATA:2 SEJAK:1 LALU:1 OPERASI:1 SYARIKAT:1 HAMPIR:1 SELEPAS:1 PERINTAH:1 KAWALAN:1 PERGERAKAN:1 SEMAKIN:1 TIGA:1 KALI:1 BANYAK:1 DARIPADA:3 DENGAN:4 PERATUS:4 TAHUN:2 TARIF:2 BARU:4 FAKTOR:2 BAHARU:2 JUGA:3 TELAH:2 KEPADA:2 TERHADAP:2 AWAM:1 PERKHIDMATAN:3 WAKTU:1 PEMILIKAN:1 ATAS:1 KESELAMATAN:1 MENYEBABKAN:1 BILANGAN:1 SEMUA:1 PUSAT:1 DALAM:5 KENYATAAN:1 SINI:1 SELAIN:2 ITU:2 MENJELASKAN:1 MENDAPAT:1 MENAMBAHKAN:1 MEREKA:5 BAGI:1 KAMI:3 TERUS:2 MAJU:1 BEBERAPA:1 PRODUK:1 TERMASUK:1 APLIKASI:4 MUDAH:4 ALIH:4 DAPAT:1 MENAIKTARAF:1 ALIRAN:1 KERJA:1 MEMBUAT:2 KEPUTUSAN:1 MUDAHKAN:1 PELANGGAN:1 ADALAH:1 RAKAN:1 KONGSI:1 JANJI:2 TEMU:2 SERTA:1 PULA:1 BAHAGIAN:1 MANA:1 MENURUT:1 KEYAKINAN:1 SECARA:1 SEPERTI:1 KEKAL:1 KUAT:1 SATU:1 SETIAP:1 EMPAT:1 RAKYAT:4 DITINJAU:2 TETAP:1 AKAN:1 TALIAN:1 TERSEBUT:1 BAHAWA:1 MENJUAL:1 TEMPOH:1 ALASAN:1 LAMA:1 WANG:2 TIDAK:1 MAHU:1 TERLEPAS:1 ORANG:1 ASLI:1 MAUT:2 HARIMAU:1 SELAMAT:1 INGAT:1 KALAU:1 DAH:1 TINGGAL:1 JANGAN:1 MINUM:1 HARGA:1 NAIK:1 SEN:2 VIDEO:1 RAMAI:1 PERCAYA:1 BOLEH:1 IKUT:1 TEROWONG:1 MOTOSIKAL:1 LANGGAR:1 DUA:2 MURID:1 DEPAN:1 SEKOLAH:1 PELAJAR:1 MANGSA:1 KAKI:1 BENDA:1 TAJAM:1 BELUM:1 SEMPAT:1 AIR:1 TANGAN:1 MENANTU:1 DUDUK:1 BERITA:1 TERMA:1 POLISI:1 SENARAI:1 KEDAI:1 AKHBAR:1 HAK:1 CIPTA:1 MULIA:1
https://www.kosmo.com.my/2020/07/15/polis-chile-latih-anjing-hidu-covid-19/	POLIS:6 ANJING:8 HIDU:2 ONLINE:1 MASUK:3 LANGGAN:3 TERKINI:5 NEGARA:5 ANALISIS:4 SEMASA:4 KATA:10 SAYA:5 KOMUNITI:4 AHAD:4 DUNIA:5 SUKAN:4 HALAL:4 NIAGA:4 SOKONG:4 KAMPUS:4 WANITA:5 RASA:5 DUA:4 ANGGOTA:1 BERJALAN:1 BERSAMA:2 MEREKA:3 OLEH:1 KINI:2 BAGI:1 INDIVIDU:1 YANG:3 MUNGKIN:1 KORONAVIRUS:2 DENGAN:2 PELUH:2 KESEMUA:1 EMPAT:2 EKOR:1 ANTARA:2 HINGGA:1 LIMA:1 TAHUN:1 DAN:6 SEBELUM:1 INI:1 UNTUK:1 DADAH:1 LETUPAN:1 SERTA:1 ORANG:3 HILANG:1 PROGRAM:1 TERSEBUT:3 ADALAH:3 USAHA:2 NASIONAL:1 UNIT:1 PENGAWAL:1 SEMPADAN:1 PAKAR:2 DARI:1 UNIVERSITI:2 SERUPA:1 DILAKUKAN:1 KETUA:1 SEKOLAH:2 KHAS:1 MEMPUNYAI:1 JUTA:1 SARAF:1 BAU:3 BOLEH:3 KALI:1 LEBIH:1 BAIK:1 MANUSIA:2 HAIWAN:2 ITU:2 JUGA:1 PADA:2 SETIAP:1 JAM:1 SAMA:1 PROFESOR:1 BERKATA:1 VIRUS:2 TIADA:1 TETAPI:1 MENYEBABKAN:1 BADAN:1 BERUBAH:1 PESAKIT:1 AKAN:3 MENGELUARKAN:1 BERBEZA:1 MENURUT:1 PULA:1 BEBERAPA:1 UJIAN:1 KAEDAH:1 PERATUS:1 TEPAT:1 PIHAK:1 KAWASAN:1 KAKI:2 SEPERTI:1 STESEN:1 KERETA:1 API:1 LAPANGAN:1 TERBANG:1 PUSAT:1 KAWALAN:1 KESIHATAN:1 LEPAS:1 SELATAN:1 KES:1 BAHARU:1 ANGKA:1 DALAM:1 TEMPOH:1 BULAN:1 JANGKITAN:1 SEJAK:1 LALU:1 TIDAK:1 MAHU:1 TERLEPAS:1 KAMI:2 ASLI:1 MAUT:2 HARIMAU:1 SELAMAT:1 INGAT:1 KALAU:1 DAH:1 TINGGAL:1 JANGAN:1 MINUM:1 HARGA:1 NAIK:1 SEN:2 VIDEO:1 RAMAI:1 PERCAYA:1 IKUT:1 TEROWONG:1 MOTOSIKAL:1 LANGGAR:1 MURID:1 DEPAN:1 PELAJAR:1 WANG:1 MANGSA:1 BENDA:1 TAJAM:1 BELUM:1 SEMPAT:1 AIR:1 TANGAN:1 MENANTU:1 DUDUK:1 BERITA:1 TERMA:1 POLISI:1 SENARAI:1 KEDAI:1 AKHBAR:1 HAK:1 CIPTA:1 MULIA:1
https://www.kosmo.com.my/2020/07/15/video-enam-kenderaan-nyaris-hanyut-di-sungai-tembeling/	VIDEO:3 ENAM:3 KENDERAAN:8 HANYUT:3 SUNGAI:4 ONLINE:1 MASUK:3 LANGGAN:3 TERKINI:5 NEGARA:10 ANALISIS:4 SEMASA:4 KATA:8 SAYA:4 KOMUNITI:4 AHAD:4 DUNIA:4 SUKAN:4 HALAL:4 NIAGA:4 SOKONG:4 KAMPUS:4 WANITA:4 RASA:4 ORANG:3 RAMAI:2 MENARIK:2 KERETA:1 YANG:4 AIR:6 JETI:3 TAMAN:3 KUALA:3 TAHAN:3 HARI:2 INI:4 OLEH:1 BUAH:2 APABILA:1 PARAS:1 NAIK:1 SINI:1 AWAL:1 PAGI:2 TADI:1 DALAM:1 KEJADIAN:2 KIRA:2 PUKUL:1 ITU:1 EMPAT:1 DARIPADA:1 ADALAH:1 MILIK:1 PELANCONG:2 ASING:1 DARI:1 DAN:4 MANAKALA:2 DUA:2 LAGI:1 KEPUNYAAN:1 PENDUDUK:2 PENGERUSI:1 KEMAJUAN:1 KAMPUNG:1 BERKATA:1 TERSEBUT:2 DILETAKKAN:1 KAWASAN:3 LARANGAN:1 KERANA:2 SAMA:1 TELAH:1 BERLAKU:1 SEBELUM:1 IALAH:1 MASING:2 CITRA:1 PROTON:1 WIRA:1 TINDAKAN:1 PANTAS:1 LEBIH:1 SERTA:1 BERJAYA:1 TEMPAT:1 SELAMAT:1 KEPADA:1 AGAR:1 TIDAK:3 MELETAKKAN:1 SELALU:1 BANJIR:1 MAHU:1 TERLEPAS:1 KAMI:3 MENGHADAP:1 TUANKU:1 KALAU:1 MATI:2 TAK:1 BOLEH:1 BEZA:1 BAU:1 BANGKAI:1 DENGAN:1 TIADA:1 TEMPOH:1 SAMBUNG:1 OPERASI:1 LEPAS:1 HANTAR:2 BARANG:1 KENCING:1 TEPI:1 RUMAH:2 PELAJAR:1 KEBAKARAN:1 TERIMA:1 SIRI:1 PECAH:1 JUTA:1 DREBAR:1 LORI:2 KES:1 WARGA:1 EMAS:1 MAUT:1 SELURUH:1 MASIH:1 SIHAT:1 BERITA:1 KEPALA:1 SETIAP:1 MALAM:1 SOLAT:1 HAJAT:1 UNTUK:1 KEMALANGAN:1 HERET:1 SEKALI:1 MAHKAMAH:1 KEDAI:2 PAYANG:1 BEROPERASI:1 HUJUNG:1 TAHUN:1 PUNCA:1 BUKA:1 SURI:1 CARI:1 PENDAPATAN:1 EKOR:1 LEMBU:1 MINUM:1 TUNGGU:1 LAMPU:1 PULANG:1 USAH:1 TERLALU:1 SOSIAL:1 KETIKA:1 TERMA:1 POLISI:1 SENARAI:1 AKHBAR:1 HAK:1 CIPTA:1 MULIA:1
https://www.kosmo.com.my/2020/07/15/atletico-rindu-kelibat-aguero/	RINDU:2 ONLINE:1 MASUK:3 LANGGAN:3 TERKINI:5 NEGARA:4 ANALISIS:4 SEMASA:4 KATA:8 SAYA:6 KOMUNITI:4 AHAD:4 DUNIA:4 SUKAN:5 HALAL:4 NIAGA:4 SOKONG:4 KAMPUS:4 WANITA:5 RASA:5 OLEH:1 BEKAS:1 BINTANG:1 UNTUK:4 KEMBALI:3 LIGA:4 SEBELUM:1 ITU:3 TEMPOH:2 SELAMA:2 LIMA:2 TAHUN:4 BERSAMA:4 DENGAN:2 DALAM:2 SELAIN:1 MENJULANG:2 DAN:4 PIALA:3 PASUKAN:1 KEMUDIAN:1 PADA:2 MELALUI:1 YANG:6 GEMILANG:1 SEMBILAN:2 APABILA:1 TERMASUK:1 EMPAT:1 PERDANA:1 SATU:2 KEJAYAAN:1 SELEPAS:1 MASA:1 LEBIH:1 MUSIM:1 SENSASI:1 KINI:1 SUDAH:1 HANYA:1 MEMPUNYAI:1 TETAPI:3 MENAWARKAN:1 FIKIR:1 ADALAH:1 SUATU:1 SANGAT:1 BAIK:2 DIA:1 TIBA:1 USIA:1 MUDA:1 TELAH:1 AKSI:1 CUKUP:1 MENJADI:1 PERKARA:1 BUAT:1 MENDAPAT:1 KHIDMAT:1 KETIKA:1 INI:1 BERADA:1 KEDUDUKAN:1 KEEMPAT:1 MATA:2 KETINGGALAN:1 DUA:3 PERLAWANAN:1 AGENSI:1 TIDAK:1 MAHU:1 TERLEPAS:1 KAMI:2 ORANG:1 ASLI:1 MAUT:2 HARIMAU:1 SELAMAT:1 INGAT:1 KALAU:1 DAH:1 TINGGAL:1 JANGAN:1 MINUM:1 HARGA:1 NAIK:1 SEN:2 VIDEO:1 RAMAI:1 PERCAYA:1 BOLEH:1 IKUT:1 TEROWONG:1 MOTOSIKAL:1 LANGGAR:1 MURID:1 DEPAN:1 SEKOLAH:1 PELAJAR:1 WANG:1 MANGSA:1 KAKI:1 BENDA:1 TAJAM:1 BELUM:1 SEMPAT:1 AIR:1 TANGAN:1 MENANTU:1 MEREKA:1 DUDUK:1 BERITA:1 TERMA:1 POLISI:1 SENARAI:1 KEDAI:1 AKHBAR:1 HAK:1 CIPTA:1 MULIA:1
https://www.kosmo.com.my/2020/07/15/barcelona-mahu-tambah-sengat-jentera-penggempur/	MAHU:3 TAMBAH:2 SENGAT:2 JENTERA:2 ONLINE:1 MASUK:4 LANGGAN:3 TERKINI:5 NEGARA:4 ANALISIS:4 SEMASA:4 KATA:8 SAYA:5 KOMUNITI:4 AHAD:4 DUNIA:4 SUKAN:5 HALAL:4 NIAGA:4 SOKONG:4 KAMPUS:4 WANITA:5 RASA:5 OLEH:1 PRESIDEN:1 TELAH:1 BERSAMA:1 UNTUK:4 DENGAN:2 SEJAK:1 BEBERAPA:3 BULAN:1 LALU:2 DAN:3 KHIDMAT:1 PEMAIN:2 ITU:5 SEBAGAI:1 PALING:1 YANG:3 SUDAH:1 TAHUN:1 SERTA:1 SERING:1 MENGALAMI:1 MEMPUNYAI:1 JALAN:1 MUDAH:1 MENGAKTIFKAN:1 JUTA:1 NAMUN:1 KELAB:1 GERGASI:1 TIDAK:2 MENGELUARKAN:1 DANA:1 SEBANYAK:1 PASARAN:2 KALI:1 INI:3 MENJADI:1 SUATU:1 BERBEZA:1 PASUKAN:3 BESAR:1 MASALAH:2 EKONOMI:1 TETAPI:1 AKAN:2 TERUS:1 AKTIF:1 DALAM:2 KES:1 PERBINCANGAN:2 SEKETIKA:1 KAMI:4 MINGGU:1 BERADA:1 PADA:1 FASA:1 PENILAIAN:2 MEMBERI:1 KEPADA:1 MUSIM:1 DAHULU:1 SEHINGGA:1 SEBELUM:1 MEMBUAT:1 SEMULA:1 MENGENAI:1 PERKARA:1 AGENSI:1 TERLEPAS:1 ORANG:1 ASLI:1 MAUT:2 HARIMAU:1 SELAMAT:1 INGAT:1 KALAU:1 DAH:1 TINGGAL:1 JANGAN:1 MINUM:1 HARGA:1 NAIK:1 SEN:2 VIDEO:1 RAMAI:1 PERCAYA:1 BOLEH:1 IKUT:1 TEROWONG:1 MOTOSIKAL:1 LANGGAR:1 DUA:2 MURID:1 DEPAN:1 SEKOLAH:1 PELAJAR:1 WANG:1 MANGSA:1 KAKI:1 BENDA:1 TAJAM:1 BELUM:1 SEMPAT:1 AIR:1 TANGAN:1 MENANTU:1 MEREKA:1 DUDUK:1 BERITA:1 TERMA:1 POLISI:1 SENARAI:1 KEDAI:1 AKHBAR:1 HAK:1 CIPTA:1 MULIA:1
https://www.kosmo.com.my/2020/07/15/intan-najuwa-berani-tayang-perut/	INTAN:10 BERANI:4 PERUT:3 ONLINE:1 MASUK:3 LANGGAN:3 TERKINI:5 NEGARA:4 ANALISIS:4 SEMASA:4 KATA:8 SAYA:4 KOMUNITI:4 AHAD:4 DUNIA:4 SUKAN:6 HALAL:4 NIAGA:4 SOKONG:4 KAMPUS:4 WANITA:4 RASA:4 OLEH:1 DENGAN:3 GAMBAR:5 SEORANG:1 PELAKON:1 YANG:5 TEMAN:2 BAIK:1 BARU:2 INI:3 SEMAKIN:1 MEMBUAT:1 SEBAHAGIAN:1 BEBERAPA:2 KEPING:1 DALAM:2 AKAUN:1 SEKALI:1 IMBAS:1 SEPERTI:2 TIADA:1 APA:1 TETAPI:2 DUA:1 KALI:1 TENGOK:2 PULA:1 BAHAGIAN:2 TERSEBUT:1 DIA:2 BAJU:1 PUTIH:1 CELANA:1 MERAH:1 JAMBU:1 DAN:3 TOPI:1 TERKEJUT:1 JUGA:4 KETIKA:2 MELIHAT:1 SEBELUM:2 TIDAK:2 PERNAH:1 NAIK:2 PAKAIAN:3 MENURUT:1 ADA:2 BEGITU:1 CUMA:1 SEMPAT:1 BACA:1 MENEGUR:1 CARA:1 PEMAKAIAN:1 MUNGKIN:1 SEKADAR:1 PEMINAT:1 BERBEZA:1 KALAU:1 HENDAK:1 TAK:2 MUAT:1 SOSIAL:1 BUAT:1 PERIBADI:1 JADI:1 JIKA:1 TAKUT:1 OMBAK:1 JANGAN:1 TEPI:1 PANTAI:1 LEBIH:1 SERONOK:1 CANTIK:1 MAWAR:1 MAHU:1 TERLEPAS:1 KAMI:2 VIDEO:1 KEPADA:1 PENCURI:1 AIR:1 HIDUP:1 KAU:1 AKAN:1 JAGA:1 KAKAK:1 SEJAK:1 TAHUN:1 LALU:1 CIKGU:1 TERIMA:1 NASIHAT:1 AWAK:1 HATI:1 TERUJA:1 BENAM:1 TERUS:1 PERKASA:1 BAPA:1 TAMPAR:1 PUKUL:1 ANAK:1 TIRI:1 GUNA:1 LESUNG:1 SUMBANG:1 EMAS:1 PERTAMA:1 BERITA:1 TERMA:1 POLISI:1 SENARAI:1 KEDAI:1 AKHBAR:1 HAK:1 CIPTA:1 MULIA:1
https://www.kosmo.com.my/2020/07/15/cukup-cukuplah-fynn-jamal/	CUKUP:2 ONLINE:1 MASUK:3 LANGGAN:3 TERKINI:5 NEGARA:4 ANALISIS:4 SEMASA:4 KATA:9 SAYA:4 KOMUNITI:4 AHAD:5 DUNIA:4 SUKAN:5 HALAL:4 NIAGA:4 SOKONG:4 KAMPUS:4 WANITA:6 RASA:5 OLEH:2 SEPANJANG:1 MINGGU:1 LALU:1 LETIH:1 JUGA:5 DENGAR:1 CERITA:1 TENTANG:2 INI:3 BUKAN:3 KALI:1 PERTAMA:1 DIA:1 MENGELUARKAN:2 KENYATAAN:4 ISU:5 AGAMA:3 DALAM:1 SOSIAL:1 HINGGA:1 RAMAI:2 BARU:2 SEKALI:1 LAGI:1 MENGENAI:1 ROGOL:5 PENYANYI:1 LAGU:1 BETA:1 ITU:2 SEPERTI:2 SEBAGAI:1 PUNCA:1 UTAMA:1 MASALAH:1 BERLAKU:1 GAMBAR:1 SWAFOTO:1 DAN:4 ADALAH:1 KEJADIAN:1 PENING:1 NAK:1 SEMUA:2 NAMUN:1 APA:2 YANG:7 LEBIH:2 MARAH:1 APABILA:1 KALAU:1 KENA:2 AWAK:2 BERSABAR:1 DAPAT:1 SATU:1 PAHALA:1 KERANA:2 UJIAN:1 MENURUT:1 SESETENGAH:1 PERLU:2 FAHAM:1 SITUASI:1 MANGSA:2 SEBELUM:1 SEBARANG:2 ADA:2 MENONTON:1 LANGSUNG:2 BERSAMA:1 AGAK:1 DIBERIKAN:1 MEREKA:2 KEPADA:1 TETAPI:1 INDIVIDU:1 LAYAK:1 UNTUK:2 SOAL:1 HUKUM:1 MUNGKIN:2 BEREHAT:1 DARIPADA:1 BIKIN:1 ATAU:2 DULU:1 DENGAN:1 MANA:2 MUFTI:1 JIKA:2 INGIN:2 MEMBAHASKAN:1 SESUATU:1 PERKARA:1 SEBAB:1 PUN:1 MENJADI:1 IALAH:1 SIAPA:1 APAKAH:1 TERSEBUT:1 HARAP:1 AKAN:1 HATI:1 SELEPAS:1 BENAR:1 ORANG:1 MULUT:1 BADAN:1 BINASA:1 SUDAH:1 SEKARANG:1 SEMOGA:1 KEKAL:1 TIDAK:1 MAHU:1 TERLEPAS:1 KAMI:2 BAWAH:1 BAS:1 LELAKI:1 MAUT:2 DARI:1 BANGUNAN:1 PASAR:1 BESAR:1 IPOH:1 DUA:1 PENGARAH:1 SYARIKAT:1 SKIM:1 AKTA:1 BUKA:1 PINTU:1 TERKEJUT:2 ANJING:1 LIAR:1 DEPAN:1 RUMAH:2 VIDEO:1 POLIS:1 PATAH:1 BALIK:1 INGAT:1 ROMPAK:1 TAK:1 SEMPAT:1 ELAK:1 LORI:1 JULANG:1 EMAS:1 BERITA:1 TERMA:1 POLISI:1 SENARAI:1 KEDAI:1 AKHBAR:1 HAK:1 CIPTA:1 MULIA:1
https://www.kosmo.com.my/2020/07/15/nelayan-dikhuatiri-hilang-dekat-pulau-payar/	NELAYAN:9 HILANG:9 DEKAT:3 PULAU:5 ONLINE:2 MASUK:3 LANGGAN:3 TERKINI:5 NEGARA:5 ANALISIS:4 SEMASA:4 KATA:8 SAYA:5 KOMUNITI:4 AHAD:4 DUNIA:4 SUKAN:4 HALAL:4 NIAGA:4 SOKONG:4 KAMPUS:4 WANITA:6 RASA:5 ANGGOTA:1 MELAKUKAN:1 OPERASI:4 SEORANG:4 YANG:8 PADA:4 PAGI:5 TADI:4 OLEH:2 ALOR:1 SELEPAS:1 DALAM:4 LAUT:4 KETIKA:1 IKAN:1 JARAK:1 KIRA:4 BATU:2 UTARA:1 SINI:2 MANGSA:5 MERUPAKAN:1 LELAKI:1 AWAL:1 DUA:4 LAGI:2 BERADA:1 PUKAT:2 TUNDA:2 PUKUL:3 PENGARAH:1 ZON:2 KUALA:2 BERKATA:2 BELUM:2 PASTI:1 IDENTITI:1 WARGA:1 KELUAR:1 BERSAMA:1 DENGAN:2 SEBELUM:2 DIA:2 MENURUT:1 SALAH:1 BERCUTI:1 DAN:6 DIKATAKAN:1 BARU:1 PERTAMA:1 KALI:1 BEKERJA:1 TERSEBUT:1 SATU:1 KENYATAAN:1 HARI:2 INI:3 MENDAPAT:1 MAKLUMAT:2 PUSAT:2 MENCARI:2 MELANCARKAN:1 SEKTOR:1 KAWASAN:1 BUAT:1 MASA:1 SELAIN:1 ASET:1 JABATAN:1 PERIKANAN:1 BEBERAPA:1 TURUT:1 MEMBANTU:1 USAHA:2 MEMINTA:1 ORANG:2 RAMAI:2 KEHILANGAN:1 AHLI:1 KELUARGA:1 ATAU:1 MEMPUNYAI:1 SEBARANG:1 KES:1 SUPAYA:1 TALIAN:1 TIDAK:1 MAHU:1 TERLEPAS:1 KAMI:3 ASLI:1 MAUT:2 HARIMAU:1 SELAMAT:1 INGAT:1 KALAU:1 DAH:1 TINGGAL:1 JANGAN:1 MINUM:1 HARGA:1 NAIK:1 SEN:2 VIDEO:1 PERCAYA:1 BOLEH:1 IKUT:1 TEROWONG:1 MOTOSIKAL:1 LANGGAR:1 MURID:1 DEPAN:1 SEKOLAH:2 PELAJAR:2 WANG:1 KAKI:1 BENDA:1 TAJAM:1 SEMPAT:1 AIR:1 TANGAN:1 MENANTU:1 MEREKA:1 DUDUK:1 BERITA:1 BERI:2 ALASAN:1 JANJI:1 TEMU:1 GIGI:1 TERUS:1 CARI:1 RAKYAT:1 TERMASUK:1 HAMIL:1 KANAK:2 PERAK:1 MANA:1 BANJIR:1 SUDAH:1 TERIMA:1 SETAKAT:1 KAPAL:1 ABANG:1 TUNGGU:1 TERMA:1 POLISI:1 SENARAI:1 KEDAI:1 AKHBAR:1 HAK:1 CIPTA:1 MULIA:1
https://www.kosmo.com.my/2020/07/15/lans-koperal-didakwa-terima-rasuah-pekerja-asing/	TERIMA:2 RASUAH:6 PEKERJA:6 ASING:5 ONLINE:2 MASUK:3 LANGGAN:3 TERKINI:6 NEGARA:4 ANALISIS:4 SEMASA:4 KATA:8 SAYA:5 KOMUNITI:4 AHAD:4 DUNIA:4 SUKAN:4 HALAL:4 NIAGA:4 SOKONG:4 KAMPUS:4 WANITA:5 RASA:5 KIRI:1 SESYEN:3 KUALA:2 HARI:2 INI:2 ATAS:2 MENERIMA:3 SEBAGAI:2 DORONG:1 SEORANG:5 TANPA:1 KERJA:2 SAH:2 PADA:4 OLEH:2 ANGGOTA:1 POLIS:5 MAHKAMAH:2 SINI:2 TIGA:1 TAHUN:2 LALU:1 TERTUDUH:3 YANG:4 BALAI:2 BARU:1 MEMBUAT:1 TIDAK:5 BERSALAH:1 SELEPAS:1 HADAPAN:1 HAKIM:1 MAT:1 BERDASARKAN:1 WANG:3 TUNAI:1 DARIPADA:1 LELAKI:2 UNTUK:1 TINDAKAN:1 DAN:4 MEMPUNYAI:1 KILANG:1 PERBUATAN:1 ITU:1 DILAKUKAN:1 BANK:1 JALAN:1 AIR:2 JERNIH:1 DIA:1 SEKSYEN:1 AKTA:1 SURUHANJAYA:1 PENJARA:1 SEHINGGA:1 DENDA:1 ATAU:1 LIMA:1 KALI:1 MANA:1 LEBIH:1 TINGGI:1 JIKA:1 KESALAHAN:1 PEGUAM:1 MANAKALA:1 PULA:1 RAYA:1 DENGAN:1 SEBUTAN:1 SEMULA:1 KES:1 DEPAN:2 DUIT:1 MAHU:1 TERLEPAS:1 KAMI:2 ORANG:1 ASLI:1 MAUT:4 HARIMAU:1 SELAMAT:1 INGAT:2 KALAU:1 DAH:1 TINGGAL:1 JANGAN:1 MINUM:1 HARGA:1 NAIK:1 SEN:2 VIDEO:2 RAMAI:1 PERCAYA:1 BOLEH:1 IKUT:1 TEROWONG:1 MOTOSIKAL:1 LANGGAR:1 DUA:2 MURID:1 SEKOLAH:1 PELAJAR:1 MANGSA:1 KAKI:1 BENDA:1 TAJAM:1 BELUM:1 SEMPAT:2 TANGAN:1 MENANTU:1 MEREKA:1 DUDUK:1 BERITA:1 PEMANDU:1 LORI:2 CEKIK:1 TAMPAR:1 ISTERI:1 DARI:1 BANGUNAN:1 PASAR:1 BESAR:1 IPOH:2 TERKEJUT:1 PATAH:1 BALIK:1 RUMAH:1 KENA:1 ROMPAK:1 TAK:1 ELAK:1 IDENTITI:1 MAYAT:1 TAYAR:1 DEKAT:1 MASIH:1 UPAH:1 MELANCONG:1 BAWA:1 GANJA:1 SEMBILAN:1 VAN:1 TERBALIK:1 LUAK:1 SUNGEI:1 UJONG:1 TERMA:1 POLISI:1 SENARAI:1 KEDAI:1 AKHBAR:1 HAK:1 CIPTA:1 MULIA:1
https://www.kosmo.com.my/2020/07/15/lelaki-mengamuk-gara-gara-tidak-dapat-rm50/	LELAKI:6 MENGAMUK:4 TIDAK:6 DAPAT:2 ONLINE:2 MASUK:3 LANGGAN:3 TERKINI:5 NEGARA:4 ANALISIS:4 SEMASA:4 KATA:8 SAYA:5 KOMUNITI:4 AHAD:4 DUNIA:4 SUKAN:4 HALAL:4 NIAGA:4 SOKONG:4 KAMPUS:4 WANITA:5 RASA:5 OLEH:2 KUALA:2 MENDAPAT:1 WANG:5 SEORANG:2 DENGAN:4 MEJA:1 KERUSI:1 DAN:4 BERNIAGA:1 MILIK:1 PENYEWA:2 KEDAI:5 PADANG:1 SINI:1 PADA:3 LALU:1 DALAM:1 KEJADIAN:3 PUKUL:1 PETANG:1 ITU:3 SUSPEK:3 YANG:4 TAHUN:2 TURUT:1 AGRESIF:1 UNTUK:4 MANGSA:7 PISAU:1 SUMBER:2 BERKATA:2 BAIK:1 APABILA:1 DIKATAKAN:1 HANYA:1 BEREDAR:1 BEGITU:1 SAHAJA:1 SAMBIL:1 BESI:1 PINTU:1 SEBELUM:1 TELAH:2 DATANG:1 MEMINTA:2 TUNAI:1 ALASAN:1 MAHU:2 MEMBAIKI:1 DIA:1 TIBA:2 KERANA:1 DUIT:2 TERSEBUT:1 MERUPAKAN:1 KEPADA:2 HARI:1 INI:1 AWAL:1 BUKAN:1 PERTAMA:1 KALI:1 UGUT:1 DARIPADA:1 BELIAU:1 MEMBUAT:1 BALAI:1 POLIS:4 LAMA:1 SELEPAS:1 SEMENTARA:1 KETUA:1 DAERAH:1 RAHIM:1 DIN:1 MENGESAHKAN:1 KES:1 SEDANG:1 SEKSYEN:2 KANUN:1 AKTA:1 SAMA:1 AMUK:1 TAHAN:1 TERLEPAS:1 KAMI:2 ORANG:1 ASLI:1 MAUT:4 HARIMAU:1 SELAMAT:1 INGAT:2 KALAU:1 DAH:1 TINGGAL:1 JANGAN:1 MINUM:1 HARGA:1 NAIK:1 SEN:2 VIDEO:2 RAMAI:1 PERCAYA:1 BOLEH:1 IKUT:1 TEROWONG:1 MOTOSIKAL:1 LANGGAR:1 DUA:3 MURID:1 DEPAN:1 SEKOLAH:1 PELAJAR:2 KAKI:1 BENDA:1 TAJAM:1 BELUM:1 SEMPAT:2 AIR:1 TANGAN:1 MENANTU:1 MEREKA:1 DUDUK:1 BERITA:1 PEMANDU:1 LORI:2 CEKIK:1 TAMPAR:1 ISTERI:1 DARI:1 BANGUNAN:1 PASAR:1 BESAR:1 IPOH:2 TERKEJUT:1 PATAH:1 BALIK:1 RUMAH:1 KENA:1 ROMPAK:1 TAK:1 ELAK:1 IDENTITI:1 MAYAT:1 TAYAR:1 DEKAT:1 MASIH:1 UPAH:1 MELANCONG:1 BAWA:1 GANJA:1 SEMBILAN:1 VAN:1 TERBALIK:1 TERMA:1 POLISI:1 SENARAI:1 AKHBAR:1 HAK:1 CIPTA:1 MULIA:1
https://www.kosmo.com.my/2020/07/15/covid-19-lima-kes-baharu-dikesan/	LIMA:4 KES:12 BAHARU:5 ONLINE:2 MASUK:3 LANGGAN:3 TERKINI:6 NEGARA:8 ANALISIS:4 SEMASA:4 KATA:8 SAYA:4 KOMUNITI:4 AHAD:4 DUNIA:4 SUKAN:6 HALAL:4 NIAGA:4 SOKONG:4 KAMPUS:4 WANITA:4 RASA:4 LAGI:1 AKIBAT:2 INI:2 JUMLAH:2 SEBANYAK:3 OLEH:1 HARI:1 EMPAT:2 DAN:4 SATU:3 IMPORT:2 KETUA:1 PENGARAH:1 KESIHATAN:2 DATUK:1 BERKATA:1 DARIPADA:1 TIGA:1 ADALAH:2 WARGANEGARA:3 BUKAN:2 TELAH:1 DIMASUKKAN:1 HOSPITAL:4 SUNGAI:4 BULOH:4 BAGI:1 MENERIMA:1 RAWATAN:1 LANJUT:1 TIDAK:1 MAHU:1 TERLEPAS:1 KAMI:2 TUJUH:1 VAN:1 WARGA:1 ASING:1 MISI:1 TAKRAW:1 BURU:1 EMAS:2 TERUS:1 MENYALA:1 PUASA:1 SEMBAHYANG:1 KHAS:1 DEMI:2 SEMULA:1 AWAM:1 TERIMA:1 JUTA:2 LAPOR:1 TOLAK:1 RASUAH:1 TERUJA:1 DAPAT:1 LIHAT:1 PENYU:2 MANDI:1 BAKAR:1 SEMANGAT:1 ATLET:1 BELIMBING:1 SUDAH:1 SIRI:1 BERITA:1 CARI:1 WARIS:1 RAKYAT:1 URUS:1 KETIKA:1 DARI:1 LAKSA:1 MALAM:1 SEMAKIN:1 KELUARGA:2 DERMA:1 KORNEA:1 PESAKIT:1 LAIN:1 JENAZAH:1 NUR:1 TIBA:1 KITA:1 KRISIS:1 ANAK:1 YATIM:1 HILANG:1 GAYA:1 KEMBALI:1 TERMA:1 POLISI:1 SENARAI:1 KEDAI:1 AKHBAR:1 HAK:1 CIPTA:1 MULIA:1
https://www.kosmo.com.my/2020/07/15/adun-slim-meninggal-dunia/	MENINGGAL:3 DUNIA:7 ONLINE:2 MASUK:3 LANGGAN:3 TERKINI:5 NEGARA:6 ANALISIS:4 SEMASA:4 KATA:8 SAYA:7 KOMUNITI:4 AHAD:4 SUKAN:4 HALAL:4 NIAGA:4 SOKONG:4 KAMPUS:4 WANITA:5 RASA:5 OLEH:1 IPOH:1 AHLI:2 DEWAN:1 NEGERI:3 DATUK:3 HOSPITAL:2 SELEPAS:1 SAKIT:1 JANTUNG:1 SEBENTAR:1 TADI:1 BERITA:2 KETUA:1 BAHAGIAN:2 TANJUNG:2 DAN:6 MAJLIS:1 TERSEBUT:1 PENGERUSI:1 BADAN:1 PERHUBUNGAN:1 PERAK:3 KETIKA:2 HARI:1 INI:2 BELIAU:3 SENDIRI:2 TIDAK:2 MEMPUNYAI:1 MAKLUMAT:1 LANJUT:1 KINI:1 SEDANG:1 DALAM:2 PERJALANAN:1 SEMENTARA:1 ITU:1 MENTERI:1 BESAR:2 SERI:1 LAMAN:1 SOSIAL:2 UCAPAN:1 TAKZIAH:1 KEPADA:2 KELUARGA:1 BAGI:1 PIHAK:1 SELURUH:1 RAKYAT:2 ANGGOTA:1 PENTADBIRAN:1 KERAJAAN:1 ADALAH:1 SATU:1 KEHILANGAN:2 JUGA:2 KAWASAN:1 SERTA:2 TELAH:2 SEORANG:1 SAHABAT:1 YANG:2 ANGGAP:1 SEBAGAI:1 SAUDARA:1 KANDUNG:1 SEMOGA:1 RAHMAT:1 ATAS:1 BERSAMA:1 MEREKA:2 SOLEH:1 DIKURNIAKAN:1 SEBAIK:1 BAIK:1 SYURGA:1 MAHU:1 TERLEPAS:1 KAMI:3 ORANG:1 ASLI:1 MAUT:2 HARIMAU:1 SELAMAT:1 INGAT:1 KALAU:1 DAH:1 TINGGAL:1 JANGAN:1 MINUM:2 HARGA:1 NAIK:1 SEN:2 VIDEO:1 RAMAI:1 PERCAYA:1 BOLEH:1 IKUT:1 TEROWONG:1 MOTOSIKAL:1 LANGGAR:1 DUA:2 MURID:1 DEPAN:1 SEKOLAH:1 PELAJAR:1 WANG:1 MANGSA:1 KAKI:1 BENDA:1 TAJAM:1 BELUM:1 SEMPAT:1 AIR:3 TANGAN:1 MENANTU:1 DUDUK:1 KEPALA:1 SETIAP:1 MALAM:1 SOLAT:1 HAJAT:1 UNTUK:1 KEMALANGAN:1 LORI:1 HERET:1 SEKALI:1 MAHKAMAH:1 KEDAI:2 PAYANG:1 BEROPERASI:1 HUJUNG:1 TAHUN:1 PUNCA:1 SUNGAI:1 BUKA:1 SURI:1 RUMAH:1 CARI:1 PENDAPATAN:1 EKOR:1 LEMBU:1 MATI:1 TUNGGU:1 LAMPU:1 HANTAR:1 PULANG:1 USAH:1 TERLALU:1 TERMA:1 POLISI:1 SENARAI:1 AKHBAR:1 HAK:1 CIPTA:1 MULIA:1
https://www.kosmo.com.my/2020/07/16/polis-kesan-waris-mayat-wanita-mangsa-bunuh/	POLIS:5 KESAN:2 WARIS:4 MAYAT:6 WANITA:8 MANGSA:9 BUNUH:2 ONLINE:2 MASUK:3 LANGGAN:3 TERKINI:5 NEGARA:5 ANALISIS:4 SEMASA:4 KATA:8 SAYA:5 KOMUNITI:4 AHAD:4 DUNIA:4 SUKAN:4 HALAL:4 NIAGA:4 SOKONG:4 KAMPUS:4 RASA:5 ANGGOTA:1 BOMBA:1 MEMBANTU:1 DARI:1 SUNGAI:2 SEBELUM:1 KEPADA:2 PIHAK:1 PADA:1 LALU:2 OLEH:1 SITI:1 KINI:3 SEDANG:2 YANG:3 AWAL:1 KETUA:1 DAERAH:1 BERKATA:1 IDENTITI:1 ITU:1 MASIH:2 BELUM:2 PASTI:2 SEHINGGA:1 TINDAKAN:1 UNTUK:1 WALAUPUN:1 KITA:1 SUDAH:1 MELALUI:1 SALURAN:1 BERADA:1 BILIK:1 HOSPITAL:1 DAN:3 HASIL:1 SIASAT:1 PUNCA:1 KEMATIAN:1 TUMPUL:1 DALAM:2 SATU:1 KENYATAAN:1 SINI:1 HARI:1 INI:1 TAMBAH:1 UJIAN:1 JABATAN:1 KIMIA:1 USAHA:1 KES:2 BAWAH:1 SEKSYEN:1 KANUN:1 KERANA:1 MEMBUNUH:1 ORANG:2 RAMAI:2 MEMPUNYAI:1 MAKLUMAT:2 BAGI:1 SEBARANG:1 BOLEH:2 FIRDAUS:1 TALIAN:1 TIDAK:1 MAHU:1 TERLEPAS:1 KAMI:2 ASLI:1 MAUT:2 HARIMAU:1 SELAMAT:1 INGAT:1 KALAU:1 DAH:1 TINGGAL:1 JANGAN:1 MINUM:1 HARGA:1 NAIK:1 SEN:2 VIDEO:1 PERCAYA:1 IKUT:1 TEROWONG:1 MOTOSIKAL:1 LANGGAR:1 DUA:2 MURID:1 DEPAN:1 SEKOLAH:1 PELAJAR:1 WANG:1 KAKI:1 BENDA:1 TAJAM:1 SEMPAT:1 AIR:1 TANGAN:1 MENANTU:1 MEREKA:1 DUDUK:1 BERITA:1 TERMA:1 POLISI:1 SENARAI:1 KEDAI:1 AKHBAR:1 HAK:1 CIPTA:1 MULIA:1
https://www.kosmo.com.my/2020/07/15/apmm-patahkan-cubaan-seludup-syabu-di-perairan-langkawi/	CUBAAN:3 ONLINE:2 MASUK:3 LANGGAN:3 TERKINI:5 NEGARA:7 ANALISIS:4 SEMASA:4 KATA:9 SAYA:5 KOMUNITI:4 AHAD:4 DUNIA:4 SUKAN:4 HALAL:4 NIAGA:4 SOKONG:4 KAMPUS:4 WANITA:5 RASA:5 TENGAH:1 YANG:5 DALAM:4 OPERASI:2 BENTENG:2 AWAL:2 PAGI:3 SEMALAM:1 OLEH:1 DUA:3 INDIVIDU:1 UNTUK:4 DADAH:3 JENIS:1 LIMA:2 MELALUI:1 GAGAL:1 APABILA:1 MEREKA:2 PULAU:3 SINGA:2 BESAR:2 SINI:3 INI:2 KEJADIAN:1 KIRA:2 PUKUL:1 ITU:3 SUSPEK:3 PETIR:1 SEDANG:1 MELAKUKAN:1 LAUT:4 PENGARAH:1 NEGERI:3 DAN:10 LAKSAMANA:1 PERTAMA:1 BERKATA:1 TERSEBUT:2 MEMECUT:1 LAJU:1 SETELAH:1 KEHADIRAN:1 SALAH:1 SEORANG:1 SATU:2 PADA:3 KEDUDUKAN:1 BATU:1 BARAT:1 DAYA:1 SEBELUM:1 DIRI:1 DENGAN:3 MENUJU:1 ARAH:1 SEMPADAN:1 KEADAAN:1 CUACA:1 BURUK:1 BALIK:1 BAGI:1 MENEMUI:2 KOTAK:1 COKLAT:1 SINAR:2 SIDANG:1 AKHBAR:2 IBU:1 PEJABAT:1 BUKIT:2 HARI:1 BELIAU:1 HASIL:2 LANJUT:3 BUNGKUS:1 BERAT:1 SETIAP:1 KESAN:1 CAP:1 JARI:1 TELAH:1 BAHAGIAN:1 MENURUT:1 PERCAYA:2 SINDIKET:1 ADALAH:1 DARI:1 JIRAN:1 SEBAGAI:1 PASARAN:1 ANTARABANGSA:1 GERAKAN:1 MASIH:1 DILAKUKAN:1 ORANG:1 AWAM:1 MEMPUNYAI:1 MAKLUMAT:1 BOLEH:2 KEPADA:1 PUSAT:1 TALIAN:1 ATAU:1 JETI:1 TINDAKAN:1 KES:1 SEKSYEN:1 AKTA:1 BERBAHAYA:1 TIDAK:1 MAHU:1 TERLEPAS:1 KAMI:2 INGAT:1 KALAU:1 DAH:1 TINGGAL:1 JANGAN:1 MINUM:1 HARGA:1 NAIK:1 SEN:2 VIDEO:1 RAMAI:1 IKUT:1 TEROWONG:1 MOTOSIKAL:1 LANGGAR:1 MURID:1 DEPAN:1 SEKOLAH:1 PELAJAR:1 WANG:1 MAUT:1 MANGSA:1 KAKI:1 BENDA:1 TAJAM:1 BELUM:1 SEMPAT:1 AIR:1 TANGAN:1 MENANTU:1 DUDUK:1 TIADA:1 SURAT:1 RASMI:1 TUGAS:1 MINTA:1 KERJA:1 SEPERTI:1 BIASA:1 BERITA:1 TERMA:1 POLISI:1 SENARAI:1 KEDAI:1 HAK:1 CIPTA:1 MULIA:1
https://www.kosmo.com.my/2020/07/16/lelaki-nigeria-dituduh-bunuh-ketua-jururawat-hospital-serdang/	LELAKI:4 BUNUH:3 KETUA:5 JURURAWAT:5 HOSPITAL:4 ONLINE:2 MASUK:3 LANGGAN:3 TERKINI:6 NEGARA:4 ANALISIS:4 SEMASA:4 KATA:8 SAYA:5 KOMUNITI:4 AHAD:4 DUNIA:4 SUKAN:4 HALAL:4 NIAGA:4 SOKONG:4 KAMPUS:4 WANITA:7 RASA:5 SEORANG:3 MENGAKU:2 TIDAK:3 BERSALAH:2 ATAS:2 MEMBUNUH:3 MAHKAMAH:3 TINGGI:2 ALAM:2 OLEH:1 WARGA:2 TAHUN:4 LALU:4 SINI:3 HARI:2 INI:1 TERTUDUH:3 MEMBUAT:1 TERSEBUT:1 SELEPAS:1 DALAM:1 BAHASA:1 HADAPAN:1 HAKIM:1 KARIM:1 BERDASARKAN:1 SITI:3 UNIT:1 ANTARA:1 PUKUL:2 PAGI:1 HINGGA:1 PETANG:2 SEKSYEN:1 KANUN:1 YANG:2 GANTUNG:1 SAMPAI:1 MATI:1 JIKA:1 KESALAHAN:1 RAYA:1 MANAKALA:1 PEGUAM:1 DATUK:1 DEPAN:4 SEBAGAI:1 TARIKH:2 SEBUTAN:1 SEMULA:1 KES:2 DAN:3 GAMBAR:1 KEJADIAN:1 KEPADA:1 PIHAK:1 SEMENTARA:1 PULA:1 SELAMA:1 ENAM:1 IAITU:1 PADA:3 KEHILANGAN:1 TERJAWAB:1 APABILA:1 MAYAT:2 ITU:1 SEWA:1 DEKAT:1 HASIL:1 MAKLUMAT:1 ORANG:3 AWAM:1 MELIHAT:1 DARAH:1 KELUAR:1 DARI:1 SALAH:1 SATU:1 PINTU:1 KIRA:2 MAHU:1 TERLEPAS:1 KAMI:2 ASLI:2 MAUT:4 HARIMAU:2 SELAMAT:2 INGAT:2 KALAU:2 DAH:2 TINGGAL:2 JANGAN:2 MINUM:2 HARGA:2 NAIK:2 SEN:4 VIDEO:1 RAMAI:1 PERCAYA:1 BOLEH:1 IKUT:1 TEROWONG:1 MOTOSIKAL:2 LANGGAR:2 DUA:4 MURID:2 SEKOLAH:2 PELAJAR:3 WANG:2 MANGSA:2 KAKI:2 BENDA:2 TAJAM:2 BELUM:1 SEMPAT:1 AIR:1 TANGAN:1 MENANTU:1 MEREKA:1 DUDUK:1 BERITA:1 TIADA:1 SURAT:1 RASMI:1 TUGAS:1 MINTA:1 KERJA:1 SEPERTI:1 BIASA:1 TIGA:1 ASING:1 TERMA:1 POLISI:1 SENARAI:1 KEDAI:1 AKHBAR:1 HAK:1 CIPTA:1 MULIA:1
https://www.kosmo.com.my/2020/07/15/operasi-benteng-berkas-lebih-1500-pati/	OPERASI:9 BENTENG:4 BERKAS:2 LEBIH:3 ONLINE:2 MASUK:3 LANGGAN:3 TERKINI:6 NEGARA:8 ANALISIS:4 SEMASA:4 KATA:8 SAYA:5 KOMUNITI:4 AHAD:4 DUNIA:4 SUKAN:4 HALAL:4 NIAGA:4 SOKONG:5 KAMPUS:4 WANITA:6 RASA:5 YANG:5 AKAN:1 MAHKAMAH:1 OLEH:1 PIHAK:2 TELAH:3 PENDATANG:1 ASING:2 TANPA:1 IZIN:1 MELALUI:1 DILAKUKAN:2 HINGGA:1 LALU:1 MENTERI:1 KANAN:1 KESELAMATAN:2 DATUK:1 SERI:1 BERKATA:1 SELAIN:2 SERTA:1 DALAM:3 SELAMA:1 TIGA:1 BULAN:2 ITU:1 JUMLAH:1 SEBANYAK:3 KITA:1 TURUT:2 BUAH:1 DAN:4 KENDERAAN:2 POLIS:2 MENAHAN:1 LIMA:1 WARGA:2 ATAS:1 KESALAHAN:1 IMIGRESEN:1 BARU:2 INI:1 SEKATAN:1 JALAN:1 RAYA:1 SELURUH:1 BAGI:2 KEMASUKAN:1 LORONG:3 TIKUS:2 DIRAJA:1 ANGKATAN:1 TENTERA:1 AGENSI:1 SEMPADAN:3 KETAT:1 SECARA:1 DARIPADA:1 JENAYAH:1 RENTAS:1 WABAK:1 TIDAK:1 MAHU:1 TERLEPAS:1 KAMI:2 ORANG:1 ASLI:1 MAUT:3 HARIMAU:1 SELAMAT:1 INGAT:1 KALAU:1 DAH:1 TINGGAL:1 JANGAN:1 MINUM:1 HARGA:1 NAIK:1 SEN:2 VIDEO:1 RAMAI:1 PERCAYA:1 BOLEH:1 IKUT:1 TEROWONG:1 MOTOSIKAL:1 LANGGAR:1 DUA:3 MURID:2 DEPAN:1 SEKOLAH:1 PELAJAR:1 WANG:1 MANGSA:1 KAKI:1 BENDA:1 TAJAM:1 BELUM:1 SEMPAT:2 AIR:1 TANGAN:1 MENANTU:1 MEREKA:1 DUDUK:1 BERITA:1 LAPOR:1 AKTIVITI:1 SINDIKET:1 TASIK:1 BERA:1 BOMBA:1 KUMPULAN:1 GUNUNG:1 TERMASUK:1 HAMIL:1 KANAK:2 PERAK:1 PEMANDU:1 LORI:1 BATU:1 KUARI:1 SEMENTARA:1 BERADIK:1 TAK:1 EDAR:1 GANJA:1 IBU:1 TADIKA:1 SWASTA:1 NAK:1 DAPAT:1 PUN:1 SUSAH:1 INDIVIDU:1 TERMA:1 POLISI:1 SENARAI:1 KEDAI:1 AKHBAR:1 HAK:1 CIPTA:1 MULIA:1
https://www.kosmo.com.my/2020/07/16/anggota-aadk-cedera-dibaling-kayu/	ANGGOTA:7 KAYU:5 ONLINE:2 MASUK:3 LANGGAN:3 TERKINI:6 NEGARA:5 ANALISIS:4 SEMASA:4 KATA:9 SAYA:5 KOMUNITI:4 AHAD:4 DUNIA:4 SUKAN:4 HALAL:4 NIAGA:4 SOKONG:4 KAMPUS:4 WANITA:5 RASA:5 SALAH:2 SEORANG:5 YANG:5 DALAM:7 CEGAH:3 OLEH:3 SUNGAI:3 SEMALAM:2 AGENSI:1 KEBANGSAAN:1 DAERAH:3 KUALA:4 MUDA:4 PADA:2 TANGAN:3 AKIBAT:2 DADAH:6 RUMAH:1 KAMPUNG:2 RUSA:2 SINI:1 OPERASI:4 KIRA:4 PUKUL:1 PAGI:1 ITU:2 TAHUN:2 AGRESIF:1 DAN:7 CUBA:2 DIRI:1 KETIKA:1 TERSEBUT:1 KETUA:1 PEGAWAI:1 BERKATA:1 TURUT:2 SEBATANG:1 SEHINGGA:1 MENYEBABKAN:1 LUKA:1 LELAKI:2 BERJAYA:1 DITANGKAP:1 METER:1 DARI:1 HASIL:2 UJIAN:2 AWAL:2 AIR:3 KENCING:2 DIA:1 JENIS:1 SATU:1 KENYATAAN:1 HARI:1 INI:1 BELIAU:1 SAMA:1 MENAHAN:1 LAGI:2 ANTARA:1 HINGGA:1 KESEMUA:1 MEREKA:2 DENGAN:2 LIMA:2 EMPAT:1 SERTA:2 GANJA:1 SERAMAI:1 ENAM:1 AKAN:1 LOKAP:1 MANAKALA:1 DILAKUKAN:2 BAWAH:1 SEKSYEN:1 AKTA:1 RAWATAN:1 PEMULIHAN:1 KAWASAN:1 PAYA:1 NAHU:1 TAMAN:3 RIA:1 JAYA:1 NILAM:1 BERDASARKAN:1 AWAM:1 TERIMA:1 PIHAK:1 TIDAK:1 MAHU:1 TERLEPAS:1 KAMI:2 ORANG:1 ASLI:1 MAUT:2 HARIMAU:1 SELAMAT:1 INGAT:1 KALAU:1 DAH:1 TINGGAL:1 JANGAN:1 MINUM:1 HARGA:1 NAIK:1 SEN:2 VIDEO:1 RAMAI:1 PERCAYA:1 BOLEH:1 IKUT:1 TEROWONG:1 MOTOSIKAL:1 LANGGAR:1 DUA:2 MURID:1 DEPAN:1 SEKOLAH:1 PELAJAR:1 WANG:1 MANGSA:1 KAKI:1 BENDA:1 TAJAM:1 BELUM:1 SEMPAT:1 MENANTU:1 DUDUK:1 BERITA:1 TERMA:1 POLISI:1 SENARAI:1 KEDAI:1 AKHBAR:1 HAK:1 CIPTA:1 MULIA:1
https://www.kosmo.com.my/2020/07/16/apmm-pulau-pinang-tahan-empat-nelayan-tempatan/	PULAU:4 PINANG:2 TAHAN:2 EMPAT:4 NELAYAN:6 ONLINE:2 MASUK:3 LANGGAN:3 TERKINI:6 NEGARA:5 ANALISIS:4 SEMASA:4 KATA:8 SAYA:5 KOMUNITI:4 AHAD:4 DUNIA:4 SUKAN:4 HALAL:4 NIAGA:4 SOKONG:4 KAMPUS:4 WANITA:4 RASA:5 YANG:1 NEGERI:5 BATU:4 DARI:3 BARAT:2 BIDAN:2 DEKAT:2 SEMALAM:2 OLEH:2 MENAHAN:2 KELAS:1 BERSAMA:3 SELEPAS:1 KAWASAN:1 LARANGAN:1 PADA:1 SINI:2 OPERASI:2 ITU:2 DILAKUKAN:1 KIRA:2 PUKUL:1 PETANG:1 PASUKAN:2 KUASA:1 PENGARAH:1 KEPTEN:1 BERKATA:1 SEORANG:1 LELAKI:2 WARGA:2 TAHUN:2 TIGA:1 AWAK:4 ANTARA:1 HINGGA:1 MELAKUKAN:1 KESALAHAN:1 SEKSYEN:1 AKTA:1 PERIKANAN:1 KERANA:1 SAH:1 LESEN:1 IAITU:2 IKAN:3 KURANG:1 DARATAN:1 DAN:5 SERTA:1 DUA:2 GULUNG:1 PUKAT:1 TUNDA:2 UNIT:1 PAPAN:1 BAJA:1 PELBAGAI:1 SPESIES:1 TELAH:1 JETI:1 POLIS:1 UBAN:1 MEREKA:1 KEPADA:1 PEGAWAI:1 BAGI:2 TINDAKAN:1 LANJUT:1 DALAM:3 SATU:1 KENYATAAN:2 HARI:1 INI:1 SEMENTARA:1 AKAN:1 TERUS:1 PEMANTAUAN:1 SEBARANG:2 AKTIVITI:1 LAUT:2 DAPAT:1 SEBAIKNYA:1 BELIAU:1 MEMINTA:1 ORANG:1 AWAM:1 KEJADIAN:1 MENCURIGAKAN:1 KECEMASAN:2 ATAU:3 KEMALANGAN:1 DENGAN:1 TALIAN:2 JAM:1 PUSAT:1 TIDAK:2 MAHU:2 TERLEPAS:1 KAMI:2 BAPA:1 DAH:1 PANDAI:1 MAIN:1 TAHU:1 TARIK:1 SEMULA:1 SALAH:1 LAKU:1 PENJARA:1 HASRAT:1 PULANG:1 AMBIL:1 UBAT:1 DETIK:1 HITAM:1 NENEK:1 SEDAP:1 HATI:1 JASAD:1 CUCU:1 SUNGAI:1 KAMBING:1 KERETA:1 MUSNAH:1 KEBAKARAN:1 KANDANG:1 PERATUS:1 BUMIPUTERA:1 ADA:1 UNSUR:1 MANTRA:1 BOLEH:1 SUSPEK:1 PERNAH:1 TERIMA:1 RAWATAN:1 MASALAH:1 MENTAL:1 BERITA:1 TERMA:1 POLISI:1 SENARAI:1 KEDAI:1 AKHBAR:1 HAK:1 CIPTA:1 MULIA:1
https://www.kosmo.com.my/2020/07/16/kedai-jual-rim-kereta-dijilat-api/	KEDAI:5 JUAL:2 KERETA:5 API:4 ONLINE:2 MASUK:3 LANGGAN:3 TERKINI:5 NEGARA:5 ANALISIS:4 SEMASA:4 KATA:8 SAYA:5 KOMUNITI:4 AHAD:4 DUNIA:4 SUKAN:4 HALAL:4 NIAGA:4 SOKONG:4 KAMPUS:4 WANITA:5 RASA:5 OLEH:1 SEBERANG:1 PEMILIK:2 TAYAR:3 TAMAN:1 KOTA:1 BUKIT:3 TENGAH:2 SINI:1 KERUGIAN:2 APABILA:1 SEBAHAGIAN:1 ITU:4 HARI:3 INI:2 DALAM:3 KEJADIAN:1 KIRA:4 PUKUL:3 TIADA:1 SEBARANG:1 DAN:7 KEMALANGAN:1 JIWA:1 BEBERAPA:1 JABATAN:1 BOMBA:2 NEGERI:1 BERKATA:1 KEBAKARAN:3 DUA:3 TINGKAT:2 BERLAKU:1 SATU:2 DENGAN:1 PERATUS:1 TELAH:1 DAPAT:1 PADA:1 PETANG:2 KENYATAAN:1 OPERASI:1 PEGAWAI:1 ANGGOTA:1 DARI:1 BALAI:2 BANDAR:1 SAMBIL:1 SEMENTARA:1 JUMLAH:1 YANG:1 MASIH:1 TIDAK:1 MAHU:1 TERLEPAS:1 KAMI:2 ORANG:1 ASLI:1 MAUT:2 HARIMAU:1 SELAMAT:1 INGAT:1 KALAU:1 DAH:1 TINGGAL:1 JANGAN:1 MINUM:1 HARGA:1 NAIK:1 SEN:2 VIDEO:1 RAMAI:1 PERCAYA:1 BOLEH:1 IKUT:1 TEROWONG:1 MOTOSIKAL:1 LANGGAR:1 MURID:1 DEPAN:1 SEKOLAH:1 PELAJAR:1 WANG:1 MANGSA:1 KAKI:1 BENDA:1 TAJAM:1 BELUM:1 SEMPAT:1 AIR:1 TANGAN:1 MENANTU:1 MEREKA:1 DUDUK:1 BERITA:1 TERMA:1 POLISI:1 SENARAI:1 AKHBAR:1 HAK:1 CIPTA:1 MULIA:1
https://www.kosmo.com.my/2020/07/16/bekas-isteri-depp-dituduh-curi-kisah-mangsa-cabul-2/	BEKAS:4 ISTERI:3 KISAH:4 MANGSA:3 ONLINE:1 MASUK:3 LANGGAN:3 TERKINI:5 NEGARA:4 ANALISIS:4 SEMASA:6 KATA:10 SAYA:8 KOMUNITI:4 AHAD:4 DUNIA:5 SUKAN:4 HALAL:4 NIAGA:4 SOKONG:4 KAMPUS:4 WANITA:5 RASA:4 GAMBAR:1 FAIL:1 DAN:7 FILEM:2 OLEH:1 BAHAWA:3 DIA:2 IALAH:1 SERANGAN:1 PEKERJA:1 ITU:4 KEPADA:2 MAHKAMAH:3 PADA:3 HARI:1 KETUJUH:1 FITNAH:1 BINTANG:2 TERSEBUT:5 SEMALAM:1 TERKEJUT:1 KECEWA:1 MENGETAHUI:1 MENCURI:1 PERBUALAN:1 KAMI:3 MENGENAI:1 KEGANASAN:1 YANG:7 MENJADI:2 SENDIRI:3 DEMI:1 PERIBADI:2 TINGGI:1 SIDANG:1 VIDEO:2 DARI:2 BEKERJA:2 SEBAGAI:3 AKTRES:2 TAHUN:6 HINGGA:2 AMAT:1 MARAH:1 KERANA:2 BERANI:1 PENGALAMAN:1 PALING:1 TAMBAH:1 TERAJU:1 UTAMA:1 PENERBIT:1 PENGARAH:1 DALAM:2 SATU:1 SEBALIKNYA:1 PERNAH:3 PERKAHWINAN:2 MEREKA:2 SELAMA:1 DUA:1 DENGAN:2 BEBERAPA:1 KALI:2 SAMA:1 MINUM:1 ARAK:2 MESEJ:1 BIADAB:1 TENGAH:1 MALAM:1 SAKSI:1 KEDUA:1 SEBANYAK:1 TIGA:1 ANTARA:1 BERKATA:1 KERAP:1 MULUT:1 SEPERTI:1 BUDAK:1 TADIKA:1 MALAH:1 MENEMUI:1 SEMULA:1 HUJUNG:1 JARI:1 BOTOL:1 PECAH:1 MEMBERI:1 KETERANGAN:1 ESOK:1 MENDAPAT:1 LUKA:1 TELEFON:1 TIDAK:2 MAHU:1 TERLEPAS:1 HARIMAU:1 JALAN:1 LORI:1 BALAK:1 LALUAN:1 LEWAT:1 GANGGUAN:1 SISTEM:1 JEREBU:1 SEMENANJUNG:1 KAWASAN:1 MASIH:1 SIHAT:1 KREATIVITI:1 KAIN:1 SARUNG:1 ANGKAT:1 PERLU:1 BUDIMAN:1 LELAKI:1 NIKAH:1 GADIS:1 ABANG:1 IPAR:1 KEPIMPINAN:1 EKONOMI:1 MADANI:1 POKET:1 RAKYAT:1 SIAP:1 SEDIA:1 ANGGOTA:1 BERITA:1 TERMA:1 POLISI:1 SENARAI:1 KEDAI:1 AKHBAR:1 HAK:1 CIPTA:1 MULIA:1
https://www.kosmo.com.my/2020/07/16/santuari-kelah-tasik-kenyir-tambah-empat-pelantar-ikan-baharu/	TASIK:6 TAMBAH:2 EMPAT:3 PELANTAR:5 IKAN:10 BAHARU:3 ONLINE:2 MASUK:3 LANGGAN:3 TERKINI:5 NEGARA:7 ANALISIS:4 SEMASA:4 KATA:8 SAYA:4 KOMUNITI:4 AHAD:4 DUNIA:4 SUKAN:4 HALAL:4 NIAGA:4 SOKONG:4 KAMPUS:4 WANITA:5 RASA:5 SEBAHAGIAN:1 TERUJA:1 APABILA:1 DAPAT:2 MANDI:2 BERSAMA:2 EKOR:1 OLEH:1 HULU:1 YANG:3 MERUPAKAN:1 ANTARA:1 TARIKAN:1 UTAMA:1 DEKAT:2 SINI:2 MAMPU:2 MENARIK:1 KEHADIRAN:2 PADA:3 TAHUN:3 HADAPAN:1 PENGERUSI:1 KEMAJUAN:1 TENGAH:1 DATUK:1 BERKATA:3 MASA:1 INI:5 KEDATANGAN:1 TELAH:3 KEPADA:5 HANYA:1 ORANG:3 PANDEMIK:1 DAN:7 INFRASTRUKTUR:1 SEBELUM:1 NAMUN:1 SEPANJANG:1 PERINTAH:1 KAWALAN:1 PERGERAKAN:1 PEMULIHAN:1 SAHAJA:2 BAGI:4 MEMATUHI:1 OPERASI:1 WALAUPUN:1 AMAT:1 LUAR:1 BIASA:1 DENGAN:3 MELAWAT:1 DALAM:2 TEMPOH:1 SEJAK:2 LALU:1 SEMALAM:1 TERSEBUT:2 UNTUK:3 KUMPULAN:1 KEJAR:1 SUNGAI:1 CUMA:1 SATU:1 SETAKAT:1 ITU:2 BELIAU:1 SEBAGAI:2 AGENSI:1 SELIA:1 MAHU:2 MENAMBAH:1 LAGI:2 DEMI:1 KESELESAAN:1 PENGGUNA:1 BUKAN:2 MENERIMA:1 LEBIH:3 RAMAI:1 MALAH:1 RISIKO:1 MENGALAMI:1 JUGA:1 KEMUDAHAN:1 KENDERAAN:1 PELBAGAI:1 BENTUK:1 BUMI:1 WARGA:3 EMAS:1 KELAINAN:1 DARI:1 AGAR:2 TURUT:2 SAMA:2 AKAN:1 KHUSUS:1 KETAT:1 SUPAYA:1 TIDAK:3 MEMBERI:1 HAIWAN:1 DIBUKA:1 MENAWARKAN:1 KEMASUKAN:1 KANAK:4 MANAKALA:1 PULA:1 CAJ:1 TERMASUK:1 PERKHIDMATAN:1 MAKANAN:1 TERLEPAS:1 KAMI:2 LAPOR:1 AKTIVITI:1 SINDIKET:1 KERAJAAN:1 NEGERI:1 TIADA:1 KUASA:1 GANTUNG:1 TUGAS:1 JABATAN:1 PEGUAM:1 SIRI:1 SASAR:1 JADI:1 PEMBANGUNAN:1 BAKAT:1 PIALA:1 YAKIN:1 HARIMAU:1 RINTIS:1 KERJASAMA:1 PENYELIDIKAN:1 PENGALAMAN:1 POLIS:1 SIASAT:1 VIDEO:1 TULAR:1 LELAKI:2 DUA:1 MAUT:1 KETIKA:1 PULANG:1 SEKOLAH:1 HIDUP:1 KALI:1 PERTAMA:1 BERITA:1 TERMA:1 POLISI:1 SENARAI:1 KEDAI:1 AKHBAR:1 HAK:1 CIPTA:1 MULIA:1
https://www.kosmo.com.my/2020/07/16/penganggur-mengaku-tidak-salah-bunuh-3-ekor-kucing-jantan/	MENGAKU:3 TIDAK:10 SALAH:2 BUNUH:3 EKOR:4 KUCING:5 JANTAN:3 ONLINE:2 MASUK:3 LANGGAN:3 TERKINI:6 NEGARA:4 ANALISIS:4 SEMASA:4 KATA:8 SAYA:5 KOMUNITI:4 AHAD:5 DUNIA:4 SUKAN:4 HALAL:4 NIAGA:4 SOKONG:4 KAMPUS:4 WANITA:7 RASA:5 TENGAH:1 MAHKAMAH:4 SESYEN:2 HARI:1 INI:3 OLEH:1 SEORANG:3 BERSALAH:1 SINI:2 SEBENTAR:1 TADI:1 ATAS:1 MEMBUNUH:2 TIGA:6 KEDAI:3 DOBI:3 LAYAN:3 DIRI:3 LALU:2 TERTUDUH:6 MEMBUAT:2 ITU:6 SELEPAS:3 HAKIM:1 DENGAN:2 ATAU:5 SECARA:1 UNTUK:4 MELAKUKAN:1 APA:2 PERBUATAN:1 MENYEBABKAN:1 PENDERITAAN:1 YANG:4 KEPADA:2 KESALAHAN:2 DILAKUKAN:2 DESA:2 SATU:1 AMAN:2 PURI:2 ANTARA:1 PUKUL:1 PAGI:3 HINGGA:1 PADA:1 SUBSEKSYEN:1 AKTA:3 HAIWAN:1 DAN:4 BOLEH:2 BAWAH:1 SEKSYEN:2 SAMA:1 BAGI:4 DENDA:1 KURANG:2 DARI:1 LEBIH:1 PENJARA:1 TAHUN:1 KEDUA:1 SEKALI:1 JIKA:1 PEGAWAI:1 JABATAN:1 PERKHIDMATAN:1 NEGERI:1 HOSPITAL:2 BAHAGIA:2 ULU:1 PERAK:1 LANJUT:2 KEMUDIAN:1 PIHAK:1 MENJALANI:1 SELAMA:1 DALAM:3 PEGUAM:1 TARIKH:1 SEBUTAN:1 SEMULA:1 KES:2 SEBELUM:1 SOSIAL:1 MENGENAI:1 TINDAKAN:2 KEJAM:2 INDIVIDU:1 CARA:1 MESIN:1 BASUH:1 LELAKI:2 KIRA:2 JAM:1 DIKATAKAN:1 SIUMAN:1 HIDUP:1 GELANDANGAN:1 KEMATIAN:1 IBU:1 MEMBANTU:1 PENDUDUK:1 MAHU:1 TERLEPAS:1 KAMI:2 ORANG:2 ASLI:2 MAUT:4 HARIMAU:2 SELAMAT:2 INGAT:2 KALAU:2 DAH:2 TINGGAL:2 JANGAN:2 MINUM:2 HARGA:2 NAIK:2 SEN:4 VIDEO:1 RAMAI:1 PERCAYA:1 IKUT:1 TEROWONG:1 MOTOSIKAL:2 LANGGAR:2 DUA:4 MURID:2 DEPAN:2 SEKOLAH:2 PELAJAR:3 WANG:2 MANGSA:2 KAKI:2 BENDA:2 TAJAM:2 BELUM:1 SEMPAT:1 AIR:1 TANGAN:1 MENANTU:1 MEREKA:1 DUDUK:1 BERITA:1 TIADA:1 SURAT:1 RASMI:1 TUGAS:1 MINTA:1 KERJA:1 SEPERTI:1 BIASA:1 WARGA:1 ASING:1 TERMA:1 POLISI:1 SENARAI:1 AKHBAR:1 HAK:1 CIPTA:1 MULIA:1
https://www.kosmo.com.my/2020/07/15/lensa-dunia/	DUNIA:14 SANA:2 SINI:2 ONLINE:1 MASUK:3 LANGGAN:3 TERKINI:5 NEGARA:5 ANALISIS:4 SEMASA:5 KATA:8 SAYA:4 KOMUNITI:4 AHAD:4 SUKAN:5 HALAL:4 NIAGA:4 SOKONG:4 KAMPUS:4 WANITA:5 RASA:4 AKTRES:1 SYARIKAT:1 HADAPAN:1 PAPAN:1 TANDA:1 BANDAR:1 RAYA:2 BARU:4 LENSA:2 OLEH:1 SEORANG:1 LELAKI:2 IKAN:1 AIR:1 CETEK:1 PANTAI:2 WILAYAH:1 PADA:2 AKAUNTAN:1 DAN:2 ISTERI:1 SUT:1 DIRI:1 BAGI:1 JANGKITAN:1 KORONAVIRUS:1 KELUAR:1 KOTA:1 SUKU:1 INI:2 MEMBUAT:1 BARANG:1 KEMAS:1 DARIPADA:1 BENGKEL:1 MILIK:1 LIAR:1 TAMAN:1 TIDAK:2 MAHU:1 TERLEPAS:1 KAMI:2 KERJASAMA:1 EKONOMI:1 LIGA:1 NGAH:1 LAKAR:1 NAMA:1 KUCHING:1 PELAJAR:1 BAKAL:1 DAPAT:1 PERCUMA:1 PADAT:1 TAK:1 MAIN:2 RAMAI:1 SANGAT:1 MANUSIA:1 AKAN:1 TERUS:1 BERSAMA:1 KERAJAAN:1 PERPADUAN:2 TEBUS:1 KEKECEWAAN:1 JUARA:1 HARI:1 NYAWA:1 PEMANDU:1 MENINGGAL:2 UMMAH:1 SASAR:1 SEJUTA:1 BERITA:1 TEMPAT:1 DALAM:1 KELESTARIAN:1 KECANTIKAN:1 BUKA:1 PENTAS:2 ILMU:1 TENTUKAN:1 LANGKAH:1 TAHNIAH:1 NAK:1 PASARKAN:1 SELURUH:1 ANAK:1 POS:1 IMBAS:1 TEMBAK:1 KOMUNIS:1 TANAM:1 CILI:1 PERSIAPAN:1 PENYANYI:1 TERMA:1 POLISI:1 SENARAI:1 KEDAI:1 AKHBAR:1 HAK:1 CIPTA:1 MULIA:2 SATU:1 LAGI:1 PRODUK:1
https://www.kosmo.com.my/2020/07/16/bank-rakyat-tawar-hadiah-lumayan-emas-bernilai-rm400000/	BANK:9 RAKYAT:9 TAWAR:2 HADIAH:5 LUMAYAN:2 EMAS:12 ONLINE:1 MASUK:3 LANGGAN:3 TERKINI:5 NEGARA:6 ANALISIS:4 SEMASA:4 KATA:8 SAYA:4 KOMUNITI:4 AHAD:4 DUNIA:4 SUKAN:4 HALAL:5 NIAGA:5 SOKONG:4 KAMPUS:4 WANITA:4 RASA:4 POSTER:2 KEMPEN:11 YANG:10 SEDANG:3 KINI:2 SEHINGGA:3 BULAN:4 OLEH:1 DAN:12 BAKAL:3 KUALA:1 LUMPUR:1 MENAWARKAN:1 ATAU:1 DUA:2 KEPADA:4 PARA:1 MELALUI:1 DILANCARKAN:2 SEMULA:1 INI:6 PELANGGAN:7 GADAI:3 PEMENANG:1 UTAMA:2 SATU:2 MANAKALA:1 LAIN:1 PERKHIDMATAN:3 SELESAI:1 MASALAH:3 KEWANGAN:1 JUGA:5 SEBAGAI:3 PEMBIAYAAN:4 SEGERA:2 UNTUK:7 MENURUT:1 KENYATAAN:1 TERSEBUT:1 MENGHARGAI:1 LEBIH:1 RAMAI:1 KHIDMAT:1 CAWANGAN:1 SELURUH:1 MERUPAKAN:2 TAHUN:2 KETIGA:1 KERANA:2 TELAH:2 MENDAPAT:1 DARIPADA:2 PADA:1 LALU:1 KEUNTUNGAN:1 SEBANYAK:3 JUTA:1 DALAM:2 TEMPOH:1 EMPAT:1 SEJAK:1 DENGAN:1 SERAMAI:1 SINI:1 BARU:2 MENJADI:1 ASET:2 BOLEH:4 EKONOMI:3 SASAR:1 PENGELUARAN:2 PERATUS:3 MENJELASKAN:1 HINGGA:1 LIMA:1 AKHIR:1 IAITU:1 TERBAIK:1 MASYARAKAT:2 SERTA:3 MEREKA:2 MENGENAI:1 SALAH:1 BAGI:2 INDIVIDU:1 MAMPU:1 SEMAKIN:1 DAPAT:1 MEMBANTU:1 MENYELESAIKAN:1 KEPERLUAN:1 ALIRAN:1 TUNAI:1 MALAH:1 MUDAH:1 MIKRO:1 PERUSAHAAN:1 KECIL:1 SEDERHANA:1 SELAIN:1 ITU:1 MAHU:2 TENTANG:1 BUKAN:2 HANYA:1 TETAPI:1 TEMPAT:1 AKSESORI:1 SELAMAT:1 JAUH:1 UNSUR:1 RIBA:1 TIDAK:1 TERLEPAS:1 KAMI:2 VIDEO:1 ESOK:1 GAJI:2 PEKERJA:1 TINGGI:1 ADA:1 BERITA:2 BAIK:1 SOAL:1 BELANJAWAN:1 LIMAU:1 KASTURI:1 PERLU:1 KEMUDAHAN:1 LALUAN:1 TANDAS:1 PUNCA:1 POLIS:1 ISU:1 PENCEROBOHAN:1 HUTAN:1 TASIK:1 BERA:1 SEKATAN:1 BANTAHAN:1 AWAL:1 JUMPA:1 IKAN:1 MIRIP:1 JANGAN:1 BUANG:1 TERMA:1 POLISI:1 SENARAI:1 KEDAI:1 AKHBAR:1 HAK:1 CIPTA:1 MULIA:1
https://www.kosmo.com.my/2020/07/16/al-ansar-tawar-kediaman-baharu-melalui-promosi-merdeka/	TAWAR:2 BAHARU:2 MELALUI:3 MERDEKA:5 ONLINE:1 MASUK:3 LANGGAN:3 TERKINI:5 NEGARA:5 ANALISIS:4 SEMASA:4 KATA:8 SAYA:4 KOMUNITI:4 AHAD:4 DUNIA:4 SUKAN:4 HALAL:5 NIAGA:5 SOKONG:4 KAMPUS:4 WANITA:5 RASA:5 IMEJ:1 YANG:11 BAIK:1 DALAM:4 PEMBELI:1 KERANA:2 PROJEK:1 DENGAN:2 KEPERLUAN:1 PELANGGAN:7 OLEH:1 DUA:3 DARI:2 KANAN:1 KUNCI:2 RUMAH:4 KEPADA:3 TIGA:5 KIRI:1 KAMPUNG:1 ABU:1 BAKAR:1 KAJANG:1 BARU:4 INI:4 KUALA:1 LUMPUR:1 PEMBINAAN:2 KAEDAH:1 INOVASI:1 SISTEM:1 MELANCARKAN:1 SEHINGGA:1 PENGERUSI:1 DATUK:1 SERI:1 BERKATA:2 TERSEBUT:4 SYARIKAT:3 SEBANYAK:1 UNIT:2 PELBAGAI:1 REKA:1 BENTUK:2 DAPAT:1 GAYA:1 HIDUP:2 MASYARAKAT:1 MASA:1 KINI:1 MENURUT:1 BELIAU:3 INISIATIF:1 MERUPAKAN:1 HASIL:1 KEJAYAAN:1 DARIPADA:1 PEMILIKAN:1 PADA:4 BULAN:1 LALU:1 PENGALAMAN:3 DITERIMA:1 SUNGGUH:1 KEYAKINAN:1 TERHADAP:1 INTEGRITI:1 SEBAGAI:1 BUMIPUTERA:1 SELAMA:1 TAHUN:2 BIDANG:1 HARTANAH:1 PULA:1 KAMI:3 ADALAH:1 ANTARA:1 PERINTIS:1 TEKNOLOGI:1 SEJAK:1 DEMIKIAN:1 KENYATAAN:1 MAJLIS:2 BERTUAH:1 SINI:1 TELAH:2 SENDIRI:2 BAGI:1 ENAM:2 BILIK:6 TIDUR:3 DAN:8 AIR:4 KAKI:2 PERSEGI:1 EMPAT:3 LANJUT:1 MENGENAI:1 MENERANGKAN:1 IAITU:1 TERATAI:1 TAMBAH:1 SEMUA:1 MEMPUNYAI:2 TAWARAN:1 HARGA:2 LAGI:2 DIBERI:1 NAMA:1 SELEPAS:2 DISKAUN:1 SALAH:1 UNTUK:2 MALAH:1 MEREKA:2 JUGA:2 BOLEH:1 TARIKH:1 MASIH:1 HADIAH:1 TERMASUK:1 LAMPU:1 KIPAS:1 SATU:1 PEMANAS:1 SYILING:1 RUANG:3 TAMU:1 KELUARGA:1 MAKAN:1 BAKAL:1 BAUCAR:1 KEBAKARAN:1 PERJANJIAN:1 PERKHIDMATAN:1 BOTOL:1 CECAIR:1 KUMAN:1 TIDAK:1 MAHU:1 TERLEPAS:1 LAPOR:1 AKTIVITI:1 WARGA:1 SINDIKET:1 KERAJAAN:1 NEGERI:1 TIADA:1 KUASA:1 GANTUNG:1 TUGAS:1 JABATAN:1 PEGUAM:1 SIRI:1 SASAR:1 JADI:1 PEMBANGUNAN:1 BAKAT:1 PIALA:1 YAKIN:1 HARIMAU:1 RINTIS:1 KERJASAMA:1 PENYELIDIKAN:1 POLIS:1 SIASAT:1 VIDEO:1 TULAR:1 LELAKI:2 MAUT:1 KETIKA:1 PULANG:1 SEKOLAH:1 KALI:1 PERTAMA:1 BERITA:1 TERMA:1 POLISI:1 SENARAI:1 KEDAI:1 AKHBAR:1 HAK:1 CIPTA:1 MULIA:1
https://www.kosmo.com.my/2020/07/16/ruu-covid-19-akan-dibentang-di-parlimen/	AKAN:5 PARLIMEN:3 ONLINE:2 MASUK:3 LANGGAN:3 TERKINI:5 NEGARA:8 ANALISIS:4 SEMASA:4 KATA:8 SAYA:5 KOMUNITI:4 AHAD:4 DUNIA:4 SUKAN:4 HALAL:4 NIAGA:5 SOKONG:4 KAMPUS:4 WANITA:5 RASA:5 GAMBAR:1 HIASAN:1 OLEH:2 CADANGAN:2 KAEDAH:1 SEMENTARA:1 BAGI:2 PENYAKIT:1 AKTA:3 PERDANA:1 MENTERI:3 PADA:3 SESI:1 DEWAN:1 RAKYAT:1 KALI:1 INI:3 DALAM:3 NEGERI:1 DAN:5 HAL:1 PENGGUNA:4 DATUK:1 BERKATA:2 MELALUI:1 ITU:1 SECARA:1 LANGSUNG:2 UNTUK:4 YANG:7 URUS:1 PERUNTUKAN:1 BAWAH:1 LARANGAN:1 PEMBERI:1 KEMUDAHAN:1 CAJ:1 LEWAT:1 SERTA:2 TERHADAP:2 PEMBELI:2 TEMPOH:1 DAPAT:2 MEMBANTU:1 BEBAN:2 MEMBERI:3 KEWANGAN:1 SEDIA:1 ADA:1 MAJLIS:1 SINI:1 HARI:1 BERBEZA:1 PERATUS:1 BULAN:2 LALU:1 SEKALI:1 GUS:1 AWAL:1 BAHAWA:1 EKONOMI:2 PERINTAH:1 KAWALAN:1 PERGERAKAN:1 KESAN:2 KEPADA:1 DOMESTIK:1 PELBAGAI:1 MENYEBABKAN:1 BANYAK:1 RAMAI:2 HILANG:1 PEKERJAAN:1 KERAJAAN:1 TIDAK:2 ASA:1 STRATEGI:2 BUKAN:1 SAHAJA:1 ISU:1 WABAK:1 INISIATIF:1 AKTIVITI:1 SEHINGGA:1 PEMBANGUNAN:1 MAHU:1 TERLEPAS:1 KAMI:2 ORANG:1 ASLI:1 MAUT:2 HARIMAU:1 SELAMAT:1 INGAT:1 KALAU:1 DAH:1 TINGGAL:1 JANGAN:1 MINUM:1 HARGA:1 NAIK:1 SEN:2 VIDEO:1 PERCAYA:1 BOLEH:1 IKUT:1 TEROWONG:1 MOTOSIKAL:1 LANGGAR:1 DUA:2 MURID:1 DEPAN:1 SEKOLAH:1 PELAJAR:1 WANG:1 MANGSA:1 KAKI:1 BENDA:1 TAJAM:1 BELUM:1 SEMPAT:1 AIR:1 TANGAN:1 MENANTU:1 MEREKA:1 DUDUK:1 BERITA:1 TERMA:1 POLISI:1 SENARAI:1 KEDAI:1 AKHBAR:1 HAK:1 CIPTA:1 MULIA:1
https://www.kosmo.com.my/2020/07/16/van-dijk-beri-hadiah-buat-arsenal/	VAN:7 BERI:2 HADIAH:3 BUAT:4 ONLINE:1 MASUK:3 LANGGAN:3 TERKINI:5 NEGARA:4 ANALISIS:4 SEMASA:4 KATA:9 SAYA:8 KOMUNITI:4 AHAD:5 DUNIA:4 SUKAN:5 HALAL:4 NIAGA:4 SOKONG:4 KAMPUS:4 WANITA:5 RASA:5 KIRI:1 MELAKUKAN:1 KESILAPAN:4 KETIKA:1 KEPADA:3 STADIUM:3 AWAL:3 PAGI:3 TADI:3 PEMAIN:1 PERTAHANAN:1 AKSI:5 HAMBAR:1 YANG:3 MENJADI:1 PUNCA:1 UTAMA:2 GAGAL:1 TIGA:1 MATA:2 PENUH:1 SELEPAS:1 KEPUTUSAN:1 TERSEBUT:3 UNTUK:3 PADA:7 MUSIM:1 TIDAK:2 DAPAT:1 MEMBUAT:1 BERJAYA:1 MEMBERI:1 SEBELUM:3 PENJAGA:1 JUGA:1 LANGKAH:1 SEHINGGA:1 KANAN:1 MENERIMA:1 DARIPADA:2 LIGA:2 PERDANA:2 ADALAH:1 KAMI:5 MEREKA:3 PERMAINAN:1 KEDUA:1 TURUT:1 BERLAKU:1 BAGAIKAN:1 PASUKAN:1 PERTAMA:1 DAN:3 NAMUN:1 KEHIDUPAN:1 PERLU:2 MENANG:1 DUA:3 DENGAN:1 DEPAN:2 AGENSI:1 MAHU:1 TERLEPAS:1 ORANG:1 ASLI:1 MAUT:2 HARIMAU:1 SELAMAT:1 INGAT:1 KALAU:1 DAH:1 TINGGAL:1 JANGAN:1 MINUM:1 HARGA:1 NAIK:1 SEN:2 VIDEO:1 RAMAI:1 PERCAYA:1 BOLEH:1 IKUT:1 TEROWONG:1 MOTOSIKAL:1 LANGGAR:1 MURID:1 SEKOLAH:1 PELAJAR:1 WANG:1 MANGSA:1 KAKI:1 BENDA:1 TAJAM:1 BELUM:1 SEMPAT:1 AIR:1 TANGAN:1 MENANTU:1 DUDUK:1 BERITA:1 TERMA:1 POLISI:1 SENARAI:1 KEDAI:1 AKHBAR:1 HAK:1 CIPTA:1 MULIA:1
https://www.kosmo.com.my/2020/07/16/ppsmi-tidak-akan-diperkenalkan-semula/	TIDAK:4 AKAN:4 SEMULA:6 ONLINE:2 MASUK:3 LANGGAN:3 TERKINI:5 NEGARA:5 ANALISIS:4 SEMASA:4 KATA:8 SAYA:5 KOMUNITI:4 AHAD:4 DUNIA:4 SUKAN:4 HALAL:4 NIAGA:4 SOKONG:4 KAMPUS:4 WANITA:5 RASA:5 OLEH:1 KUALA:1 LUMPUR:1 PENDIDIKAN:1 UNTUK:4 DAN:9 SAINS:1 MATEMATIK:1 DALAM:3 BAHASA:4 SEMUA:1 SEKOLAH:7 PERKARA:3 ITU:4 JAWAPAN:1 KEPADA:2 AHLI:2 PARLIMEN:2 PAKATAN:1 SEBELUM:2 MEMINTA:2 MENTERI:3 MENYATAKAN:2 ALASAN:1 YANG:3 KETIKA:1 PENTADBIRAN:1 APAKAH:1 DIBUAT:1 KELEMAHAN:1 MULA:1 PADA:4 TAHUN:4 BAGI:1 MURID:3 RENDAH:1 PELAJAR:2 NAMUN:3 KERAJAAN:2 TELAH:1 LALU:1 BEKAS:1 PERDANA:1 SEDANG:1 SECARA:3 CADANGAN:1 KERANA:1 MERUPAKAN:1 ANTARABANGSA:1 TURUT:2 BAHAWA:1 TULISAN:2 JAWI:3 JENIS:2 KEBANGSAAN:2 JIKA:1 PERSATUAN:1 IBU:1 BAPA:1 GURU:1 SERTA:1 TERSEBUT:2 DENGAN:1 BUKIT:1 TERHADAP:1 BUKU:1 TEKS:1 DARJAH:1 MAHU:1 TERLEPAS:1 KAMI:2 ORANG:1 ASLI:1 MAUT:2 HARIMAU:1 SELAMAT:1 INGAT:1 KALAU:1 DAH:1 TINGGAL:1 JANGAN:1 MINUM:1 HARGA:1 NAIK:1 SEN:2 VIDEO:1 RAMAI:1 PERCAYA:1 BOLEH:1 IKUT:1 TEROWONG:1 MOTOSIKAL:1 LANGGAR:1 DUA:2 DEPAN:1 WANG:1 MANGSA:1 KAKI:1 BENDA:1 TAJAM:1 BELUM:1 SEMPAT:1 AIR:1 TANGAN:1 MENANTU:1 MEREKA:1 DUDUK:1 BERITA:1 TERMA:1 POLISI:1 SENARAI:1 KEDAI:1 AKHBAR:1 HAK:1 CIPTA:1 MULIA:1
https://www.kosmo.com.my/2020/07/16/dua-pegawai-imigresen-tiga-individu-didakwa-seludup-pati/	DUA:7 PEGAWAI:4 IMIGRESEN:5 TIGA:4 INDIVIDU:3 ONLINE:2 MASUK:3 LANGGAN:3 TERKINI:6 NEGARA:4 ANALISIS:4 SEMASA:4 KATA:8 SAYA:5 KOMUNITI:4 AHAD:4 DUNIA:4 SUKAN:4 HALAL:4 NIAGA:4 SOKONG:4 KAMPUS:4 WANITA:6 RASA:5 TERTUDUH:5 MAHKAMAH:4 SESYEN:2 BAHRU:2 HARI:3 INI:1 ATAS:3 PADA:2 LALU:3 OLEH:3 SEORANG:1 PENOLONG:2 PENGARAH:2 DAN:8 PASIR:2 GUDANG:2 SINI:2 BERSAMA:2 LAGI:1 LAPAN:2 PENDATANG:1 ASING:2 TANPA:1 IZIN:1 BULAN:1 ABU:2 BAKAR:2 KANAN:1 MASING:2 MANAKALA:4 EJEN:1 PENGAWAL:1 KESELAMATAN:1 SATU:1 KESEMUA:3 FAHAM:1 LIMA:1 HADAPAN:1 HAKIM:1 MAHARANI:1 TIADA:3 SEBARANG:1 SEMUA:2 KERTAS:1 MELAKUKAN:1 KESALAHAN:2 ITU:1 JALAN:1 FERI:1 PELABUHAN:1 PUKUL:1 TENGAH:1 MEREKA:3 SEKSYEN:2 AKTA:2 ORANG:3 YANG:1 BOLEH:3 SAMA:1 KANUN:1 JIKA:1 PENJARA:1 SEHINGGA:1 TAHUN:1 ATAU:2 DENDA:1 KEDUA:1 RAYA:1 KARIM:1 NUR:1 BAIDURI:1 PEGUAM:5 IZZAT:1 TURUT:1 DEPAN:3 SEBAGAI:1 TARIKH:1 SEBUTAN:1 SEMULA:1 KES:2 DIBERIKAN:1 KEPADA:1 TIDAK:1 MAHU:1 TERLEPAS:1 KAMI:2 ASLI:2 MAUT:4 HARIMAU:2 SELAMAT:2 INGAT:2 KALAU:2 DAH:2 TINGGAL:2 JANGAN:2 MINUM:2 HARGA:2 NAIK:2 SEN:4 VIDEO:1 RAMAI:1 PERCAYA:1 IKUT:1 TEROWONG:1 MOTOSIKAL:2 LANGGAR:2 MURID:2 SEKOLAH:2 PELAJAR:3 WANG:2 MANGSA:2 KAKI:2 BENDA:2 TAJAM:2 BELUM:1 SEMPAT:1 AIR:1 TANGAN:1 MENANTU:1 DUDUK:1 BERITA:1 SURAT:1 RASMI:1 TUGAS:1 MINTA:1 KERJA:1 SEPERTI:1 BIASA:1 WARGA:1 BUNUH:1 TERMA:1 POLISI:1 SENARAI:1 KEDAI:1 AKHBAR:1 HAK:1 CIPTA:1 MULIA:1
https://www.kosmo.com.my/2020/07/16/pemilik-hospital-keluarkan-ribuan-sijil-bebas-covid-19-palsu/	PEMILIK:3 HOSPITAL:8 BEBAS:5 PALSU:6 ONLINE:1 MASUK:3 LANGGAN:3 TERKINI:5 NEGARA:4 ANALISIS:4 SEMASA:4 KATA:10 SAYA:5 KOMUNITI:4 AHAD:4 DUNIA:5 SUKAN:4 HALAL:4 NIAGA:4 SOKONG:4 KAMPUS:4 WANITA:5 RASA:5 TENGAH:1 ANGGOTA:1 GERAK:2 CEPAT:2 SELEPAS:1 SEMALAM:2 OLEH:1 SEORANG:2 YANG:3 MENGELUARKAN:2 RIBU:2 KEPUTUSAN:1 UJIAN:4 KORONAVIRUS:4 KEPADA:2 PESAKIT:3 DUA:3 DITANGKAP:2 KETIKA:2 CUBA:2 LARI:1 DENGAN:3 PURDAH:2 POLIS:2 TERSEBUT:2 MENANDAKAN:1 SEMBILAN:1 HARI:2 TERHADAP:2 DIA:2 MEMBERIKAN:1 TANPA:2 MELAKUKAN:2 ADALAH:2 ANTARA:1 LEBIH:2 ORANG:2 PIHAK:1 SEJAK:1 BEBERAPA:1 LALU:1 PAKAR:2 MEMBERI:2 AMARAN:1 BAHAWA:2 ITU:1 AKAN:2 LAGI:1 SITUASI:1 WABAK:1 MEMPUNYAI:1 JUTA:1 PENDUDUK:1 DARI:1 TEBING:1 SEBATANG:1 SUNGAI:1 SEMPADAN:1 DIRI:1 SUSPEK:1 MANA:1 MANAKALA:1 JUGA:1 UNTUK:1 DAN:4 RAWATAN:2 WALAUPUN:1 KERAJAAN:1 PERCUMA:1 TURUT:1 DOKTOR:1 RAMAI:2 KERANA:1 MAKMAL:1 MEREKA:2 SETAKAT:1 INI:1 JANGKITAN:1 KEMATIAN:1 TIDAK:1 MAHU:1 TERLEPAS:1 KAMI:2 ASLI:1 MAUT:2 HARIMAU:1 SELAMAT:1 INGAT:1 KALAU:1 DAH:1 TINGGAL:1 JANGAN:1 MINUM:1 HARGA:1 NAIK:1 SEN:2 VIDEO:1 PERCAYA:1 BOLEH:1 IKUT:1 TEROWONG:1 MOTOSIKAL:1 LANGGAR:1 MURID:1 DEPAN:1 SEKOLAH:1 PELAJAR:1 WANG:1 MANGSA:1 KAKI:1 BENDA:1 TAJAM:1 BELUM:1 SEMPAT:1 AIR:1 TANGAN:1 MENANTU:1 DUDUK:1 BERITA:1 TERMA:1 POLISI:1 SENARAI:1 KEDAI:1 AKHBAR:1 HAK:1 CIPTA:1 MULIA:1
https://www.kosmo.com.my/2020/07/16/mahkamah-bekukan-dana-rm1-4-bilion-1mdb-di-london/	MAHKAMAH:4 DANA:4 BILION:3 ONLINE:2 MASUK:3 LANGGAN:3 TERKINI:5 NEGARA:5 ANALISIS:4 SEMASA:4 KATA:9 SAYA:5 KOMUNITI:4 AHAD:4 DUNIA:4 SUKAN:4 HALAL:4 NIAGA:4 SOKONG:4 KAMPUS:4 WANITA:5 RASA:5 GAMBAR:1 HIASAN:1 OLEH:1 KUALA:1 LUMPUR:1 SURUHANJAYA:1 RASUAH:1 BERJAYA:1 PERINTAH:3 DARI:1 TINGGI:1 SINI:2 HARI:3 INI:3 UNTUK:2 WANG:4 BERHAD:1 YANG:4 TERSEBUT:5 DALAM:2 AKAUN:1 ANTARABANGSA:1 HAKIM:1 DIBUAT:1 SEKSYEN:1 AKTA:1 HARAM:2 PEMBIAYAAN:1 KEGANASAN:1 DAN:2 HASIL:2 DARIPADA:1 AKTIVITI:1 TURUT:1 BERKUATKUASA:1 SEHINGGA:1 PADA:1 DEPAN:2 ITU:2 AKAN:1 KEPADA:1 PIHAK:1 MELALUI:2 HARTA:1 SEMENTARA:1 SATU:1 KENYATAAN:1 PERCAYA:2 MEMPUNYAI:1 DENGAN:1 KONSPIRASI:1 BEKAS:1 PERDANA:1 MENTERI:1 DATUK:1 SERI:1 KETUA:1 PEGAWAI:1 TAREK:1 AHLI:1 ATAU:1 SERTA:1 INDIVIDU:2 SKANDAL:1 TERMASUK:1 ANAK:2 TIDAK:1 MAHU:1 TERLEPAS:1 KAMI:2 ORANG:1 ASLI:1 MAUT:2 HARIMAU:1 SELAMAT:1 INGAT:1 KALAU:1 DAH:1 TINGGAL:1 JANGAN:1 MINUM:1 HARGA:1 NAIK:1 SEN:2 VIDEO:1 RAMAI:1 BOLEH:1 IKUT:1 TEROWONG:1 MOTOSIKAL:1 LANGGAR:1 DUA:2 MURID:1 SEKOLAH:1 PELAJAR:1 MANGSA:1 KAKI:1 BENDA:1 TAJAM:1 BELUM:1 SEMPAT:1 AIR:1 TANGAN:1 MENANTU:1 MEREKA:1 DUDUK:1 BERITA:1 TERMA:1 POLISI:1 SENARAI:1 KEDAI:1 AKHBAR:1 HAK:1 CIPTA:1 MULIA:1
https://www.kosmo.com.my/2020/07/16/warga-emas-maut-kereta-proton-saga-rempuh-lori-simen/	WARGA:3 EMAS:3 MAUT:3 KERETA:6 PROTON:5 SAGA:5 LORI:5 SIMEN:5 ONLINE:2 MASUK:3 LANGGAN:3 TERKINI:5 NEGARA:5 ANALISIS:4 SEMASA:4 KATA:8 SAYA:4 KOMUNITI:4 AHAD:4 DUNIA:5 SUKAN:4 HALAL:4 NIAGA:4 SOKONG:4 KAMPUS:4 WANITA:4 RASA:4 YANG:6 SETELAH:1 JALAN:3 BUKIT:3 BESI:3 KAMPUNG:2 KOLAM:2 HULU:4 HARI:3 INI:3 OLEH:2 SEORANG:1 SELEPAS:1 SINI:4 DALAM:3 KEJADIAN:4 PADA:1 PUKUL:1 TENGAH:1 MALAM:1 ITU:3 MANGSA:3 BERASAL:1 DARI:2 PULAU:1 KERENGGA:1 MENINGGAL:1 LOKASI:2 AKIBAT:1 BAHAGIAN:3 KEPALA:1 DAN:2 BEBERAPA:1 ANGGOTA:1 BADAN:1 KETUA:1 POLIS:1 DAERAH:1 MAT:1 BERKATA:2 BEKERJA:1 SENDIRI:1 PERJALANAN:1 SEBAIK:1 TIBA:1 PANDU:1 DIKATAKAN:1 HILANG:2 KAWALAN:1 LALU:1 SEBELUM:1 HADAPAN:2 BERADA:1 LALUAN:1 MENYEBABKAN:1 KEPADA:1 MAYAT:1 TELAH:1 HANTAR:1 UNIT:1 HOSPITAL:1 UNTUK:1 SIASAT:2 MENURUT:1 BELIAU:1 KES:1 SEKSYEN:1 AKTA:1 TIDAK:1 MAHU:1 TERLEPAS:1 KAMI:2 SUDUT:1 RAKAMAN:1 IRING:1 PENCURI:1 KABEL:1 HAKIM:1 PERLU:1 LEBIH:1 OKEY:1 SAJA:1 BABAK:1 DUKUNG:1 SUSAH:1 CARI:1 BAJU:1 SEBAB:1 GEMUK:1 FAKTOR:1 KESELAMATAN:1 TUANKU:1 BERSAMA:1 BATAL:1 AKSI:1 BERANI:1 OMBAK:1 PENGERUSI:1 TAK:1 HADIR:1 MAHKAMAH:1 TANGKAP:1 CIPTA:2 KEJAYAAN:1 ORKESTRA:1 BERITA:1 TERMA:1 POLISI:1 SENARAI:1 KEDAI:1 AKHBAR:1 HAK:1 MULIA:1
https://www.kosmo.com.my/2020/07/16/mahkamah-batal-saman-deepak-terhadap-najib-rosmah/	MAHKAMAH:6 BATAL:2 TERHADAP:4 ONLINE:1 MASUK:3 LANGGAN:3 TERKINI:5 NEGARA:5 ANALISIS:4 SEMASA:4 KATA:8 SAYA:4 KOMUNITI:4 AHAD:4 DUNIA:4 SUKAN:4 HALAL:4 NIAGA:6 SOKONG:4 KAMPUS:4 WANITA:4 RASA:4 KETIKA:2 HADIR:1 OLEH:4 KUALA:1 LUMPUR:1 TINGGI:1 SINI:1 HARI:1 INI:1 YANG:8 PENGARAH:1 RAYA:3 BEKAS:1 PERDANA:1 MENTERI:1 DATUK:1 SERI:1 DAN:14 AHLI:1 PARLIMEN:1 BALING:1 RAHIM:1 MEMBUAT:1 KEPUTUSAN:1 ITU:7 SELEPAS:3 BAGI:2 MEREKA:3 CUKAI:3 SEBAGAI:4 PROKSI:1 PEGUAM:2 DALAM:6 KAMAR:1 BERKATA:1 ATAS:2 ALASAN:4 KES:1 TIDAK:7 DAPAT:2 PERNYATAAN:1 TINDAKAN:1 KERANA:1 UNTUK:4 KONSPIRASI:1 KEDUDUKAN:1 AWAM:1 TUGAS:1 TURUT:1 KOS:1 KEPADA:3 SERTA:3 PIHAK:1 TERSEBUT:1 PADA:2 MEMPUNYAI:1 ANTARA:2 BELIAU:3 SYARIKAT:1 EJEN:2 URUS:2 TANAH:1 SEPERTI:1 JUGA:1 IAITU:1 HASIL:2 MENERIMA:1 SURAT:1 DARI:1 NEGERI:1 SUPAYA:1 MENYELESAIKAN:1 LEBIH:1 JUTA:1 TERMASUK:1 CAJ:1 FAEDAH:1 MAHU:2 TERLEPAS:1 KAMI:2 VIDEO:1 PAGI:1 PETANG:1 SIANG:1 MALAM:1 SUAMI:1 DENGAR:1 SUARA:1 BURU:1 JEJAK:1 SERANG:1 ORANG:1 ASLI:1 PILIH:1 PAS:1 ATAU:1 SUMBANG:1 BEG:1 UTAMA:1 TERIMA:1 TEKNOLOGI:1 PACU:1 TRANSFORMASI:1 SEKTOR:1 PERTANIAN:1 SELATAN:1 LAGI:1 KALAU:1 BERISI:1 MAK:1 MERAJUK:1 BUAT:2 TAK:1 SEDAR:1 ANAK:1 PANGGIL:1 AMBULANS:1 HARGA:1 MINYAK:1 BELANJAWAN:1 BERITA:1 TERMA:1 POLISI:1 SENARAI:1 KEDAI:1 AKHBAR:1 HAK:1 CIPTA:1 MULIA:1
https://www.kosmo.com.my/2020/07/16/bayi-perempuan-ditemui-masih-bernyawa-dalam-tong-sampah/	BAYI:13 PEREMPUAN:6 MASIH:4 DALAM:8 TONG:7 SAMPAH:7 ONLINE:2 MASUK:3 LANGGAN:3 TERKINI:5 NEGARA:6 ANALISIS:4 SEMASA:4 KATA:8 SAYA:4 KOMUNITI:4 AHAD:4 DUNIA:4 SUKAN:4 HALAL:4 NIAGA:4 SOKONG:4 KAMPUS:4 WANITA:7 RASA:5 YANG:6 BUANG:5 SEBERANG:2 KUALA:6 OLEH:1 CURIGA:2 SEORANG:5 PENDUDUK:1 KEJUTAN:1 APABILA:2 DIA:3 MENEMUI:1 KAIN:2 BATIK:1 SINI:3 MALAM:2 TADI:1 KEJADIAN:1 PADA:1 PUKUL:1 TERSEBUT:4 BARU:1 KURANG:1 DARI:2 TEMPOH:1 JAM:1 KETUA:1 POLIS:3 DAERAH:1 RAHIM:2 DIN:1 BERKATA:3 TIDAK:3 MENCURIGAKAN:1 SEDANG:2 SATU:1 BEG:4 BESAR:1 BELIAU:1 SUSPEK:2 DIKATAKAN:1 TELAH:4 AWAM:1 SEBELUM:3 BEREDAR:1 TERKEJUT:1 BERADA:1 HIDUP:3 ITU:1 KEPADA:2 PIHAK:1 HARI:1 INI:1 HANTAR:1 KLINIK:1 KESIHATAN:1 TELUK:1 UNTUK:1 HOSPITAL:2 NUR:1 LANJUT:1 TERMASUK:1 USAHA:1 SEKSYEN:1 KANUN:1 MAHU:1 TERLEPAS:1 KAMI:3 BUKAN:1 PUNCA:1 UTAMA:1 ISU:1 PENCEROBOHAN:1 HUTAN:1 TASIK:1 BERA:1 SEKATAN:1 BANTAHAN:1 AWAL:1 JUMPA:1 IKAN:1 MIRIP:1 JANGAN:1 JIKA:1 IDENTITI:1 DUA:1 LELAKI:2 PINDAH:1 PETROL:1 PIKAP:1 SULTAN:1 PERAK:1 BERKENAN:1 RASMI:1 PELAJAR:1 SEKOLAH:1 HILANG:1 BERI:1 ALASAN:1 JANJI:1 TEMU:1 GIGI:1 BERITA:1 NYAWA:1 VIDEO:1 CAHAYA:1 BIRU:1 ROKOK:1 KENA:1 KUTIP:1 PANTAI:1 TIMUR:1 MAUT:1 DAN:2 IBU:1 JAGA:1 SEPERTI:1 SUMBAT:1 TERMA:1 POLISI:1 SENARAI:1 KEDAI:1 AKHBAR:1 HAK:1 CIPTA:1 MULIA:1
https://www.kosmo.com.my/2020/07/15/spesies-predator-bunuh-ikan-tempatan/	SPESIES:3 BUNUH:2 IKAN:27 ONLINE:1 MASUK:3 LANGGAN:3 TERKINI:6 NEGARA:6 ANALISIS:4 SEMASA:4 KATA:8 SAYA:5 KOMUNITI:4 AHAD:4 DUNIA:4 SUKAN:4 HALAL:4 NIAGA:4 SOKONG:4 KAMPUS:4 WANITA:4 RASA:4 BAUNG:4 EKOR:1 MERAH:1 MENGGANGGU:2 SUNGAI:17 OLEH:3 IPOH:4 TINDAKAN:1 SESETENGAH:1 AIR:8 TAWAR:5 PEMANGSA:3 SEPERTI:6 DAN:13 RAJA:3 UNTUK:2 ANTARA:2 PUNCA:1 PERAK:1 IMPORT:1 YANG:12 TIDAK:5 HIASAN:2 SEMAKIN:2 INI:11 BUKAN:1 SAHAJA:2 MEMBUNUH:1 MALAH:1 PENDAPATAN:1 NELAYAN:5 ATAU:4 DARAT:2 BANDAR:1 RAYA:3 AKIBAT:1 PERBUATAN:3 IALAH:1 BEKAS:1 DIA:2 BERHENTI:1 DARIPADA:1 MELAKUKAN:2 KERJA:2 MERUPAKAN:1 TIADA:2 HARGA:3 PASARAN:1 BIASANYA:1 DALAM:9 KOLAM:1 DENGAN:2 SATU:3 APABILA:3 DILEPASKAN:1 PIHAK:6 TERTENTU:2 ATAS:1 APA:2 ALASAN:1 BAYAR:2 MENYEBABKAN:2 BESAR:2 KEPADA:3 ASAL:1 MUDAH:1 MEMBESAR:1 BERADA:2 PERSEKITARAN:1 KITA:2 AKAN:1 MEMAKAN:1 TERSEBUT:2 TERMASUK:1 ANAK:3 UDANG:2 KETIKA:2 SINI:1 BARU:2 BERKATA:1 LAGI:3 MEMPUNYAI:3 SEDAP:1 DIMAKAN:1 SUDAH:1 SEJAK:1 TAHUN:2 SEHINGGA:3 TUJUAN:1 TELAH:3 ADA:1 SEINGAT:1 SUATU:1 DAHULU:1 MASIH:1 BOLEH:2 GALAH:1 TIGA:1 NAMUN:2 KINI:1 PELBAGAI:1 LAIN:3 JUGA:1 SUKAR:1 DITANGKAP:1 MENURUT:2 SEBANYAK:1 ENAM:1 TEMPAT:1 AKTIF:1 BANYAK:1 JABATAN:1 PERIKANAN:1 MENGENAI:2 PERKARA:1 JAWAPAN:1 DIBERIKAN:1 AMAT:1 PARA:1 PEGAWAI:2 MENYATAKAN:1 MEREKA:1 KUASA:2 INDIVIDU:1 BANDARAYA:1 HANYA:1 BERDASARKAN:1 SEKSYEN:2 AKTA:3 KERAJAAN:1 MENYENTUH:1 KACAU:1 GANGGU:1 SALURAN:1 AWAM:1 ALUR:1 KAWASAN:1 PENJARA:1 KEDUA:1 SEKALI:1 JIKA:1 KESALAHAN:1 MAHU:1 TERLEPAS:1 KAMI:2 PEMBERIAN:1 KHAS:1 BILION:1 PIALA:1 VIDEO:1 KANAK:2 BERMAIN:1 BIMBANG:1 TRAGEDI:1 JEREBU:1 SEKOLAH:1 PULAU:1 PINANG:1 BERJALAN:1 BIASA:1 ESOK:1 KEPALA:1 BATU:1 LICIN:1 ARUS:2 DERAS:1 BOMBA:1 SELAMATKAN:1 PANDU:1 KERETA:1 LAWAN:1 SAMBIL:1 SENI:1 BUDAYA:1 GURU:1 DUDUKI:1 KALI:1 BERITA:1 TERMA:1 POLISI:1 SENARAI:1 KEDAI:1 AKHBAR:1 HAK:1 CIPTA:1 MULIA:2 PRODUK:1
https://www.kosmo.com.my/2020/07/17/pesara-bank-rugi-hampir-rm200000-ditipu-macau-scam/	BANK:5 RUGI:2 HAMPIR:3 DITIPU:2 ONLINE:3 MASUK:3 LANGGAN:3 TERKINI:6 NEGARA:5 ANALISIS:4 SEMASA:4 KATA:9 SAYA:5 KOMUNITI:4 AHAD:4 DUNIA:4 SUKAN:4 HALAL:4 NIAGA:4 SOKONG:4 KAMPUS:4 WANITA:5 RASA:5 GAMBAR:1 HIASAN:1 OLEH:2 BALIK:1 PULAU:1 SEORANG:2 MENGALAMI:1 KERUGIAN:2 WANG:6 SEBANYAK:2 SELEPAS:2 MENJADI:1 MANGSA:14 SINDIKET:2 SEMALAM:1 LELAKI:3 TAHUN:2 YANG:5 BERASAL:1 DARI:1 BAYAN:1 LEPAS:1 SINI:1 ITU:4 MEMBUAT:2 POLIS:3 DIA:1 TELAH:5 KETUA:1 DAERAH:1 BARAT:1 DAYA:1 BERKATA:2 KEJADIAN:1 APABILA:2 MENERIMA:1 TELEFON:1 DARIPADA:2 SYARIKAT:1 KONONNYA:2 SATU:1 KEPADA:3 PADA:1 AWAL:1 LALU:1 BALAI:1 DAN:2 BERCAKAP:1 DENGAN:2 SARJAN:1 ADA:1 DALAM:3 KES:2 HARAM:1 MEMBERI:1 LALUAN:1 ALASAN:1 UNTUK:1 SELAIN:1 MEMINTA:1 NOMBOR:1 HARI:1 INI:1 MEMASUKKAN:1 AKAUN:2 DIBERIKAN:1 SUSPEK:1 BAGI:1 JUMLAH:1 SEKSYEN:1 KANUN:1 KERANA:1 MENIPU:1 DUIT:1 TIPU:1 TIDAK:1 MAHU:1 TERLEPAS:1 KAMI:2 ORANG:1 ASLI:1 MAUT:2 HARIMAU:1 SELAMAT:1 INGAT:1 KALAU:1 DAH:1 TINGGAL:1 JANGAN:1 MINUM:1 HARGA:1 NAIK:1 SEN:2 VIDEO:4 RAMAI:1 PERCAYA:1 BOLEH:1 IKUT:1 TEROWONG:1 MOTOSIKAL:1 LANGGAR:1 DUA:2 MURID:1 DEPAN:1 SEKOLAH:1 PELAJAR:1 KAKI:1 BENDA:1 TAJAM:1 BELUM:1 SEMPAT:1 AIR:1 TANGAN:1 MENANTU:1 MEREKA:1 DUDUK:1 BERITA:1 BANJIR:2 TIGA:1 KERETA:2 TAKZIAH:1 SUMBANG:1 KEBAKARAN:1 JUTA:1 TULANG:1 BELAKANG:1 KERUSI:1 SEBELUM:1 CUBA:1 BUKA:1 PINTU:1 WARGA:1 EMAS:1 PENDUDUK:1 KAMPUNG:1 DEMI:1 PERAK:1 YOU:1 ISTERI:1 KAPTEN:1 TERMA:1 POLISI:1 SENARAI:1 KEDAI:1 AKHBAR:1 HAK:1 CIPTA:1 MULIA:1
https://www.kosmo.com.my/2020/07/17/sultan-selangor-benarkan-tambah-jemaah-solat-fardu-dan-jumaat/	SULTAN:5 BENARKAN:2 TAMBAH:2 JEMAAH:12 SOLAT:10 FARDU:6 DAN:17 ONLINE:2 MASUK:3 LANGGAN:3 TERKINI:5 NEGARA:5 ANALISIS:4 SEMASA:4 KATA:8 SAYA:5 KOMUNITI:4 AHAD:4 DUNIA:4 SUKAN:4 HALAL:4 NIAGA:4 SOKONG:4 KAMPUS:4 WANITA:6 RASA:5 GAMBAR:1 HIASAN:1 OLEH:4 ALAM:2 MASJID:10 SURAU:6 MENAMBAH:1 BILANGAN:1 BAGI:6 JUMLAH:1 KAPASITI:2 RUANG:2 HARI:3 INI:5 PENGARAH:1 JABATAN:1 AGAMA:3 BERKATA:1 KEBENARAN:4 ITU:2 SELEPAS:2 MENDAPAT:1 DARIPADA:1 DENGAN:2 SOSIAL:3 METER:2 KUASA:1 SEMUA:2 TERMASUK:1 YANG:4 DIBERI:1 KHAS:3 MAJLIS:1 KEHADIRAN:2 ADALAH:2 TIDAK:5 KECUALI:1 DIRAJA:2 BUKIT:2 RAJA:2 HAJI:2 DALAM:2 SATU:2 KENYATAAN:1 SINI:1 PARA:2 INGIN:1 PERLU:3 MELALUI:1 TELAH:1 SEBELUM:3 MANAKALA:1 LIMA:1 WAKTU:1 KAEDAH:1 SECARA:1 SEHINGGA:1 ATAU:3 OPERASI:1 SEPERTI:1 BERADA:1 KEADAAN:1 DARI:1 RUMAH:1 MUKA:1 SENDIRI:1 SIHAT:1 SERTA:2 IAITU:1 BACAAN:1 SUHU:1 SELAIN:1 CECAIR:1 KUMAN:1 MEMBERSIHKAN:1 TANGAN:2 HADIR:1 LEBIH:1 AWAL:1 AZAN:1 PERTAMA:1 SENTIASA:1 MEMATUHI:1 LANJUT:1 BELIAU:1 AKAN:2 JAWATANKUASA:1 MEMANTAU:1 PIHAK:1 TINDAKAN:1 TEGAS:1 TERHADAP:1 SEBARANG:1 AGAK:1 MENARIK:1 SEMULA:1 DIBERIKAN:1 DEMI:1 KESELAMATAN:1 IMEJ:1 SERAMAI:1 ORANG:4 SEMENTARA:1 LAIN:2 MAHU:1 TERLEPAS:1 KAMI:2 ASLI:1 MAUT:2 HARIMAU:1 SELAMAT:1 INGAT:1 KALAU:1 DAH:1 TINGGAL:1 JANGAN:1 MINUM:1 HARGA:1 NAIK:1 SEN:2 VIDEO:1 RAMAI:1 PERCAYA:1 BOLEH:1 IKUT:1 TEROWONG:1 MOTOSIKAL:1 LANGGAR:1 DUA:2 MURID:1 DEPAN:1 SEKOLAH:1 PELAJAR:1 WANG:1 MANGSA:1 KAKI:1 BENDA:1 TAJAM:1 BELUM:1 SEMPAT:1 AIR:1 MENANTU:1 MEREKA:1 DUDUK:1 BERITA:1 TERMA:1 POLISI:1 SENARAI:1 KEDAI:1 AKHBAR:1 HAK:1 CIPTA:1 MULIA:1
https://www.kosmo.com.my/2020/07/17/benzema-mula-rindu-pulang-ke-lyon/	MULA:2 RINDU:2 PULANG:2 ONLINE:1 MASUK:3 LANGGAN:3 TERKINI:5 NEGARA:4 ANALISIS:4 SEMASA:4 KATA:8 SAYA:5 KOMUNITI:4 AHAD:4 DUNIA:4 SUKAN:5 HALAL:4 NIAGA:4 SOKONG:4 KAMPUS:4 WANITA:5 RASA:5 KIRI:1 KEJAYAAN:1 MENJULANG:1 LIGA:4 BERSAMA:2 SELEPAS:3 MEREKA:3 AWAL:1 PAGI:1 TADI:1 OLEH:2 UTAMA:1 KARIM:2 SANGAT:1 TERUJA:1 UNTUK:7 KEMBALI:5 KELAB:2 JIKA:2 GERGASI:1 ITU:5 BEKAS:1 EJEN:1 PEMAIN:3 PARA:1 PEMINAT:2 HANYA:2 PERLU:1 SEDIKIT:1 MASA:1 LAGI:1 YANG:7 TERBAIK:2 PERNAH:1 PASUKAN:4 STADIUM:1 MELALUI:1 TEMPOH:1 CUKUP:1 CEMERLANG:1 MUSIM:3 INI:3 DENGAN:2 KEHILANGAN:1 DALAM:2 AKSI:1 LAYAK:1 DIBERIKAN:1 KETIKA:2 PADA:1 ATAU:1 DIA:3 AKAN:1 SEBAGAI:1 BINTANG:1 BOLA:2 SEPAK:2 SITUASI:1 BERLAKU:1 ADALAH:3 SEPERTI:1 SEMUA:1 BERAKSI:1 MEMPUNYAI:1 HUBUNGAN:1 BAIK:1 JURULATIH:1 DAN:2 SEMPURNA:1 SEJAK:1 SATU:1 MAHU:2 KEKECEWAAN:1 PALING:1 BESAR:1 BUAT:1 PENTAS:1 JUARA:2 AGENSI:1 TIDAK:1 TERLEPAS:1 KAMI:2 ORANG:1 ASLI:1 MAUT:2 HARIMAU:1 SELAMAT:1 INGAT:1 KALAU:1 DAH:1 TINGGAL:1 JANGAN:1 MINUM:1 HARGA:1 NAIK:1 SEN:2 VIDEO:1 RAMAI:1 PERCAYA:1 BOLEH:1 IKUT:1 TEROWONG:1 MOTOSIKAL:1 LANGGAR:1 DUA:2 MURID:1 DEPAN:1 SEKOLAH:1 PELAJAR:1 WANG:1 MANGSA:1 KAKI:1 BENDA:1 TAJAM:1 BELUM:1 SEMPAT:1 AIR:1 TANGAN:1 MENANTU:1 DUDUK:1 BERITA:1 TERMA:1 POLISI:1 SENARAI:1 KEDAI:1 AKHBAR:1 HAK:1 CIPTA:1 MULIA:1
https://www.kosmo.com.my/2020/07/16/mira-filzah-kini-tunangan-orang/	KINI:3 ORANG:4 ONLINE:2 MASUK:3 LANGGAN:3 TERKINI:6 NEGARA:4 ANALISIS:4 SEMASA:4 KATA:9 SAYA:13 KOMUNITI:4 AHAD:4 DUNIA:4 SUKAN:4 HALAL:4 NIAGA:4 SOKONG:4 KAMPUS:4 WANITA:4 RASA:4 OLEH:1 ALAM:2 DEMIKIAN:1 PELAKON:2 DAN:10 PENGACARA:1 MENGESAHKAN:1 SEKALI:1 GUS:1 MENJAWAB:1 TEKA:1 BAKAL:4 ZAMAN:1 BUJANG:1 PADA:3 TAHUN:2 INI:3 MASIH:3 BELUM:1 IDENTITI:1 CALON:2 ATAU:1 NAMA:1 SEBENARNYA:1 NUR:2 PERSIAPAN:1 PERKAHWINAN:1 JUGA:6 TELAH:1 MULA:1 DILAKUKAN:1 SEMUANYA:3 BERJALAN:2 LANCAR:2 SUDAH:3 UNTUK:4 SEORANG:1 ISTERI:2 DALAM:2 MASA:1 JANGAN:1 RISAU:1 JIKA:1 SAH:2 AKAN:2 TARIKH:1 MAJLIS:2 TERSEBUT:2 KEPADA:5 SELEPAS:1 BUKIT:1 BERKATA:1 DIA:1 TIDAK:4 MAHU:2 TERLALU:2 MENGENAI:2 UMUM:2 PRINSIP:1 BANYAK:1 BERCAKAP:1 HUBUNGAN:2 CINTA:1 KERANA:2 ITU:3 SOAL:1 PERIBADI:1 SETAKAT:1 APA:1 YANG:3 HANYA:1 BOLEH:1 KATAKAN:1 HARAP:1 SEMUA:1 PIHAK:1 DAPAT:1 SUAMI:1 PUJAAN:1 HATI:1 KANDA:1 SEBARANG:1 BERAT:1 SEPANJANG:1 SELAIN:1 MEMAHAMI:1 DENGAN:1 KERJAYA:1 SENTIASA:1 SIBUK:1 ANAK:1 AHLI:1 PARLIMEN:1 KUALA:1 MENTERI:2 JABATAN:1 PERDANA:1 TUGAS:2 KHAS:1 PERNAH:1 BERPUNYA:1 KEDUA:1 DUA:1 KELUARGA:1 TERLEPAS:1 KAMI:2 TONG:1 SEMULA:1 TEMPAT:1 BUANG:1 SAMPAH:1 GRADUAN:1 LANJUT:1 PENGAJIAN:1 ULANG:1 SEMPURNA:1 BUAT:1 SAJI:1 TANPA:1 KONTROVERSI:1 LEBIH:1 BARISAN:1 BAHARU:1 NEGERI:3 SEMBILAN:3 TERIMA:2 KASIH:1 CAKAP:1 PEMANDU:1 LORI:1 NYAWA:1 JADI:1 SITI:1 SURAT:1 JAWATAN:1 BERITA:1 TUANKU:1 BATAL:1 KERAJAAN:1 SERTA:1 RAKYAT:1 MAKIN:1 PENAT:1 HIDUP:1 DARI:1 SEDAR:1 SIAPA:1 SAHABAT:1 SUSAH:1 VIDEO:2 HALAMAN:1 LUAS:1 KUCING:1 MAIN:1 RUPA:1 ULAR:1 JENAZAH:2 TIGA:1 SEKELUARGA:1 SELAMAT:1 HADIR:1 SOLAT:1 TIBA:2 NASIB:1 SEMPAT:1 TEKAN:1 ENGGAN:1 BAHAGIA:1 IBU:1 TARIK:1 UPIH:1 KELAPA:1 SAMPAI:1 ADIK:1 TERMA:1 POLISI:1 SENARAI:1 KEDAI:1 AKHBAR:1 HAK:1 CIPTA:1 MULIA:1
https://www.kosmo.com.my/2020/07/17/real-julang-gelaran-la-liga-ke-34/	JULANG:2 LIGA:9 ONLINE:1 MASUK:3 LANGGAN:3 TERKINI:5 NEGARA:4 ANALISIS:4 SEMASA:4 KATA:8 SAYA:7 KOMUNITI:4 AHAD:4 DUNIA:4 SUKAN:5 HALAL:4 NIAGA:4 SOKONG:4 KAMPUS:4 WANITA:5 RASA:5 SAH:1 JUARA:5 SELEPAS:5 KEPADA:2 AWAL:1 PAGI:1 TADI:1 OLEH:2 KELAB:1 GERGASI:1 SEBAGAI:1 BUAT:3 KALI:2 BERJAYA:1 ATAS:1 KETIKA:1 MASIH:1 SATU:1 PERLAWANAN:1 HATI:1 TANGGA:1 KEDUA:1 SEKALI:2 GUS:2 KETINGGALAN:1 TUJUH:1 MATA:4 APABILA:1 HANYA:1 YANG:2 SANGAT:2 GEMBIRA:2 DAPAT:1 MEMBANTU:1 PASUKAN:3 PERTAMA:1 MUSIM:3 INI:3 ADALAH:2 KEJAYAAN:1 PALING:1 MANIS:1 KAMI:4 DAN:2 TIDAK:2 UNTUK:1 MENGATAKAN:1 BAHAWA:1 LEBIH:2 KERANA:1 CUKUP:2 SECARA:1 PERIBADI:1 TERBAIK:1 TAHUN:1 BUKAN:1 SAHAJA:1 TINGGI:1 MALAH:1 PEMAIN:1 SEPANJANG:1 LUAR:1 BIASA:1 AGENSI:1 PARA:1 MEREKA:2 MAHU:1 TERLEPAS:1 ORANG:1 ASLI:1 MAUT:2 HARIMAU:1 SELAMAT:1 INGAT:1 KALAU:1 DAH:1 TINGGAL:1 JANGAN:1 MINUM:1 HARGA:1 NAIK:1 SEN:2 VIDEO:1 RAMAI:1 PERCAYA:1 BOLEH:1 IKUT:1 TEROWONG:1 MOTOSIKAL:1 LANGGAR:1 DUA:2 MURID:1 DEPAN:1 SEKOLAH:1 PELAJAR:1 WANG:1 MANGSA:1 KAKI:1 BENDA:1 TAJAM:1 BELUM:1 SEMPAT:1 AIR:1 TANGAN:1 MENANTU:1 DUDUK:1 BERITA:1 TERMA:1 POLISI:1 SENARAI:1 KEDAI:1 AKHBAR:1 HAK:1 CIPTA:1 MULIA:1
https://www.kosmo.com.my/2020/07/17/rossi-bawa-kru-terbaik-ke-petronas-srt/	BAWA:2 TERBAIK:4 ONLINE:1 MASUK:3 LANGGAN:3 TERKINI:5 NEGARA:4 ANALISIS:4 SEMASA:4 KATA:10 SAYA:14 KOMUNITI:4 AHAD:4 DUNIA:5 SUKAN:5 HALAL:4 NIAGA:4 SOKONG:4 KAMPUS:4 WANITA:5 RASA:7 MENGESAHKAN:1 BAHAWA:1 KESEMUA:2 AKAN:5 JIKA:1 MENJADI:1 KENYATAAN:1 OLEH:1 JUARA:1 TUJUH:1 KALI:3 MAHU:6 SEMUA:2 PASUKAN:7 SEPANG:1 MUSIM:2 DEPAN:3 HAMPIR:2 PASTI:2 TEMPAT:1 DENGAN:3 PELUMBA:3 YANG:3 TELAH:4 SAH:1 DUA:3 TAHUN:1 SEHINGGA:1 SEJAK:1 BERAKSI:1 PADA:1 KELAS:1 SENTIASA:2 SETIAP:2 BERBEZA:1 ITU:2 PERNAH:1 DARI:2 DAN:6 BERBINCANG:1 MENERUSKAN:1 DALAM:1 JUGA:2 MENDAPAT:1 KEBENARAN:1 BERSAMA:1 KETIKA:2 INI:2 SEMAKIN:1 UNTUK:1 BELUM:3 SEBARANG:1 PERJANJIAN:1 KERANA:1 MASIH:1 SELAIN:1 KAMI:3 PERLU:1 BAHARU:1 MUNGKIN:1 BESAR:1 SELESAI:1 TIDAK:3 LAMA:2 LAGI:2 SEPERTI:1 ADALAH:1 SEMENTARA:1 TURUT:1 MENJELASKAN:1 PERKARA:2 SAMA:1 SUDAH:1 NANTI:1 BUAT:1 KEPUTUSAN:1 MENGENAI:1 TERSEBUT:1 AGENSI:1 TERLEPAS:1 ORANG:1 ASLI:1 MAUT:2 HARIMAU:1 SELAMAT:1 INGAT:1 KALAU:1 DAH:1 TINGGAL:1 JANGAN:1 MINUM:1 HARGA:1 NAIK:1 SEN:2 VIDEO:1 RAMAI:1 PERCAYA:1 BOLEH:1 IKUT:1 TEROWONG:1 MOTOSIKAL:1 LANGGAR:1 MURID:1 SEKOLAH:1 PELAJAR:1 WANG:1 MANGSA:1 KAKI:1 BENDA:1 TAJAM:1 SEMPAT:1 AIR:1 TANGAN:1 MENANTU:1 MEREKA:1 DUDUK:1 BERITA:1 TERMA:1 POLISI:1 SENARAI:1 KEDAI:1 AKHBAR:1 HAK:1 CIPTA:1 MULIA:1
https://www.kosmo.com.my/2020/07/17/ganguan-bekalan-air-hampir-pulih-sepenuhnya/	GANGGUAN:5 AIR:14 KUALA:8 LUMPUR:6 ONLINE:2 MASUK:3 LANGGAN:3 TERKINI:6 NEGARA:5 ANALISIS:4 SEMASA:5 KATA:8 SAYA:5 KOMUNITI:4 AHAD:4 DUNIA:4 SUKAN:4 HALAL:4 NIAGA:4 SOKONG:4 KAMPUS:4 WANITA:5 RASA:5 GAMBAR:1 HIASAN:1 OLEH:1 BEKALAN:4 LIMA:2 WILAYAH:2 DAN:7 SEJAK:1 LALU:2 TELAH:3 KETUA:1 KOMUNIKASI:1 PENGURUSAN:1 BERKATA:2 AKAUN:2 PENGGUNA:5 KAWASAN:2 ITU:1 KIRA:2 PUKUL:1 PAGI:1 TADI:1 SEMUA:2 ALAM:1 TERIMA:1 KASIH:1 ATAS:1 KERJASAMA:1 BAIK:1 DARIPADA:1 JUGA:2 WARGA:1 KERJA:2 YANG:1 MISI:1 DALAM:1 SATU:1 KENYATAAN:1 SINI:1 HARI:1 INI:2 UNTUK:3 TURUN:1 APLIKASI:1 TELEFON:1 PINTAR:1 ATAU:2 BOLEH:2 LAMAN:2 SOSIAL:1 DENGAN:1 SESAWANG:1 PERTANYAAN:1 PADA:1 AKAN:1 MENGALAMI:1 HINGGA:1 LOJI:1 RAWATAN:1 SUNGAI:1 FASA:1 TIDAK:1 MAHU:1 TERLEPAS:1 KAMI:2 ORANG:1 ASLI:1 MAUT:2 HARIMAU:1 SELAMAT:1 INGAT:1 KALAU:1 DAH:1 TINGGAL:1 JANGAN:1 MINUM:1 HARGA:1 NAIK:1 SEN:2 VIDEO:1 RAMAI:1 PERCAYA:1 IKUT:1 TEROWONG:1 MOTOSIKAL:1 LANGGAR:1 DUA:2 MURID:1 DEPAN:1 SEKOLAH:1 PELAJAR:1 WANG:1 MANGSA:1 KAKI:1 BENDA:1 TAJAM:1 BELUM:1 SEMPAT:1 TANGAN:1 MENANTU:1 MEREKA:1 DUDUK:1 BERITA:1 TERMA:1 POLISI:1 SENARAI:1 KEDAI:1 AKHBAR:1 HAK:1 CIPTA:1 MULIA:1
https://www.kosmo.com.my/2020/07/16/berita-palsu-buat-rossi-angin/	BERITA:5 PALSU:4 BUAT:2 ANGIN:2 ONLINE:1 MASUK:3 LANGGAN:3 TERKINI:5 NEGARA:4 ANALISIS:4 SEMASA:4 KATA:9 SAYA:14 KOMUNITI:4 AHAD:4 DUNIA:4 SUKAN:5 HALAL:4 NIAGA:4 SOKONG:4 KAMPUS:4 WANITA:4 RASA:5 SUDAH:7 BERSAMA:1 PASUKAN:7 PELUMBA:2 YANG:5 DIA:1 MUSIM:3 DEPAN:3 SEBAGAI:1 BERASAL:1 DARI:2 ITU:3 PERATUS:2 YAKIN:1 BAKAL:1 SATELIT:1 BEBERAPA:2 PERKARA:2 MASIH:3 TERMASUK:1 MENGENAI:2 JUMLAH:1 TURUT:1 SERTA:1 BAHARU:1 NANTI:1 MENYATAKAN:1 ADALAH:1 TIDAK:3 BETUL:1 NAMUN:1 KAMI:4 SEMAKIN:1 HAMPIR:1 MAHU:4 MENERUSKAN:1 PADA:3 BERBINCANG:1 DENGAN:3 PIHAK:1 MALAH:1 JUGA:1 BERCAKAP:1 KETUA:1 SEPANG:1 DATUK:1 DAN:4 JOHAN:1 PENGURUS:1 MEMPUNYAI:1 BAIK:1 ADA:1 PERLU:1 ORANG:2 AKAN:2 BEKERJA:1 TAPI:1 UNTUK:1 WALAUPUN:1 BELUM:1 AGENSI:1 MESKIPUN:1 KINI:1 TAHUN:1 TERLEPAS:1 BAWA:1 NAMA:1 KALAU:1 TAK:1 PANDAI:2 PIALA:1 JENTERA:1 SERANGAN:1 CUKUP:1 SEMPURNA:1 JALAN:2 BOLEH:1 SEKOLAH:1 TAKUT:1 JEREBU:1 BAPA:1 DAH:1 MAIN:1 TAHU:1 TARIK:1 SEMULA:1 KENYATAAN:1 SALAH:1 LAKU:1 DALAM:1 PENJARA:1 HASRAT:1 PULANG:1 AMBIL:1 UBAT:1 DETIK:1 HITAM:1 NENEK:1 SEDAP:1 HATI:1 JASAD:1 CUCU:1 SUNGAI:1 EMPAT:1 KAMBING:1 KERETA:1 MUSNAH:1 KEBAKARAN:1 KANDANG:1 TERMA:1 POLISI:1 SENARAI:1 KEDAI:1 AKHBAR:1 HAK:1 CIPTA:1 MULIA:1
https://www.kosmo.com.my/2020/07/15/52-ditahan-ingkar-pkp/	ONLINE:2 MASUK:3 LANGGAN:3 TERKINI:6 NEGARA:6 ANALISIS:4 SEMASA:4 KATA:8 SAYA:4 KOMUNITI:4 AHAD:4 DUNIA:4 SUKAN:4 HALAL:4 NIAGA:4 SOKONG:4 KAMPUS:4 WANITA:4 RASA:4 PIHAK:1 TELAH:3 MENAHAN:1 INDIVIDU:2 YANG:4 SEPANJANG:1 GAMBAR:1 HIASAN:1 OLEH:1 SEBANYAK:2 ATAS:1 KESALAHAN:1 PERINTAH:2 KAWALAN:2 PERGERAKAN:2 DENGAN:2 OPERASI:3 MANAKALA:2 LAGI:3 KEHADIRAN:1 ORANG:2 RAMAI:1 SOSIAL:1 MENTERI:1 KANAN:1 KESELAMATAN:1 DATUK:1 SERI:1 BERKATA:1 DARIPADA:1 JUMLAH:1 TERSEBUT:1 SEORANG:1 SEHINGGA:1 SEMALAM:1 POLIS:2 DIRAJA:1 ITU:1 BAGI:1 MEMANTAU:1 DAN:2 PEMULIHAN:1 TANGKAP:6 TIDAK:2 MAHU:1 TERLEPAS:1 KAMI:3 TERAS:1 JUTA:1 TANPA:1 ANDA:1 TIADA:2 USUL:1 UNDI:1 PERCAYA:1 DITERIMA:1 DEWAN:1 RAKYAT:1 SAMPAH:1 TAK:1 JANGAN:1 MUFTI:1 DEKAT:1 SINI:1 KESAN:1 JASAD:1 SEMAKIN:1 BERITA:1 LIMA:1 ANJING:2 GIGIT:1 KANAK:2 PERLU:1 BERKAS:1 BAKAR:1 HUTAN:1 TAWAR:1 BUNUH:1 TENTERA:1 VIDEO:1 DALAM:1 USAHA:1 BAHASA:1 IKAN:1 GUNA:1 CAKAR:1 SETIAP:2 HARI:2 SITUASI:1 SASARAN:1 BUKAN:1 KEJAYAAN:1 TERMA:1 POLISI:1 SENARAI:1 KEDAI:1 AKHBAR:1 HAK:1 CIPTA:1 MULIA:1
https://www.kosmo.com.my/2020/07/17/pelajar-ke-harvard-dirai-alumni-samttaj/	PELAJAR:14 ONLINE:2 MASUK:6 LANGGAN:3 TERKINI:5 NEGARA:6 ANALISIS:4 SEMASA:4 KATA:9 SAYA:11 KOMUNITI:4 AHAD:4 DUNIA:8 SUKAN:4 HALAL:4 NIAGA:4 SOKONG:4 KAMPUS:4 WANITA:4 RASA:5 EMPAT:1 DARI:4 KIRI:1 KEPADA:8 DAN:9 AHLI:1 JAWATANKUASA:1 YANG:13 LAIN:3 PADA:5 SATU:5 MAJLIS:2 ALAM:3 BARU:6 INI:9 OLEH:4 KEJAYAAN:3 ANAK:2 MUDA:3 MENYAMBUNG:1 PELAJARAN:3 SEKOLAH:6 SARJANA:2 UNIVERSITI:4 TERKENAL:1 TELAH:1 PERSATUAN:5 AGAMA:2 TINGGI:1 JEMAAH:1 DALAM:2 MAKAN:1 MALAM:1 MENURUT:2 PENGERUSI:1 DATUK:1 SERI:1 DENGAN:3 MERUPAKAN:1 BEKAS:2 TERSEBUT:1 BERHARAP:2 MENJADI:3 INSPIRASI:2 SELURUH:2 SEBAB:1 ADALAH:3 DARIPADA:3 BUKAN:2 SAHAJA:1 TETAPI:2 JUGA:3 PIHAK:1 HARI:2 KERANA:2 PERTAMA:1 KALI:2 ALIRAN:1 BERJAYA:1 MEMASUKI:3 SYARIKAT:1 ITU:2 KENYATAAN:2 AKHBAR:2 DITERIMA:4 SEMENTARA:1 MELAHIRKAN:1 GEMBIRA:1 DIBERIKAN:1 TERIMA:1 KASIH:1 MEREKA:1 ATAS:2 PEMBERIAN:1 SUMBANGAN:1 UNTUK:5 TERUS:2 BAKAL:3 MATEMATIK:1 FALSAFAH:1 SELAIN:1 LAGI:2 PEREMPUAN:1 IPOH:1 PERAK:1 AKAN:2 SAINS:1 KOMPUTER:1 PENGAJIAN:5 SOSIAL:1 BONGSU:1 TIGA:2 BERADIK:1 KEPUTUSAN:1 SEDANG:2 YAYASAN:1 LEMBAH:1 PANDEMIK:1 DIA:1 BELAJAR:1 RUMAH:1 SECARA:1 KEDUA:1 MENDAPAT:1 IJAZAH:1 BAWAH:1 BIASISWA:1 NASIONAL:1 BERHAD:1 DEPAN:1 BELUM:1 ADA:3 PUTUS:1 SAMA:1 ATAU:1 KINI:1 MELAKUKAN:1 ULANG:1 KAJI:1 AWAL:1 SANA:1 LEBIH:1 PENGANALISIS:1 KEWANGAN:1 KELAB:1 TAHUN:1 LALU:1 SEBANYAK:1 KELAS:1 NAMUN:1 HANYA:2 PERATUS:1 ANTARABANGSA:1 TIDAK:3 MAHU:1 TERLEPAS:1 KAMI:2 KERJASAMA:1 EKONOMI:1 LIGA:1 NGAH:1 LAKAR:1 NAMA:1 KUCHING:1 DAPAT:1 PERCUMA:1 PADAT:1 TAK:1 MAIN:2 RAMAI:1 SANGAT:1 MANUSIA:1 BERSAMA:1 KERAJAAN:1 PERPADUAN:2 TEBUS:1 KEKECEWAAN:1 JUARA:1 NYAWA:1 PEMANDU:1 MENINGGAL:1 UMMAH:1 SASAR:2 SEJUTA:1 BERITA:1 DEKAD:1 PERKASA:1 BAKAT:1 LAHIR:1 PEMIMPIN:1 PERSEDIAAN:1 MANGSA:1 SEKETIKA:1 DEMI:1 PESANAN:1 AYAH:1 TENAGA:1 KERJA:1 USAHA:1 DUIT:1 SENDIRI:1 MAKLUM:1 RALAT:1 UJIAN:1 POLIS:1 KESAN:1 INDIVIDU:1 KES:1 CALON:1 TERMA:1 POLISI:1 SENARAI:1 KEDAI:1 HAK:1 CIPTA:1 MULIA:2 PRODUK:1
https://www.kosmo.com.my/2020/07/17/bekas-pemandu-diarah-bela-diri-bunuh-isteri-anak/	BEKAS:3 PEMANDU:4 DIRI:4 BUNUH:2 ISTERI:4 ANAK:4 ONLINE:2 MASUK:3 LANGGAN:3 TERKINI:6 NEGARA:4 ANALISIS:4 SEMASA:5 KATA:8 SAYA:5 KOMUNITI:4 AHAD:4 DUNIA:4 SUKAN:4 HALAL:4 NIAGA:4 SOKONG:4 KAMPUS:4 WANITA:5 RASA:5 SEORANG:2 LORI:2 OLEH:5 MAHKAMAH:3 TINGGI:2 ALAM:2 HARI:2 INI:3 SINI:1 ATAS:1 MEMBUNUH:2 DAN:5 EMPAT:1 TAHUN:1 LALU:1 HAKIM:1 DATUK:2 DEMIKIAN:1 TERHADAP:1 SELEPAS:2 PIHAK:1 BERJAYA:2 KES:2 AKHIR:1 DALAM:1 ORANG:2 SAKSI:2 YANG:4 SEPANJANG:1 TERSEBUT:1 JELAS:1 BELIAU:1 TERMASUK:1 KETERANGAN:3 PEGAWAI:2 JABATAN:1 KIMIA:1 ASID:1 MILIK:1 TERTUDUH:2 PADA:4 KUKU:1 MANGSA:3 POLIS:2 DIRAJA:1 TURUT:2 KUKUH:1 APABILA:1 TIADA:2 BERLAKU:1 KEJADIAN:1 PECAH:1 RUMAH:3 DENGAN:2 PINTU:3 BELAKANG:2 BAPA:1 MERTUA:1 DATANG:1 KESAN:1 BESI:2 ADALAH:2 MUSTAHIL:1 UNTUK:2 PEMOTONG:1 DARIPADA:2 LUAR:1 MEMOTONG:1 MANGGA:1 KERANA:1 LUBANG:1 SITU:1 KECIL:1 DUA:3 TINGKAT:1 TAMAN:1 PERDANA:1 ANTARA:1 PUKUL:1 PAGI:2 HINGGA:1 DIA:1 SEKSYEN:1 KANUN:1 GANTUNG:1 SAMPAI:1 MATI:1 JIKA:1 KESALAHAN:1 RAYA:1 MANAKALA:1 KEMUDIAN:1 TARIKH:1 DEPAN:2 SEMENTARA:1 ITU:2 KETIKA:1 AKAN:1 MEMBERIKAN:1 KANDANG:1 TIDAK:1 MAHU:1 TERLEPAS:1 KAMI:2 ASLI:1 MAUT:2 HARIMAU:1 SELAMAT:1 INGAT:1 KALAU:1 DAH:1 TINGGAL:1 JANGAN:1 MINUM:1 HARGA:1 NAIK:1 SEN:2 VIDEO:1 RAMAI:1 PERCAYA:1 BOLEH:1 IKUT:1 TEROWONG:1 MOTOSIKAL:1 LANGGAR:1 MURID:1 SEKOLAH:1 PELAJAR:1 WANG:1 KAKI:1 BENDA:1 TAJAM:1 BELUM:1 SEMPAT:1 AIR:1 TANGAN:1 MENANTU:1 MEREKA:1 DUDUK:1 BERITA:1 TERMA:1 POLISI:1 SENARAI:1 KEDAI:1 AKHBAR:1 HAK:1 CIPTA:1 MULIA:1
https://www.kosmo.com.my/2020/07/16/223-kawasan-terjejas-sudah-pulih-sejak-9-pagi-syabas/	KAWASAN:9 SUDAH:2 SEJAK:3 PAGI:3 SYABAS:3 ONLINE:2 MASUK:3 LANGGAN:3 TERKINI:5 NEGARA:5 ANALISIS:4 SEMASA:5 KATA:8 SAYA:5 KOMUNITI:4 AHAD:4 DUNIA:4 SUKAN:4 HALAL:4 NIAGA:4 SOKONG:4 KAMPUS:4 WANITA:5 RASA:5 GAMBAR:1 HIASAN:1 OLEH:1 KUALA:6 LUMPUR:4 SEBANYAK:2 ATAU:2 PERATUS:5 DAN:9 WILAYAH:2 PERSEKUTUAN:1 YANG:5 DENGAN:2 GANGGUAN:3 BEKALAN:4 AIR:18 KELMARIN:1 SETAKAT:1 TADI:1 KETUA:1 KOMUNIKASI:1 PENGURUSAN:1 BERKATA:2 LAGI:1 MASIH:2 DALAM:2 PEMULIHAN:3 SECARA:2 DARIPADA:1 INI:4 TELAH:1 TIGA:1 PERATUSAN:1 IAITU:1 MANAKALA:1 ALAM:1 KENYATAAN:1 HARI:2 BELIAU:1 KHIDMAT:2 LORI:2 TANGKI:3 SEMENTARA:1 LAPAN:1 PUSAT:1 ENAM:1 AWAM:3 MULAI:1 HINGGA:2 ESOK:1 PELANGGAN:2 TURUT:1 MEMATUHI:1 PANDUAN:1 PERINTAH:1 KAWALAN:1 PERGERAKAN:1 TERMASUK:1 SEPARUH:1 MUKA:1 SOSIAL:1 JUGA:1 AKAN:2 UNTUK:1 VIRUS:1 BAGI:1 KESELAMATAN:1 KAMI:3 PADA:1 LALU:1 AKAUN:1 PENGGUNA:1 MENGALAMI:1 KERJA:2 LOJI:1 RAWATAN:1 SUNGAI:1 FASA:1 TIDAK:1 MAHU:1 TERLEPAS:1 ORANG:1 ASLI:1 MAUT:2 HARIMAU:1 SELAMAT:1 INGAT:1 KALAU:1 DAH:1 TINGGAL:1 JANGAN:1 MINUM:1 HARGA:1 NAIK:1 SEN:2 VIDEO:2 RAMAI:1 PERCAYA:1 BOLEH:1 IKUT:1 TEROWONG:1 MOTOSIKAL:1 LANGGAR:1 DUA:2 MURID:1 DEPAN:1 SEKOLAH:1 PELAJAR:1 WANG:1 MANGSA:1 KAKI:1 BENDA:1 TAJAM:1 BELUM:1 SEMPAT:1 TANGAN:1 MENANTU:1 MEREKA:1 DUDUK:1 BERITA:1 SIRI:1 SINI:1 TAPI:1 TAK:1 SABAR:1 NAK:1 BALIK:1 TETAMU:1 MAJLIS:1 DAPAT:1 LITER:1 HIDUNG:1 JAMBU:1 KENA:1 JADI:3 NEKAD:1 CERAI:1 LEPAS:1 SUAMI:1 KETUM:1 DALANG:1 PUNCA:1 HIJAU:1 BUSUK:1 PULA:1 DARI:1 KOPI:1 TERMA:1 POLISI:1 SENARAI:1 KEDAI:1 AKHBAR:1 HAK:1 CIPTA:1 MULIA:1
https://www.kosmo.com.my/2020/07/17/langkah-tepat-tidak-laksana-ppsmi-dbp/	LANGKAH:3 TEPAT:5 TIDAK:7 LAKSANA:2 ONLINE:2 MASUK:3 LANGGAN:3 TERKINI:6 NEGARA:4 ANALISIS:4 SEMASA:4 KATA:8 SAYA:5 KOMUNITI:4 AHAD:4 DUNIA:4 SUKAN:4 HALAL:4 NIAGA:4 SOKONG:4 KAMPUS:4 WANITA:5 RASA:5 KEPUTUSAN:2 PENDIDIKAN:3 UNTUK:5 SEMULA:2 SEMALAM:2 SEBAGAI:3 OLEH:1 KUALA:1 LUMPUR:1 DEWAN:1 BAHASA:5 DAN:10 PUSTAKA:1 PROGRAM:3 SAINS:4 MATEMATIK:4 DALAM:3 KERANA:1 TIADA:1 KEPERLUAN:1 BERBUAT:1 DEMIKIAN:1 PENGERUSI:1 PROFESOR:1 DATUK:1 AWANG:1 BERKATA:1 SEMUA:1 BERJAYA:1 MENCAPAI:1 BEKAS:1 PERDANA:2 MENTERI:2 PELAJAR:4 MATA:2 PELAJARAN:2 BESAR:1 YANG:4 BILION:1 HANYA:1 TIGA:1 PERATUS:2 MENYEBABKAN:1 NYATA:1 BAGI:2 RATA:2 BAHAWA:1 LEBIH:1 GURU:1 MENGANGGAP:1 HASRAT:1 MELALUI:1 SATU:1 KENYATAAN:1 AKAUN:1 HARI:1 INI:2 SEBELUM:1 KETIKA:1 PADA:1 TAHUN:1 TELAH:1 SETELAH:1 KIRA:1 DARIPADA:1 PELBAGAI:1 PIHAK:1 JELAS:1 KESILAPAN:1 KEGAGALAN:1 ITU:1 MAHU:1 TERLEPAS:1 KAMI:2 ORANG:1 ASLI:1 MAUT:2 HARIMAU:1 SELAMAT:1 INGAT:1 KALAU:1 DAH:1 TINGGAL:1 JANGAN:1 MINUM:1 HARGA:1 NAIK:1 SEN:2 VIDEO:1 RAMAI:1 PERCAYA:1 BOLEH:1 IKUT:1 TEROWONG:1 MOTOSIKAL:1 LANGGAR:1 DUA:2 MURID:1 DEPAN:1 SEKOLAH:1 WANG:1 MANGSA:1 KAKI:1 BENDA:1 TAJAM:1 BELUM:1 SEMPAT:1 AIR:1 TANGAN:1 MENANTU:1 MEREKA:1 DUDUK:1 BERITA:1 TERMA:1 POLISI:1 SENARAI:1 KEDAI:1 AKHBAR:1 HAK:1 CIPTA:1 MULIA:1
https://www.kosmo.com.my/2020/07/17/polis-tumpaskan-geng-karu-tahan-lapan-suspek/	POLIS:10 GENG:4 TAHAN:2 LAPAN:3 SUSPEK:5 ONLINE:2 MASUK:3 LANGGAN:3 TERKINI:6 NEGARA:4 ANALISIS:4 SEMASA:4 KATA:8 SAYA:5 KOMUNITI:4 AHAD:4 DUNIA:4 SUKAN:4 HALAL:4 NIAGA:4 SOKONG:4 KAMPUS:4 WANITA:6 RASA:5 TIGA:2 DARI:3 KIRI:1 ANTARA:1 YANG:10 DALAM:2 BEBERAPA:3 SIRI:2 PADA:2 SATU:1 SIDANG:2 AKHBAR:3 IBU:2 PEJABAT:2 DAERAH:4 SUNGAI:8 BULOH:8 HARI:2 INI:4 KUMPULAN:4 AKTIF:3 MELAKUKAN:3 KEGIATAN:2 SAMUN:7 DAN:12 PECAH:5 RUMAH:8 SEJAK:2 LALU:1 KETUA:1 ABU:1 BAKAR:1 BERKATA:1 DILAKUKAN:5 OLEH:2 ANGGOTA:1 PEGAWAI:1 BAHAGIAN:1 JENAYAH:4 LOKASI:1 BERDASARKAN:1 HASIL:2 BANDAR:2 TAMAN:1 DATUK:1 JALAN:2 BUNGA:1 TANJUNG:1 PANGSAPURI:1 PROGRAM:1 RAKYAT:1 SEKSYEN:3 ALAM:2 BARU:1 HOSPITAL:1 PIHAK:2 TURUT:2 MENAHAN:1 AHLI:1 TERMASUK:2 HINGGA:1 TAHUN:2 SERTA:3 AWAL:1 SINI:1 MENURUT:1 SEORANG:2 LELAKI:2 SEBAGAI:1 SELAIN:2 TEPI:1 ENAM:1 DARIPADA:2 MEMPUNYAI:3 DADAH:1 MALAH:1 MEREKA:2 DUA:3 KALI:1 BAWAH:2 AKTA:1 SOAL:1 JUGA:1 KESEMUA:2 HUBUNGAN:1 KELUARGA:1 RAKAN:1 MAMPU:1 MENYELESAIKAN:1 KES:2 SENTUL:1 JELAS:1 PELBAGAI:1 SEPERTI:1 BARANG:1 KEMAS:1 TELEVISYEN:1 TELEFON:1 KIRA:2 AKAN:1 MENJUAL:1 KEPADA:1 KEDAI:2 GADAI:1 ORANG:2 UNTUK:1 KEGUNAAN:1 SENDIRI:1 KINI:1 SEHINGGA:1 KERANA:2 KANUN:1 TANGKAP:1 TIDAK:1 MAHU:1 TERLEPAS:1 KAMI:2 ASLI:1 MAUT:4 HARIMAU:1 SELAMAT:1 INGAT:2 KALAU:1 DAH:1 TINGGAL:1 JANGAN:1 MINUM:1 HARGA:1 NAIK:1 SEN:2 VIDEO:2 RAMAI:1 PERCAYA:1 BOLEH:1 IKUT:1 TEROWONG:1 MOTOSIKAL:1 LANGGAR:1 MURID:1 DEPAN:1 SEKOLAH:1 PELAJAR:1 WANG:1 MANGSA:1 KAKI:1 BENDA:1 TAJAM:1 BELUM:1 SEMPAT:2 AIR:1 TANGAN:1 MENANTU:1 DUDUK:1 BERITA:1 PEMANDU:1 LORI:2 CEKIK:1 TAMPAR:1 ISTERI:1 BANGUNAN:1 PASAR:1 BESAR:1 IPOH:2 TERKEJUT:1 PATAH:1 BALIK:1 KENA:1 ROMPAK:1 TAK:1 ELAK:1 IDENTITI:1 MAYAT:1 TAYAR:1 DEKAT:1 MASIH:1 UPAH:1 MELANCONG:1 BAWA:1 GANJA:1 SEMBILAN:1 VAN:1 TERBALIK:1 BALAI:1 LUAK:1 SUNGEI:1 UJONG:1 TERMA:1 POLISI:1 SENARAI:1 HAK:1 CIPTA:1 MULIA:1
https://www.kosmo.com.my/2020/07/15/perodua-myvi-hadir-dengan-ciri-warna-baharu/	HADIR:4 DENGAN:5 WARNA:5 BAHARU:5 ONLINE:2 MASUK:3 LANGGAN:3 TERKINI:5 NEGARA:5 ANALISIS:4 SEMASA:4 KATA:8 SAYA:5 KOMUNITI:4 AHAD:4 DUNIA:4 SUKAN:4 HALAL:4 NIAGA:4 SOKONG:4 KAMPUS:4 WANITA:5 RASA:5 KINI:3 GARAJ:1 OLEH:1 KUALA:1 LUMPUR:1 KESELAMATAN:1 DAN:5 YANG:3 MENARIK:1 SISTEM:1 SELAMAT:2 ASA:2 MEMBANTU:1 RISIKO:1 AMARAN:2 SEHINGGA:3 KELAJUAN:1 KAKI:2 PERGERAKAN:1 HADAPAN:1 KAWALAN:1 KESILAPAN:1 SELAIN:1 ITU:1 TURUT:2 IAITU:1 UNTUK:1 SEMUA:2 KETUA:1 PEGAWAI:1 DATUK:1 ABIDIN:1 BERKATA:1 TELAH:1 PUSAT:1 SELURUH:1 MULA:2 PADA:3 TAHUN:1 LALU:1 SEBELUM:1 DIMASUKKAN:1 TIDAK:1 MAHU:1 TERLEPAS:1 KAMI:2 ORANG:1 ASLI:1 MAUT:2 HARIMAU:1 INGAT:1 KALAU:1 DAH:1 TINGGAL:1 JANGAN:1 MINUM:1 HARGA:1 NAIK:1 SEN:2 VIDEO:1 RAMAI:1 PERCAYA:1 BOLEH:1 IKUT:1 TEROWONG:1 MOTOSIKAL:1 LANGGAR:1 DUA:2 MURID:1 DEPAN:1 SEKOLAH:1 PELAJAR:1 WANG:1 MANGSA:1 BENDA:1 TAJAM:1 BELUM:1 SEMPAT:1 AIR:1 TANGAN:1 MENANTU:1 MEREKA:1 DUDUK:1 BERITA:1 TERMA:1 POLISI:1 SENARAI:1 KEDAI:1 AKHBAR:1 HAK:1 CIPTA:1 MULIA:1
https://www.kosmo.com.my/2020/07/17/vettel-kuat-dikait-sertai-racing-point/	KUAT:2 DIKAIT:2 ONLINE:1 MASUK:4 LANGGAN:3 TERKINI:5 NEGARA:4 ANALISIS:4 SEMASA:4 KATA:9 SAYA:7 KOMUNITI:4 AHAD:4 DUNIA:6 SUKAN:5 HALAL:4 NIAGA:4 SOKONG:4 KAMPUS:4 WANITA:4 RASA:5 SELEPAS:3 PASUKAN:5 ITU:5 SEBAGAI:1 PELUMBA:3 BAHARU:1 MUSIM:5 DEPAN:4 OLEH:1 JUARA:2 SATU:1 BERSAMA:4 HUJUNG:1 INI:5 KELAHIRAN:2 MASIH:5 BELUM:2 MENDAPAT:1 SEBARANG:1 TAWARAN:2 DARIPADA:1 MANA:2 MEMBUAT:2 KEPUTUSAN:3 UNTUK:3 PEMILIK:1 KETIKA:2 TELAH:1 MEMBERIKAN:1 TEMPAT:1 BUAT:1 MENJADI:1 DENGAN:2 BEBERAPA:1 MENARIK:2 JIKA:2 EMPAT:1 KALI:1 AKAN:2 BERAKSI:1 YANG:2 NAMA:1 KEPADA:1 APA:1 BOLEH:1 KATAKAN:1 ADA:1 BERITA:3 MENGENAI:3 MASA:2 DALAM:2 SEMUA:1 PILIHAN:1 SEPERTI:1 BERHENTI:1 ATAUPUN:1 LAIN:1 KHABAR:1 ANGIN:1 ADALAH:1 SEKADAR:2 SAHAJA:2 SEBELUM:1 JUGA:1 MELAKUKAN:1 PERBINCANGAN:1 TETAPI:2 BIASA:1 JADI:1 KHIDMAT:1 MEREKA:1 MEMPUNYAI:1 HINGGA:1 AGENSI:1 BAHAWA:1 TIADA:1 DIBUAT:1 SETAKAT:1 TIDAK:1 MAHU:1 TERLEPAS:1 KAMI:2 SUSAH:1 CARI:1 BAJU:1 HILANG:1 SEBAB:1 GEMUK:1 FAKTOR:1 KESELAMATAN:1 TUANKU:1 BATAL:1 AKSI:1 BERANI:1 OMBAK:1 PENGERUSI:1 TAK:1 HADIR:1 MAHKAMAH:1 TANGKAP:1 CIPTA:2 KEJAYAAN:1 ORKESTRA:1 DUA:1 PENGARAH:1 KESUNYIAN:1 TENGAH:1 SEKAT:1 LEBIH:1 JUTA:1 AKAUN:1 TERMA:1 DAN:1 POLISI:1 SENARAI:1 KEDAI:1 AKHBAR:1 HAK:1 MULIA:1
https://www.kosmo.com.my/2020/07/17/gempa-bumi-6-8-skala-richter-gegar-papua-new-guinea/	GEMPA:7 BUMI:6 PADA:6 ONLINE:2 MASUK:3 LANGGAN:3 TERKINI:6 NEGARA:4 ANALISIS:4 SEMASA:4 KATA:8 SAYA:5 KOMUNITI:4 AHAD:4 DUNIA:4 SUKAN:4 HALAL:4 NIAGA:4 SOKONG:4 KAMPUS:4 WANITA:6 RASA:5 KUAT:2 BARAT:2 LAUT:2 OLEH:1 KUALA:1 LUMPUR:1 JABATAN:1 SATU:1 KEJADIAN:1 BERLAKU:1 TIMUR:1 RANTAU:1 KIRA:2 PAGI:1 TADI:1 MELALUI:1 BERKATA:1 ITU:1 TIADA:2 SEBARANG:1 TSUNAMI:2 KEPADA:1 AKIBAT:1 TIDAK:1 MAHU:1 TERLEPAS:1 KAMI:2 ORANG:2 ASLI:2 MAUT:4 HARIMAU:2 SELAMAT:2 INGAT:2 KALAU:2 DAH:2 TINGGAL:2 JANGAN:2 MINUM:2 HARGA:2 NAIK:2 SEN:4 VIDEO:1 RAMAI:1 PERCAYA:1 BOLEH:1 IKUT:1 TEROWONG:1 MOTOSIKAL:2 LANGGAR:2 DUA:4 MURID:2 DEPAN:2 SEKOLAH:2 PELAJAR:3 WANG:2 MANGSA:2 KAKI:2 BENDA:2 TAJAM:2 BELUM:1 SEMPAT:1 AIR:1 TANGAN:1 MENANTU:1 MEREKA:1 DUDUK:1 BERITA:1 SURAT:1 RASMI:1 TUGAS:1 MINTA:1 KERJA:1 SEPERTI:1 BIASA:1 TIGA:1 WARGA:1 ASING:1 KES:1 BUNUH:1 TERMA:1 DAN:1 POLISI:1 SENARAI:1 KEDAI:1 AKHBAR:1 HAK:1 CIPTA:1 MULIA:1
https://www.kosmo.com.my/2020/07/17/wan-kuzri-sedia-rebut-tempat-dalam-skuad-b-19/	SEDIA:2 REBUT:2 TEMPAT:2 DALAM:3 ONLINE:1 MASUK:3 LANGGAN:3 TERKINI:5 NEGARA:6 ANALISIS:4 SEMASA:4 KATA:9 SAYA:9 KOMUNITI:4 AHAD:4 DUNIA:5 SUKAN:5 HALAL:4 NIAGA:4 SOKONG:4 KAMPUS:4 WANITA:5 RASA:5 TENGAH:2 SUDAH:1 BERSAMA:2 SEJAK:1 SEMALAM:1 SELEPAS:1 TEMPOH:1 TAMAT:1 OLEH:1 PUTRA:1 PEMAIN:3 KELAHIRAN:1 SYARIKAT:2 CUKUP:1 TERUJA:1 DAPAT:2 KEM:1 PUSAT:1 BAWAH:1 BAGI:1 PERSEDIAAN:1 KEJOHANAN:3 BOLA:3 SEPAK:3 PADA:3 DEPAN:3 BINTANG:1 MUDA:1 YANG:5 AKADEMI:1 TELAH:1 KUARANTIN:1 WAJIB:1 SELAMA:1 DUA:3 MINGGU:1 DAN:6 SEBELUM:3 DIBERI:1 LAMPU:1 HIJAU:1 UNTUK:3 WISMA:2 JAYA:1 LALU:2 JUGA:2 ADIK:1 KEPADA:1 BOLEH:3 MEMBERI:1 BUAT:2 PASUKAN:2 BERDASARKAN:1 MENJALANI:1 INI:2 DIRI:1 MUNGKIN:1 LIHAT:1 BAGAIMANA:1 MEMBANTU:1 APA:2 PERLU:1 DULU:1 KEUPAYAAN:1 HADAPAN:1 BARISAN:1 JURULATIH:1 MENGENAI:1 PERMAINAN:1 AKAN:2 SINI:1 SAMA:1 SAHAJA:1 SEPERTI:1 TIDAK:2 BANYAK:2 BEZA:1 CUMA:1 MEREKA:2 KELEBIHAN:1 FIZIKAL:1 KETIKA:1 SESI:1 LANJUT:1 TAHUN:2 ITU:1 TURUT:1 MEMBERIKAN:1 NASIHAT:1 DIA:1 ILMU:1 PENGALAMAN:1 LEBIH:1 TINGGI:1 KEBANGSAAN:1 HINGGA:1 HARIMAU:2 KERANA:1 MENJADI:1 KELAYAKAN:1 PIALA:1 BERADA:1 KUMPULAN:1 TIGA:1 JAGUH:1 BARAT:1 IAITU:1 MAHU:1 TERLEPAS:1 KAMI:2 ORANG:1 ASLI:1 MAUT:2 SELAMAT:1 INGAT:1 KALAU:1 DAH:1 TINGGAL:1 JANGAN:1 MINUM:1 HARGA:1 NAIK:1 SEN:2 VIDEO:1 RAMAI:1 PERCAYA:1 IKUT:1 TEROWONG:1 MOTOSIKAL:1 LANGGAR:1 MURID:1 SEKOLAH:1 PELAJAR:1 WANG:1 MANGSA:1 KAKI:1 BENDA:1 TAJAM:1 BELUM:1 SEMPAT:1 AIR:1 TANGAN:1 MENANTU:1 DUDUK:1 BERITA:1 TERMA:1 POLISI:1 SENARAI:1 KEDAI:1 AKHBAR:1 HAK:1 CIPTA:1 MULIA:1
https://www.kosmo.com.my/2020/07/17/syamel-ernie-nafi-kahwin-tahun-depan/	KAHWIN:3 TAHUN:8 DEPAN:2 ONLINE:3 MASUK:3 LANGGAN:3 TERKINI:6 NEGARA:4 ANALISIS:4 SEMASA:4 KATA:9 SAYA:16 KOMUNITI:4 AHAD:4 DUNIA:4 SUKAN:7 HALAL:4 NIAGA:4 SOKONG:4 KAMPUS:4 WANITA:5 RASA:4 DAN:8 OLEH:1 KUALA:1 LUMPUR:1 BAKAL:1 RUMAH:1 TANGGA:1 HADAPAN:6 PERKARA:1 TERSEBUT:1 ATAU:4 NAMA:2 SEBENARNYA:2 BERKATA:1 DIA:4 HANYA:1 RAPAT:1 TIDAK:5 MEMPUNYAI:1 LANGSUNG:1 UNTUK:2 SETAKAT:1 INI:3 KALAU:1 SUDAH:2 ADA:5 ARAH:1 ITU:10 SENDIRI:1 AKAN:6 BERITAHU:1 KEPADA:1 KAWAN:2 BAIK:1 KAMI:3 PERNAH:1 MEMBUAT:1 DALAM:3 MASA:1 BARANGKALI:1 APA:1 YANG:4 BARU:2 ADALAH:1 USIA:2 SEMAKIN:2 INGIN:2 ZAMAN:1 BUJANG:1 SAMPAI:1 DENGAN:5 LELAKI:1 LAIN:1 SEMUA:1 ILAHI:1 KETIKA:1 SEBENTAR:1 TADI:1 PADA:3 TURUT:1 MENGELUARKAN:2 KENYATAAN:4 RAKAN:1 MEMANG:1 KERANA:1 BAGI:1 SEORANG:2 ORANG:2 APATAH:1 LAGI:1 JUGA:1 MENYEBUT:1 CALON:1 SUAMI:2 TAPI:2 MEMBERI:2 BETUL:1 SEBAGAI:1 SEDAR:1 MANIS:1 MOHON:2 MAAF:1 PERIHAL:1 RAMAI:1 LAGU:2 ARTIKEL:1 SEPERTI:1 CUKUP:1 AKU:1 CINTA:1 ISTERI:1 MAHU:1 TERLEPAS:1 DARI:1 KEDAI:2 TUTUP:1 TANGAN:1 KELUAR:1 LUBANG:1 JUAL:1 SIRIH:1 KES:1 FITNAH:1 TERHADAP:1 AHLI:1 PARLIMEN:1 SELESAI:1 VIDEO:1 CEMAS:1 TAYAR:1 ATAS:1 LEBUH:1 RAYA:1 SUMBANG:2 EMAS:3 KETIGA:2 HASIL:1 LAUT:1 PEKERJA:1 MAUT:1 NOTIS:1 HENTI:1 KERJA:1 PEGUAM:1 ADAT:1 MAJLIS:1 RAJA:2 TELITI:1 KRISIS:1 NEGERI:1 SEMBILAN:1 BERITA:1 JANGAN:1 MUFTI:1 JASAD:1 JULANG:1 UPAH:1 MELANCONG:1 BAWA:1 GANJA:1 BEKAS:1 GURU:1 TENDANG:1 MUKA:1 MURID:1 HAKIM:1 PERLU:1 LEBIH:1 SUSAH:1 CARI:1 BAJU:1 HILANG:1 SEBAB:1 GEMUK:1 TERMA:1 POLISI:1 SENARAI:1 AKHBAR:1 HAK:1 CIPTA:1 MULIA:1
https://www.kosmo.com.my/2020/07/17/pm-nafi-tawar-mohd-shafie-jawatan-tpm/	TAWAR:2 JAWATAN:4 ONLINE:2 MASUK:3 LANGGAN:3 TERKINI:6 NEGARA:4 ANALISIS:4 SEMASA:4 KATA:8 SAYA:10 KOMUNITI:4 AHAD:4 DUNIA:4 SUKAN:4 HALAL:4 NIAGA:4 SOKONG:5 KAMPUS:4 WANITA:4 RASA:4 OLEH:1 KUALA:1 LUMPUR:1 PERDANA:5 MENTERI:5 BELIAU:6 MENAWARKAN:3 KEPADA:2 DATUK:1 SERI:1 PADA:3 LALU:2 DIBUAT:2 DALAM:4 SATU:3 ITU:3 HANYA:1 PRESIDEN:1 PARTI:1 WARISAN:3 TERSEBUT:1 INGIN:1 BAHAWA:1 TIDAK:5 PERNAH:2 SEKALIPUN:1 SELEPAS:1 MENJADI:1 KENYATAAN:3 YANG:1 MENYATAKAN:1 TETAPI:1 TAHU:1 MENGENAI:1 HAL:1 SEBAGAI:2 BENAR:1 ADALAH:1 SEMATA:1 MATA:1 HARI:1 INI:1 DENGAN:1 BERITA:2 KABINET:1 PERIKATAN:1 NASIONAL:1 TAWARAN:1 UNTUK:1 BAGI:1 MAHU:1 TERLEPAS:1 KAMI:2 JEREBU:1 SEMENANJUNG:1 KAWASAN:1 MASIH:1 SIHAT:1 KREATIVITI:1 KAIN:1 SARUNG:1 ANGKAT:1 PERLU:1 BUDIMAN:1 LELAKI:1 NIKAH:1 GADIS:1 TAHUN:1 ABANG:1 IPAR:1 KEPIMPINAN:1 EKONOMI:2 MADANI:2 POKET:1 RAKYAT:1 SIAP:1 SEDIA:1 ANGGOTA:1 TAK:1 SALAH:1 DAH:1 LEPASKAN:1 SEMUA:1 MASA:1 KEKAL:1 MENGHADAP:1 TUANKU:1 SEDIKIT:1 RUANG:1 ORANG:1 MUDA:1 KEBEBASAN:1 SEJAK:1 PEGAWAI:1 BERI:1 LAYANAN:1 ISTIMEWA:1 SAKSI:1 TERIMA:1 KASIH:1 MAT:1 JEMPUT:1 DATANG:1 MAHA:1 CADANGAN:1 PELABURAN:1 DILETAK:1 BAWAH:1 RUMAH:1 SAMBUT:1 MERDEKA:1 BATIK:1 TERMA:1 DAN:1 POLISI:1 SENARAI:1 KEDAI:1 AKHBAR:1 HAK:1 CIPTA:1 MULIA:1
https://www.kosmo.com.my/2020/07/17/jeritan-mangsa-gagalkan-aksi-samun-bersenjata/	JERITAN:3 MANGSA:5 AKSI:2 SAMUN:8 ONLINE:2 MASUK:5 LANGGAN:3 TERKINI:5 NEGARA:6 ANALISIS:4 SEMASA:4 KATA:9 SAYA:5 KOMUNITI:4 AHAD:4 DUNIA:4 SUKAN:4 HALAL:4 NIAGA:4 SOKONG:4 KAMPUS:4 WANITA:6 RASA:5 EMPAT:2 SUSPEK:6 DENGAN:4 DUA:4 PARANG:2 MELURU:3 DALAM:4 RUMAH:3 TAMAN:2 MUTIARA:2 BUKIT:2 RAJA:2 SEMALAM:2 OLEH:2 SEORANG:1 BERJAYA:1 DIRI:2 DAN:3 AHLI:1 KELUARGA:1 YANG:5 LAIN:1 DARIPADA:2 DISAMUN:1 KEJADIAN:3 SINI:2 KETUA:1 POLIS:2 DAERAH:1 UTARA:1 BERKATA:1 BERLAKU:1 PUKUL:1 MALAM:1 APABILA:1 TERKEJUT:1 MEMINTA:1 KELUAR:1 LIMA:1 MINIT:2 KESEMUA:2 KENDERAAN:1 RAKAN:1 LUAR:2 TERSEBUT:1 KENYATAAN:1 HARI:1 INI:1 BELIAU:1 TIADA:1 SEBARANG:1 KERUGIAN:1 HANYA:1 TELEFON:1 JELAS:1 USAHA:1 SEDANG:1 KES:2 SEKSYEN:1 KANUN:1 VIDEO:2 SAAT:1 ITU:1 TULAR:1 LAMAN:1 SOSIAL:1 PENCURI:1 TIDAK:1 MAHU:1 TERLEPAS:1 KAMI:2 ORANG:1 ASLI:1 MAUT:2 HARIMAU:1 SELAMAT:1 INGAT:1 KALAU:1 DAH:1 TINGGAL:1 JANGAN:1 MINUM:1 HARGA:1 NAIK:1 SEN:2 RAMAI:1 PERCAYA:1 BOLEH:1 IKUT:1 TEROWONG:1 MOTOSIKAL:2 LANGGAR:1 MURID:1 DEPAN:1 SEKOLAH:1 PELAJAR:1 WANG:1 KAKI:1 BENDA:1 TAJAM:1 BELUM:1 SEMPAT:1 AIR:2 TANGAN:2 MENANTU:1 MEREKA:1 DUDUK:1 BERITA:1 ENAM:1 LELAKI:2 NOTIS:1 MERAH:1 BURU:1 WARGA:2 ASING:1 MAYAT:1 DIIKAT:1 PADA:1 TONG:1 PERAK:1 RANTAI:1 ANGGOTA:1 KENA:1 WAYAR:1 KABEL:1 TIGA:1 PEMANCING:1 SEBELUM:1 DALANG:1 PUNCA:1 JADI:1 HIJAU:1 BUSUK:1 MEWAH:1 JALAN:1 MASIH:1 TERMA:1 POLISI:1 SENARAI:1 KEDAI:1 AKHBAR:1 HAK:1 CIPTA:1 MULIA:1
https://www.kosmo.com.my/2020/07/17/peniaga-roti-di-tahan-disyaki-jual-tambah-nilai-judi-online/	ROTI:4 TAHAN:2 JUAL:2 TAMBAH:7 JUDI:9 ONLINE:8 MASUK:3 LANGGAN:3 TERKINI:5 NEGARA:5 ANALISIS:4 SEMASA:4 KATA:8 SAYA:5 KOMUNITI:4 AHAD:5 DUNIA:4 SUKAN:4 HALAL:4 NIAGA:5 SOKONG:4 KAMPUS:4 WANITA:6 RASA:5 KAKITANGAN:1 SEDANG:2 MELAKUKAN:3 KERJA:2 BEKALAN:2 ELEKTRIK:2 YANG:5 PUSAT:1 KAMPUNG:2 HARI:2 INI:2 OLEH:1 KUALA:1 SEORANG:3 KEDAI:2 POLIS:2 KERANA:1 DALAM:3 AKTIVITI:3 MENJUAL:4 SECARA:1 HARAM:2 LALU:1 PUKUL:1 PETANG:1 TAHUN:2 ITU:3 KETIKA:1 URUS:1 DENGAN:1 PELANGGAN:3 KETUA:1 DAERAH:1 BERKATA:1 TERSEBUT:1 MERUPAKAN:1 LELAKI:1 TURUT:2 BAGI:2 MEMBANTU:1 AWAL:1 SUSPEK:3 DAN:3 BEROPERASI:1 ATAS:1 TALIAN:1 DARIPADA:1 PENDUDUK:1 BEBERAPA:1 KAWASAN:1 KEPADA:1 SINI:1 TIGA:1 TELEFON:1 PELBAGAI:1 JENAMA:1 WANG:2 TUNAI:1 HASIL:1 KEGIATAN:1 KES:1 SEKSYEN:3 AKTA:3 RUMAH:2 SAMA:1 TENAGA:1 NASIONAL:1 BERHAD:1 JUGA:1 TELAH:1 UNTUK:1 OPERASI:1 TIDAK:1 MAHU:1 TERLEPAS:1 KAMI:2 ORANG:1 ASLI:1 MAUT:2 HARIMAU:1 SELAMAT:1 INGAT:1 KALAU:1 DAH:1 TINGGAL:1 JANGAN:1 MINUM:1 HARGA:1 NAIK:1 SEN:2 VIDEO:1 RAMAI:1 PERCAYA:1 BOLEH:1 IKUT:1 TEROWONG:1 MOTOSIKAL:1 LANGGAR:1 DUA:2 MURID:1 DEPAN:1 SEKOLAH:1 PELAJAR:1 MANGSA:1 KAKI:1 BENDA:1 TAJAM:1 BELUM:1 SEMPAT:1 AIR:1 TANGAN:1 MENANTU:1 MEREKA:1 DUDUK:1 BERITA:1 TERMA:1 POLISI:1 SENARAI:1 AKHBAR:1 HAK:1 CIPTA:1 MULIA:1
https://www.kosmo.com.my/2020/07/17/tunku-azizah-terharu-dianugerahkan-pingat-perkhidmatan-wagggs/	PINGAT:4 PERKHIDMATAN:6 ONLINE:2 MASUK:3 LANGGAN:3 TERKINI:5 NEGARA:6 ANALISIS:4 SEMASA:4 KATA:9 SAYA:5 KOMUNITI:4 AHAD:4 DUNIA:4 SUKAN:4 HALAL:4 NIAGA:4 SOKONG:4 KAMPUS:4 WANITA:4 RASA:5 OLEH:2 KUALA:1 LUMPUR:1 RAJA:1 PERMAISURI:1 BERKENAN:2 MENERIMA:1 DENGAN:1 PERSATUAN:5 PANDU:5 PUTERI:7 DAN:6 SEMALAM:1 RASMI:1 PERKARA:1 ITU:4 DIBUAT:1 MELALUI:2 SALURAN:2 PENGERUSI:1 ANA:1 HARI:1 INI:2 KEPADA:3 SERTA:4 SUMBANGAN:1 LUAR:2 BIASA:2 SERI:2 PADUKA:2 DALAM:2 SAMA:1 ADA:2 NASIONAL:2 MAHUPUN:1 PIHAK:1 KAMI:3 SANGAT:1 KASIH:1 ATAS:2 TIDAK:4 BAHAGI:1 ANUGERAH:1 DIBERIKAN:2 SEBAGAI:1 KHAS:1 YANG:4 PERNAH:3 KENAL:1 LELAH:1 UNTUK:1 PERGERAKAN:1 ADALAH:1 INDIVIDU:1 CEMERLANG:1 PADA:2 BAGINDA:1 MENJADI:1 DIRAJA:1 SAHABAT:1 DARI:1 RANTAU:1 MAHU:2 TERLEPAS:1 BAPA:1 DAH:1 PANDAI:1 MAIN:1 TAHU:1 TARIK:1 SEMULA:1 KENYATAAN:1 SALAH:1 LAKU:1 PENJARA:1 HASRAT:1 PULANG:1 AMBIL:1 UBAT:1 DETIK:1 HITAM:1 NENEK:1 SEDAP:1 HATI:1 JASAD:1 CUCU:1 SUNGAI:1 EMPAT:1 KAMBING:1 KERETA:1 MUSNAH:1 KEBAKARAN:1 KANDANG:1 PERATUS:1 BUMIPUTERA:1 BAGI:1 UNSUR:1 MANTRA:1 BOLEH:1 SUSPEK:1 TERIMA:1 RAWATAN:1 MASALAH:1 MENTAL:1 BERITA:1 TERMA:1 POLISI:1 SENARAI:1 KEDAI:1 AKHBAR:1 HAK:1 CIPTA:1 MULIA:1
https://www.kosmo.com.my/2020/07/17/bomba-bantu-bawa-pesakit-obesiti-ke-hospital/	BOMBA:7 BAWA:2 PESAKIT:8 HOSPITAL:6 ONLINE:2 MASUK:3 LANGGAN:3 TERKINI:5 NEGARA:5 ANALISIS:4 SEMASA:4 KATA:8 SAYA:4 KOMUNITI:4 AHAD:4 DUNIA:4 SUKAN:4 HALAL:4 NIAGA:4 SOKONG:4 KAMPUS:4 WANITA:6 RASA:4 SEORANG:2 ANGGOTA:3 UNTUK:3 HARI:5 INI:5 OLEH:2 SEBERANG:2 PIHAK:1 JAYA:1 SINI:3 KHIDMAT:2 DAN:5 YANG:3 MENGALAMI:2 MASALAH:1 PULAU:1 PINANG:1 USAHA:1 DILAKUKAN:1 KIRA:4 PUKUL:1 PETANG:1 ITU:3 ENAM:1 DARI:1 BALAI:1 LORI:2 JABATAN:1 NEGERI:1 BERKATA:1 MEREKA:1 BERAT:1 BADAN:1 MILIK:1 AGENSI:1 TERSEBUT:1 ADALAH:1 DIA:1 PERLU:1 KERANA:1 MEMPUNYAI:1 TEMU:1 JANJI:1 DENGAN:1 KEPADA:1 DUA:2 TURUT:1 SEPANJANG:1 PERJALANAN:1 TIDAK:1 MAHU:2 TERLEPAS:1 KAMI:2 KULIT:1 BERKUALITI:1 RAHSIA:1 BUNYI:1 KUDRAT:1 BARU:1 MULA:1 SUDAH:1 ADA:2 HANYA:1 BULAN:1 TAHUN:1 TUNGGU:1 JAMBATAN:1 BAHARU:1 DAHULU:1 MACAM:1 SEKARANG:1 BERISI:1 HADIR:1 MAJLIS:1 PUN:1 AKTRES:1 KENA:1 KUTUK:1 NYAWA:1 BAYI:1 BERITA:1 TERMA:1 POLISI:1 SENARAI:1 KEDAI:1 AKHBAR:1 HAK:1 CIPTA:1 MULIA:1
https://www.kosmo.com.my/2020/07/17/74-positif-covid-16-dikesan-di-pintu-masuk-klia-dan-klia-2/	PINTU:4 MASUK:7 DAN:9 ONLINE:2 LANGGAN:3 TERKINI:6 NEGARA:5 ANALISIS:4 SEMASA:4 KATA:8 SAYA:5 KOMUNITI:4 AHAD:4 DUNIA:4 SUKAN:4 HALAL:4 NIAGA:4 SOKONG:4 KAMPUS:4 WANITA:6 RASA:5 GAMBAR:1 HIASAN:1 OLEH:1 KUALA:2 LUMPUR:2 SERAMAI:3 INDIVIDU:4 YANG:3 BARU:1 TIBA:1 DARI:2 LUAR:1 LAPANGAN:1 TERBANG:1 ANTARABANGSA:1 MENTERI:1 KANAN:1 KESELAMATAN:1 DATUK:1 SERI:1 BERKATA:1 DENGAN:2 SEDANG:1 MENJALANI:1 KUARANTIN:1 WAJIB:1 MASING:2 TELAH:3 HOSPITAL:2 UNTUK:1 RAWATAN:1 SEMALAM:1 PULA:1 RAKYAT:1 PULANG:1 TANAH:1 AIR:2 MELALUI:2 JEPUN:1 HANYA:1 SEORANG:1 SATU:1 KENYATAAN:1 SINI:1 HARI:1 INI:1 TIDAK:1 MAHU:1 TERLEPAS:1 KAMI:2 ORANG:2 ASLI:2 MAUT:4 HARIMAU:2 SELAMAT:2 INGAT:2 KALAU:2 DAH:2 TINGGAL:2 JANGAN:2 MINUM:2 HARGA:2 NAIK:2 SEN:4 VIDEO:1 RAMAI:1 PERCAYA:1 BOLEH:1 IKUT:1 TEROWONG:1 MOTOSIKAL:2 LANGGAR:2 DUA:4 MURID:2 DEPAN:2 SEKOLAH:2 PELAJAR:3 WANG:2 MANGSA:2 KAKI:2 BENDA:2 TAJAM:2 BELUM:1 SEMPAT:1 TANGAN:1 MENANTU:1 MEREKA:1 DUDUK:1 BERITA:1 TIADA:1 SURAT:1 RASMI:1 TUGAS:1 MINTA:1 KERJA:1 SEPERTI:1 BIASA:1 TIGA:1 WARGA:1 ASING:1 KES:1 BUNUH:1 TERMA:1 POLISI:1 SENARAI:1 KEDAI:1 AKHBAR:1 HAK:1 CIPTA:1 MULIA:1
https://www.kosmo.com.my/2020/07/18/lelaki-oku-cemas-ditinggalkan-lebih-12-jam-di-ladang/	LELAKI:6 CEMAS:3 LEBIH:4 JAM:4 ONLINE:3 MASUK:3 LANGGAN:3 TERKINI:5 NEGARA:5 ANALISIS:4 SEMASA:4 KATA:8 SAYA:5 KOMUNITI:4 AHAD:4 DUNIA:4 SUKAN:4 HALAL:4 NIAGA:4 SOKONG:4 KAMPUS:4 WANITA:6 RASA:5 PASUKAN:3 MENCARI:4 DAN:10 BERJAYA:2 MENEMUI:2 MANGSA:10 DALAM:3 KEADAAN:3 LEMAH:3 SEBELUM:1 KELUAR:3 SELEPAS:4 DIA:1 KAWASAN:2 JALAN:5 LOJI:2 AIR:3 BUKIT:2 SEMALAM:2 OLEH:3 SEORANG:3 ORANG:2 KELAINAN:1 DETIK:2 APABILA:1 HILANG:1 SELAMA:1 SINI:2 LEGA:1 KIRA:2 PADA:3 PUKUL:3 MALAM:1 KETUA:1 POLIS:3 DAERAH:1 BERKATA:1 OPERASI:2 YANG:5 TANGAN:3 KANAN:1 ITU:2 SEGERA:1 MENERIMA:1 DARIPADA:2 TAHUN:1 MAKLUMAT:2 AWAL:2 TERIMA:1 DARI:3 KAMPUNG:1 PAGI:3 DENGAN:2 PACUAN:1 EMPAT:1 RODA:1 TUJUAN:1 UNTUK:3 MINUM:2 MINUMAN:1 KERAS:1 KENDERAAN:1 MEREKA:2 AKIBAT:1 LICIN:1 KERANA:2 HUJAN:1 LEBAT:1 KETIKA:1 SEBENTAR:1 TADI:2 TAMBAH:1 LIMA:1 UTAMA:1 MEMINTA:1 DITERIMA:1 TERSEBUT:1 TIDAK:4 MAKAN:1 SEJAK:1 TURUN:1 HOSPITAL:1 RAWATAN:1 LANJUT:1 ENAM:1 PEGAWAI:1 ANGGOTA:1 DIRAJA:1 JABATAN:1 BOMBA:1 ANGKATAN:1 PERTAHANAN:1 AWAM:1 TAMAT:1 SESAT:2 MAHU:1 TERLEPAS:1 KAMI:3 ASLI:1 MAUT:3 HARIMAU:1 SELAMAT:1 INGAT:1 KALAU:1 DAH:1 TINGGAL:1 JANGAN:1 HARGA:1 NAIK:1 SEN:2 VIDEO:1 RAMAI:1 PERCAYA:1 BOLEH:1 IKUT:1 TEROWONG:1 MOTOSIKAL:1 LANGGAR:1 DUA:2 MURID:1 DEPAN:1 SEKOLAH:1 PELAJAR:1 WANG:1 KAKI:3 BENDA:2 TAJAM:2 BELUM:2 SEMPAT:1 MENANTU:1 DUDUK:1 BERITA:1 MAJORITI:1 CAPAI:1 SASARAN:1 PERATUS:1 PEKERJA:1 TAPIR:1 TEPI:1 KASIH:1 ADIK:2 ABANG:1 SAKIT:1 TIGA:1 DEMI:1 KEJAR:2 ILMU:1 TANPA:1 JAGA:1 SEPERTI:1 TERMA:1 POLISI:1 SENARAI:1 KEDAI:1 AKHBAR:1 HAK:1 CIPTA:1 MULIA:1
https://www.kosmo.com.my/2020/07/10/gagal-letak-tanda-harga-tiga-peniaga-dikompaun-serta-merta/	GAGAL:6 LETAK:2 TANDA:7 HARGA:13 TIGA:5 SERTA:4 ONLINE:2 MASUK:3 LANGGAN:3 TERKINI:5 NEGARA:5 ANALISIS:4 SEMASA:4 KATA:8 SAYA:5 KOMUNITI:4 AHAD:4 DUNIA:4 SUKAN:4 HALAL:4 NIAGA:4 SOKONG:4 KAMPUS:4 WANITA:5 RASA:5 ANGGOTA:2 KUASA:3 MELAKUKAN:1 SUBANG:2 JAYA:2 OLEH:4 KUALA:1 LUMPUR:1 KERANA:3 PADA:4 KAWALAN:3 MEREKA:3 DALAM:2 SATU:1 OPERASI:2 DAN:6 ALAM:1 DEKAT:1 SINI:2 KELMARIN:1 NEGERI:1 HAL:1 PENGGUNA:2 KIRA:2 PUKUL:1 TENGAH:1 HARI:1 KETUA:1 PEGAWAI:2 BERKATA:2 HASIL:1 LEBIH:1 ITU:2 TELAH:4 YANG:10 ANTARA:1 TIDAK:3 ADALAH:3 GULA:2 GAS:3 CECAIR:1 ATAU:1 MEMASAK:2 MERUPAKAN:1 KERAJAAN:2 KITA:1 KHUATIR:1 MENJUAL:1 INI:2 TERSEBUT:1 TINDAKAN:2 SEBANYAK:1 KEPADA:4 SETIAP:1 AKTA:1 IAITU:1 KETIKA:1 SEMALAM:1 LANJUT:1 BAGI:1 PUTIH:1 KASAR:1 MANAKALA:1 INGIN:1 SEMUA:2 AGAR:1 MEMATUHI:1 TEGAS:1 AKAN:1 MELETAKKAN:1 UNTUK:1 SEBARANG:1 SALAH:1 LAKU:1 MELALUI:1 SALURAN:1 PIHAK:1 JELAS:1 BELIAU:1 DENDA:2 MAHU:1 TERLEPAS:1 KAMI:2 ORANG:1 ASLI:1 MAUT:2 HARIMAU:1 SELAMAT:1 INGAT:1 KALAU:1 DAH:1 TINGGAL:1 JANGAN:1 MINUM:1 NAIK:1 SEN:2 VIDEO:2 RAMAI:2 PERCAYA:1 BOLEH:1 IKUT:1 TEROWONG:1 MOTOSIKAL:1 LANGGAR:1 DUA:2 MURID:2 DEPAN:1 SEKOLAH:1 PELAJAR:1 WANG:1 MANGSA:1 KAKI:1 BENDA:1 TAJAM:1 BELUM:1 SEMPAT:1 AIR:1 TANGAN:1 MENANTU:1 DUDUK:1 BERITA:1 BEKAS:2 GURU:1 TENDANG:1 MUKA:1 KESAN:1 JUTA:1 LIBAT:1 DAFTAR:1 PERUSAHAAN:1 PEKERJA:1 HARAP:1 MAHKAMAH:1 ISU:1 ASET:1 PAKAR:1 KECANTIKAN:1 PANDU:1 BAWAH:1 PENGARUH:1 ALKOHOL:1 BANK:1 KALI:1 RIBUT:1 KUAT:1 TERBALIK:1 KHEMAH:1 BETUL:2 TAK:1 SANGKA:1 SANGGUP:1 TERMA:1 POLISI:1 SENARAI:1 KEDAI:1 AKHBAR:1 HAK:1 CIPTA:1 MULIA:1
https://www.kosmo.com.my/2020/07/10/6-termasuk-doktor-patologi-dihukum-gantung-sampai-mati-bunuh-kevin-morais/	TERMASUK:2 DOKTOR:3 GANTUNG:4 SAMPAI:3 MATI:4 BUNUH:4 ONLINE:2 MASUK:3 LANGGAN:3 TERKINI:5 NEGARA:5 ANALISIS:4 SEMASA:4 KATA:8 SAYA:4 KOMUNITI:4 AHAD:4 DUNIA:4 SUKAN:4 HALAL:4 NIAGA:4 SOKONG:4 KAMPUS:4 WANITA:4 RASA:4 DATUK:5 KIRI:1 BERSAMA:2 SALAH:1 PEGUAM:3 MAHKAMAH:5 TINGGI:3 KUALA:2 LUMPUR:2 OLEH:2 DAN:7 SEORANG:1 LIMA:2 LELAKI:2 SINI:2 SEMALAM:1 SELEPAS:4 BERSALAH:1 MEMBUNUH:2 RAYA:3 TAHUN:2 LALU:1 HAKIM:1 MEMBUAT:1 KEPUTUSAN:1 ITU:2 PIHAK:1 BERJAYA:1 KES:1 TERHADAP:1 KEENAM:1 ENAM:1 TERTUDUH:6 MEREKA:1 ADALAH:1 PAKAR:2 PERTAMA:1 PEMBERI:1 PINJAMAN:1 WANG:1 EMPAT:1 SEMUA:1 KETIKA:1 DALAM:1 PERJALANAN:1 DARI:1 JALAN:2 NOMBOR:1 SUBANG:1 JAYA:1 ANTARA:1 PUKUL:1 PAGI:1 HINGGA:1 MALAM:1 PADA:2 DIBUAT:1 SEKSYEN:2 KANUN:2 SAMA:1 YANG:1 JIKA:1 KESALAHAN:1 SEMENTARA:1 WEI:1 TIDAK:1 MAHU:1 TERLEPAS:1 KAMI:2 IDENTITI:1 MAYAT:1 TAYAR:1 DEKAT:1 MASIH:1 UPAH:1 MELANCONG:1 BAWA:1 GANJA:1 KERAJAAN:1 PUSAT:1 TAK:2 BOLEH:1 CAMPUR:1 NEGERI:2 BARANG:1 LEBIH:1 TEROKA:1 PELABURAN:1 STRATEGIK:1 ORANG:2 SEMBILAN:1 CARI:1 BUKAN:1 KENCING:1 TAPI:1 PELUH:1 WALAU:1 NAMPAK:1 SIHAT:1 TIBA:2 BERITA:1 BEKAS:1 GURU:1 TENDANG:1 MUKA:1 MURID:1 PENGERUSI:1 HADIR:1 TANGKAP:1 NIKAH:1 GADIS:1 ABANG:1 IPAR:1 SENYUM:1 TUNJUK:1 JURURAWAT:1 RAKAN:1 LEPAS:1 DAPAT:1 TUHAN:1 HARAP:1 ISU:1 ASET:1 KECANTIKAN:1 PANDU:1 BAWAH:1 PENGARUH:1 ALKOHOL:1 DENDA:1 PEKERJA:1 GUNA:1 KAD:1 LAIN:1 TERMA:1 POLISI:1 SENARAI:1 KEDAI:1 AKHBAR:1 HAK:1 CIPTA:1 MULIA:1
